type	subtype	lemma	stem	stem2	plain	pref	suf	cited	status	evidence	flags	gloss	source	id	orig	hint
class_suffix	xa	аᴴгьихаб	аᴴгьиха		аᴴгьихаб		б	аᴴгьихаб	attested	shape		слышимый	AA2019	35338	а́ᴴгьихаб	
class_suffix	a	аᴴгьихичIаб	аᴴгьихичIа		аᴴгьихичIаб		б	аᴴгьихичIаб	attested	shape		неслышный	AA2019	35341	аᴴгьихичIа́б	
class_suffix	a	аᴴгьичIаб	аᴴгьичIа		аᴴгьичIаб		б	аᴴгьичIа=б	attested	notation		неслыханный	AA2019	35343	аᴴгьичIа́=б	
class_suffix	a	абадийаб	абадийа		абадийаб		б	абадийа=б	attested	notation		вечный	AA2019	35353	абади́йа=б	
class_suffix	a	аваданаб	авадана		аваданаб		б	авадана/б	attested	notation		веселый	SA2012	35373	авада́на/б	
class_suffix	a	аваданаб	авадана		аваданаб		б	аваданаб	attested	shape		просторный	AA2019	35374	авада́наб	
no_class	lli	адаб-хъатирлълъи	адаб-хъатирлълъи		адаб-хъатирлълъи			адаб-хъатирлълъи	attested	shape		уважительный	AA2019	35457	ада́б-хъати́рлълъи	
no_class	lli	адаб-хъатирлълъи	адаб-хъатирлълъи		адаб-хъатирлълъи			адаб-хъатирлълъи	attested	shape		галантный	AA2019	35458	ада́б-хъати́рлълъи	
no_class	lli	адаб-хъулухълълъи	адаб-хъулухълълъи		адаб-хъулухълълъи			адаб-хъулухълълъи	attested	shape		уважительный	AA2019	35460	ада́б-хъулу́хълълъи	
no_class	lli	адаблълъи	адаблълъи		адаблълъи			адаблълъи	attested	shape		уважительный	AA2019	35462	ада́блълъи	
no_class	lli	адаблълъи	адаблълъи		адаблълъи			адаблълъи	attested	shape		вежливый	SA2012	35464	ада́блълъи	
class_suffix	u	адамалубццуб	адамалубццу		адамалубццуб		б	адамалубццуб	attested	shape		такой, как у людей	AA2019	35486	адамалу́бццуб	
class_suffix	u	адамалудиццуб	адамалудиццу		адамалудиццуб		б	адамалудиццуб	attested	shape		по-людски	AA2019	35487	адамалу́диццуб	
class_suffix	u	адамццуб	адамццу		адамццуб		б	адамццуб	attested	shape		человекообразный	AA2019	35492	ада́мццуб	
class_suffix	a	азалийаб	азалийа		азалийаб		б	азалийаб	attested	shape		вечный	SA2012	35529	азали́йаб	
class_suffix	xa	алащухахаб	алащухаха		алащухахоб		б	алащухахоб	attested	shape		обращенный к богу	AA2019	35584	ала́щухахоб	
class_suffix	a	амдихъаб	амдихъа		амдихъаб		б	амдихъаб	attested	shape		см. гъамдиха́б	SA2012	35633	а́мдихъаб	
no_class	lli	америкалъи	америкалъи		америкалъи			америкалъи	attested	shape		американский	AA2019	35634	америка́лъи	
class_suffix	a	американаб	американа		американав		в	американав	attested	hint		американец	AA2019	35635	америка́нав	-ай, -ал
class_suffix	a	андачIаб	андачIа		андачIаб		б	андачIаб	attested	shape		см. гъамдихичIа́б	SA2012	35649	андачIаб	
no_class	plain	анзигъу	анзигъу		анзигъу			анзигъу	attested	shape		белоснежный	SA2012	35663	а́нзигъу	
class_suffix	a	анищаб	анища		анищаб		б	анища=б	attested	notation		желанный	AA2019	35668	ани́ща=б	
no_class	plain	анищлIи	анищлIи		анищлIи			анищлIи	attested	shape		желающий	AA2019	35669	ани́щлIи	
no_class	plain	ансса	ансса		ансса			ансса	attested	shape		теплый	AA2019	35686	а́нсса	
no_class	plain	ансса	ансса		ансса			ансса	attested	shape		теплый	SA2012	35688	а́нсса	
class_suffix	xa	анссайхаб	анссайха		анссайхаб		б	анссайха=б	attested	notation		нагревательный	AA2019	35693	ансса́йха́=б	
class_suffix	a	антаб	анта		антаб		б	анта=б	attested	notation		вздорный	AA2019	35706	а́нта=б	
class_suffix	a	анхваб	анхва		анхваб		б	анхваб	attested	shape		кипяченый	AA2019	35717	анхва́б	
class_suffix	a	анхваб	анхва		анхваб		б	анхваб	attested	shape		вскипевший	SA2012	35719	анхва́б	
class_suffix	a	анхвамалаб	анхвамала		анхвамалаб		б	анхвамалаб	attested	shape		кипяченый	SA2012	35726	анхва́малаб	
class_suffix	xa	анхвахаб	анхваха		анхвахоб		б	анхвахоб	attested	shape		кипящий	AA2019	35733	анхвахо́б	
class_suffix	xa	анхвахаб	анхваха		анхвахоб		б	анхвахоб	attested	shape		жаркий	SA2012	35737	анхвахо́б	
no_class	plain	аржа	аржа		аржа			аржа	attested	shape		мокрый	AA2019	35808	а́ржа	
no_class	plain	аржа	аржа		аржа			аржа	attested	shape		мокро	AA2019	35810	а́ржа	
no_class	plain	аржа	аржа		аржа			аржа	attested	shape		мокрый	SA2012	35812	а́ржа	
class_suffix	a	аржаб	аржа		аржаб		б	аржа/б	attested	notation		промокший	SA2012	35814	а́ржа/б	
class_suffix	a	аркъваб	аркъва		аркъваб		б	аркъваб	attested	shape		крытый	AA2019	35829	аркъва́б	
class_suffix	a	аркъуйчIаб	аркъуйчIа		аркъуйчIаб		б	аркъуйчIаб	attested	shape		непокрытый	AA2019	35833	а́ркъуйчIаб	
no_class	lli	арсилъи	арсилъи		арсилъи			арсилъи	attested	shape		денежный	AA2019	35863	а́рсилъи	
no_class	lli	арсилъи	арсилъи		арсилъи			арсилъи	attested	shape		серебряный	AA2019	35864	а́рсилъи	
no_class	lli	арсилъи	арсилъи		арсилъи			арсилъи	attested	shape		серебристый	AA2019	35865	а́рсилъи	
class_suffix	u	арсихиссуб	арсихиссу		арсихиссуб		б	арсихиссуб	attested	shape		платный	AA2019	35866	арсихи́ссуб	
class_suffix	u	аруссуб	аруссу		аруссуб		б	аруссу/б	attested	notation		здешний	SA2012	35886	ару́ссу/б	
class_suffix	u	аруссуб	аруссу		аруссуб		б	аруссу=б	attested	notation		здешний	AA2019	35887	аруссу́=б	
class_suffix	a	арххащаб	арххаща		арххащаб		б	арххащаб	attested	shape		плетеный	AA2019	35888	арххаща́б	
class_suffix	xa	арххащихаб	арххащиха		арххащихаб		б	арххащихаб	attested	shape		годный для вязанья	AA2019	35893	арххащиха́б	
class_suffix	xa	асарайхаб	асарайха		асарайхаб		б	асарайха=б	attested	notation		уменьшительный	AA2019	35940	асара́йха=б	
class_suffix	a	асаргъаб	асаргъа		асаргъаб		б	асаргъаб	attested	hint		меньшинство	AA2019	35941	аса́ргъаб	-ал
class_suffix	xa	асасар-биккухаб	асасар-биккуха		асасар-биккухоб		б	асасар-биккухоб	attested	shape		постепенный	AA2019	35956	асаса́р-биккухо́б	
class_suffix	a	асатинаб	асатина		асатинав		в	асатинав	attested	shape		осетин	SA2012	35958	асати́нав	
cited_only	f_cited	асатинай	асатинай		асатинай			асатинай	attested	shape		осетинка	SA2012	35959	асати́най	
cited_only	plural_cited	асатинал	асатинал		асатинал			асатинал	attested	shape		осетины	SA2012	35960	асати́нал	
class_suffix	a	аси-макъаб	аси-макъа		аси-макъаб		б	аси-макъаб	attested	shape		малый	AA2019	35966	а́си-макъа́б	
class_suffix	a	аслийаб	аслийа		аслийаб		б	аслийа/б	attested	notation		основной	SA2012	35975	асли́йа/б	
class_suffix	a	аслийаб	аслийа		аслийаб		б	аслийаб	attested	shape		основной	AA2019	35976	асли́йаб	
class_suffix	a	ахIмакъаб	ахIмакъа		ахIмакъаб		б	ахIмакъа/б	attested	notation		глупый	SA2012	36009	ахIма́къа/б	
class_suffix	a	ахIмакъаб	ахIмакъа		ахIмакъав		в	ахIмакъав	attested	shape		тупой	AA2019	36010	ахIма́къав	
class_suffix	u	ахакьуссуссуб	ахакьуссуссу		ахакьуссуссуб		б	ахакьуссуссуб	attested	shape		утренний	SA2012	36020	ахакьуссуссу́б	
class_suffix	u	ахакьуссуссуб	ахакьуссуссу		ахакьуссуссуб		б	ахакьуссуссуб	attested	shape		утренний	AA2019	36021	ахакьу́ссуссуб	
class_suffix	a	ахирийаб	ахирийа		ахирийаб		б	ахирийа/б	attested	notation		последний	SA2012	36054	ахири́йа/б	
class_suffix	a	ахирийаб	ахирийа		ахирийаб		б	ахирийаб	attested	shape		последний	AA2019	36055	ахири́йаб	
class_suffix	a	ахирийаб	ахирийа		ахирийаб		б	ахирийаб	attested	shape		предельный	AA2019	36056	ахири́йаб	
no_class	lli	ахьвалъи	ахьвалъи		ахьвалъи			ахьвалъи	attested	shape		ахвахский	AA2019	36077	ахьва́лъи	
no_class	lli	ахьвалъи	ахьвалъи		ахьвалъи			ахьвалъи	attested	shape		ахвахец	AA2019	36078	ахьва́лъи	
class_suffix	u	ацтавкалъиссуб	ацтавкалъиссу		ацтавкалъиссу		в	ацтавкалъиссу	attested	shape		отставной	AA2019	36081	ацта́вкалъиссу	
class_suffix	xa	ачвайхаб	ачвайха		ачвайхаб		б	ачвайхаб	attested	shape		озеленительный	AA2019	36094	ачвайха́б	
class_suffix	xa	ачихаб	ачиха		ачихаб		б	ачихаб	attested	shape		всхожий	AA2019	36104	ачиха́б	
no_class	plain	ачу	ачу		ачу			ачу	attested	shape		зеленый	AA2019	36107	а́чу	
no_class	plain	ачу	ачу		ачу			ачу	attested	shape		зеленый	SA2012	36109	а́чу	
mwe					ачуда букIихаб				attested	space		вечнозеленый	AA2019	36112	а́чуда букIиха́б	
redup					бакъа-бакъаб				attested	notation	several class markers	что попало	SA2012	36149	б/акъа́-б/акъа́/б	
redup					бакъа-бакъаб				attested	notation	several class markers	см. бакъаб	SA2012	36151	б/акъа́-б/акъа́/б	
redup					бакъа-бакъаб				attested	notation	several class markers	всякие	SA2012	36153	б/акъа́-б/акъа́/б	
class_prefix_suffix	u	бакьилълъассуб	акьилълъассу		бакьилълъассуб	б	б	акьилълъассуб	attested	shape	two slashes read as prefix	срединный	SA2012	36167	б/акьи́лълъассу/б	
class_prefix_suffix	u	бакьуссуб	акьуссу		бакьуссуб	б	б	акьуссуб	attested	shape	two slashes read as prefix	общий	SA2012	36173	б/а́кьуссу/б	
class_prefix_suffix	u	бакьуссуб	акьуссу		бакьуссуб	б	б	акьуссуб	attested	shape	two slashes read as prefix	средний	SA2012	36174	б/а́кьуссу/б	
class_prefix_suffix	u	бакьуссуб	акьуссу		бакьуссуб	б	б	акьуссуб	attested	shape	two slashes read as prefix	вложенный во что-то	SA2012	36175	б/а́кьуссу/б	
class_prefix		балълъина	алълъина		балълъина	б		балълъина	attested	notation		сходный	SA2012	36178	б/алълъи́на	
class_prefix		бахара	ахара		бахара	б		бахара	attested	notation		старый	SA2012	36202	б/аха́ра	
class_prefix		бахара	ахара		бахара	б		бахара	attested	notation		перезрелый	SA2012	36203	б/аха́ра	
class_prefix_suffix	a	бачIамалаб	ачIамала		бачIамалаб	б	б	ачIамалаб	attested	shape		начатый	SA2012	36237	б/ачIа́малаб	
class_prefix_suffix	a	бачIамалаб	ачIамала		бачIамалаб	б	б	ачIамалаб	attested	shape		початый	SA2012	36239	б/ачIа́малаб	
class_prefix_suffix	a	баъаб	аъа		баъаб	б	б	аъаб	attested	shape	two slashes read as prefix	прочитанный	SA2012	36246	б/аъа́/б	
class_prefix_suffix	xa	бегъихаб	егъиха		бегъихаб	б	б	егъихаб	attested	shape	two slashes read as prefix	явный	SA2012	36258	б/егъи́х/аб	
class_prefix_suffix	xa	бегъихаб	егъиха		бегъихаб	б	б	егъихаб	attested	shape	two slashes read as prefix	знакомый	SA2012	36259	б/егъи́х/аб	
class_prefix_suffix	a	бегъихичIаб	егъихичIа		бегъихичIаб	б	б	егъихичIаб	attested	shape	two slashes read as prefix	незнакомый	SA2012	36260	б/егъихичIа́/б	
class_prefix_suffix	a	бекъваб	екъва		бекъваб	б	б	екъваб	attested	shape		сухой	SA2012	36267	б/екъва́б	
class_prefix		бекъвалъи	екъвалъи		бекъвалъи	б		бекъвалъи	attested	notation		густой	SA2012	36268	б/е́къвалъи	
class_prefix		бекъвалъи	екъвалъи		бекъвалъи	б		бекъвалъи	attested	notation		худой	SA2012	36270	б/е́къвалъи	
class_prefix_suffix	xa	беращихаб	еращиха		беращихаб	б	б	еращихаб	attested	shape		оберточный	SA2012	36309	б/еращиха́б	
class_prefix_suffix	xa	беращихаб	еращиха		беращихаб	б	б	еращихаб	attested	shape		вьющийся	SA2012	36310	б/еращиха́б	
class_prefix_suffix	a	бехутIу-гъвандаб	ехутIу-гъванда		бехутIу-гъвандаб	б	б	ехутIу-гъвандаб	attested	shape		позади	SA2012	36327	б/еху́тIу-гъванда́б	
class_prefix_suffix	u	бехутIуссуб	ехутIуссу		бехутIуссуб	б	б	ехутIуссуб	attested	shape	two slashes read as prefix	следующий	SA2012	36329	б/ехутIу́ссу/б	
class_prefix_suffix	a	беххваб	еххва		беххваб	б	б	еххваб	attested	shape	two slashes read as prefix	остальное	SA2012	36333	б/еххва́/б	
class_prefix		беххила	еххила		беххила	б		беххила	attested	notation		длинный	SA2012	36338	б/еххи́ла	
class_prefix		беххила	еххила		беххила	б		беххила	attested	notation		высокий	SA2012	36339	б/еххи́ла	
class_prefix		беххила	еххила		беххила	б		беххила	attested	notation		долгий	SA2012	36340	б/еххи́ла	
class_prefix_suffix	u	бехъутIуссуб	ехъутIуссу		бехъутIуссуб	б	б	ехъутIуссуб	attested	shape	two slashes read as prefix	окрестный	SA2012	36352	б/ехъутIу́ссу/б	
class_prefix_suffix	u	бехъутIуссуб	ехъутIуссу		бехъутIуссуб	б	б	ехъутIуссуб	attested	shape	two slashes read as prefix	вокруг	SA2012	36353	б/ехъутIу́ссу/б	
class_prefix_suffix	a	беццатаб	еццата		беццатаб	б	б	еццатаб	attested	shape	two slashes read as prefix	хваленый	SA2012	36354	б/е́ццат/аб	
class_prefix		бечIер	ечIер		бечIер	б		бечIер	attested	notation	two slashes read as prefix	черный	SA2012	36359	б/ечI/е́р	
class_prefix		бечIер	ечIер		бечIер	б		бечIер	attested	notation	two slashes read as prefix	темный	SA2012	36360	б/ечI/е́р	
class_prefix		бечIер	ечIер		бечIер	б		бечIер	attested	notation	two slashes read as prefix	траур	SA2012	36361	б/ечI/е́р	
class_prefix		бечIуха	ечIуха		бечIуха	б		бечIуха	attested	notation		большой	SA2012	36378	б/ечIу́ха	
class_prefix		бечIуха	ечIуха		бечIуха	б		бечIуха	attested	notation		главный	SA2012	36380	б/ечIу́ха	
class_prefix		бечIуха	ечIуха		бечIуха	б		бечIуха	attested	notation		старший	SA2012	36382	б/ечIу́ха	
class_prefix		бечIуха	ечIуха		бечIуха	б		бечIуха	attested	notation		человек с гонором	SA2012	36384	б/ечIу́ха	
class_prefix		бечекIи	ечекIи		бечекIи	б		бечекIи	attested	notation		короткий	SA2012	36386	б/ече́кIи	
class_prefix		бечекIи	ечекIи		бечекIи	б		бечекIи	attested	notation		низкорослый	SA2012	36387	б/ече́кIи	
class_prefix		беэра	еэра		беэра	б		беэра	attested	notation		тонкий	SA2012	36422	б/еэ́ра	
class_prefix_suffix	a	бижаб	ижа		бижаб	б	б	ижаб	attested	shape	two slashes read as prefix	выросший	SA2012	36427	б/ижа́/б	
class_prefix_suffix	xa	бижихаб	ижиха		бижихаб	б	б	ижихаб	attested	shape	two slashes read as prefix	растущий	SA2012	36428	б/и́жиха/б	
class_prefix_suffix	a	бичIаб	ичIа		бичIаб	б	б	ичIаб	attested	shape	two slashes read as prefix	испорченный	SA2012	36471	б/ичIа́/б	
class_prefix_suffix	a	бичIаб	ичIа		бичIаб	б	б	ичIаб	attested	shape	two slashes read as prefix	ветхий	SA2012	36473	б/ичIа́/б	
class_prefix_suffix	a	бичIаб	ичIа		бичIаб	б	б	ичIаб	attested	shape	two slashes read as prefix	никудышний	SA2012	36475	б/ичIа́/б	
class_prefix_suffix	a	бичIаб	ичIа		бичIаб	б	б	ичIаб	attested	shape	two slashes read as prefix	растраченный	SA2012	36477	б/ичIа́/б	
class_prefix_suffix	a	бичIаб	ичIа		бичIаб	б	б	ичIаб	attested	shape	two slashes read as prefix	см. биа́б	SA2012	36479	б/ичIа́/б	
class_prefix		биши	иши		биши	б		биши	attested	notation		толстый	SA2012	36512	б/и́ши	
class_prefix		биши	иши		биши	б		биши	attested	notation		тучный	SA2012	36513	б/и́ши	
class_prefix_suffix	a	биъичIаб	иъичIа		биъичIаб	б	б	иъичIаб	attested	shape	two slashes read as prefix	не мертвый	SA2012	36522	б/иъичIа́/б	
class_prefix_suffix	a	букIа-букIичIаб	укIа-букIичIа		букIа-букIичIаб	б	б	укIа-букIичIаб	attested	shape	two slashes read as prefix	быль и небылицы	SA2012	36542	б/у́кIа-б/укIичIа́б	
class_prefix_suffix	a	букIаб	укIа		букIаб	б	б	укIаб	attested	shape	two slashes read as prefix	бывшее	SA2012	36543	б/укIа́/б	
class_prefix_suffix	a	букIаб	укIа		букIаб	б	б	укIаб	attested	shape	two slashes read as prefix	вставленный	SA2012	36545	б/укIа́/б	
class_prefix_suffix	xa	букIихаб	укIиха		букIихоб	б	б	укIихоб	attested	shape		будущий	SA2012	36551	б/укIихо́б	
class_prefix_suffix	xa	букIихаб	укIиха		букIихоб	б	б	укIихоб	attested	shape		о том, что будет	SA2012	36552	б/укIихо́б	
class_prefix_suffix	a	багъаргъаб	агъаргъа		багъаргъаб	б	б	агъаргъ=аб	attested	notation		мутный	AA2019	36591	б=агъаргъ=а́б	
class_prefix_suffix	a	багъаргъаб	агъаргъа		багъаргъаб	б	б	агъаргъ=аб	attested	notation		взволнованное	AA2019	36592	б=агъаргъ=а́б	
class_prefix_suffix	xa	багъаргъайхаб	агъаргъайха		багъаргъайхаб	б	б	агъаргъайх=аб	attested	notation		растворяющий	AA2019	36605	б=агъаргъа́йх=аб	
class_prefix_suffix	xa	багъаргъихаб	агъаргъиха		багъаргъихаб	б	б	агъаргъих=аб	attested	notation		часто волнущийся	AA2019	36615	б=агъа́ргъих=аб	
class_prefix_suffix	xa	багъаргъихаб	агъаргъиха		багъаргъихаб	б	б	агъаргъих=аб	attested	notation		возбудимый	AA2019	36616	б=агъа́ргъих=аб	
class_prefix_suffix	xa	багьихаб	агьиха		багьихаб	б	б	агьиха=б	attested	notation		кажущийся	AA2019	36631	б=агьиха́=б	
class_prefix_suffix	xa	багьихаб	агьиха		багьихаб	б	б	агьиха=б	attested	notation		острый	AA2019	36632	б=агьиха́=б	
class_prefix_suffix	a	бакъаб	акъа		бакъаб	б	б	акъа=б	attested	notation		соответствующий	AA2019	36633	б=акъа́=б	
class_prefix_suffix	a	бакъаб	акъа		бакъаб	б	б	акъа=б	attested	notation		прирученный	AA2019	36634	б=акъа́=б	
class_prefix_suffix	a	бакъаб	акъа		бакъаб	б	б	акъа=б	attested	notation		произвольный	AA2019	36635	б=акъа́=б	
class_prefix_suffix	a	бакъаймалаб	акъаймала		бакъаймалаб	б	б	акъаймала=б	attested	notation		вставной	AA2019	36639	б=акъа́ймала=б	
class_prefix_suffix	xa	бакъихаб	акъиха		бакъихаб	б	б	акъиха=б	attested	notation		приемлемый	AA2019	36647	б=акъиха́=б	
class_prefix_suffix	u	бакьадахиссуб	акьадахиссу		бакьадахиссуб	б	б	акьадахиссу=б	attested	notation		средний	AA2019	36648	б=акьада́хиссу=б	
class_prefix_suffix	u	бакьадахиссуб	акьадахиссу		бакьадахиссуб	б	б	акьадахиссу=б	attested	notation		посредственный	AA2019	36649	б=акьада́хиссу=б	
class_prefix_suffix	u	бакьадахиссуб	акьадахиссу		бакьадахиссуб	б	б	акьадахиссу=б	attested	notation		непосредственный	AA2019	36650	б=акьада́хиссу=б	
class_prefix		балълъина	алълъина		балълъина	б		балълъина	attested	notation		похожий	AA2019	36651	б=алълъи́на	
class_prefix		балълъина	алълъина		балълъина	б		балълъина	attested	notation		наподобие	AA2019	36652	б=алълъи́на	
class_prefix_suffix	xa	балълъинайхаб	алълъинайха		балълъинайхоб	б	б	алълъинайхо=б	attested	notation	o-stem read as a-stem	подражательный	AA2019	36658	б=алълъина́йхо=б	
class_prefix_suffix	xa	балълъинатахаб	алълъинатаха		балълъинатахоб	б	б	алълъинатахо=б	attested	notation	o-stem read as a-stem	подражательный	AA2019	36659	б=алълъина́тахо=б	
class_prefix_suffix	u	балълъинаццуб	алълъинаццу		балълъинаццуб	б	б	алълъинаццу=б	attested	notation		кажущийся подобным	AA2019	36660	б=алълъинаццу́=б	
class_prefix_suffix	a	балълъинихичIаб	алълъинихичIа		балълъинихичIаб	б	б	алълъинихичIаб	attested	shape		несравнимый	AA2019	36663	б=алълъинихичIаб	
class_prefix_suffix	a	балълъиничIаб	алълъиничIа		балълъиничIаб	б	б	алълъиничIаб	attested	shape		бесподобный	AA2019	36664	б=алълъиничIа́б	
class_prefix_suffix	a	баращаб	араща		баращаб	б	б	араща=б	attested	notation		завернутый	AA2019	36669	б=араща́=б	
class_prefix_suffix	xa	баращихаб	аращиха		баращихаб	б	б	аращиха=б	attested	notation		мотальный	AA2019	36674	б=аращиха́=б	
class_prefix_suffix	xa	баращихаб	аращиха		баращихаб	б	б	аращиха=б	attested	notation		оберточный	AA2019	36675	б=аращиха́=б	
class_prefix_suffix	a	бачIаб	ачIа		бачIаб	б	б	ачIа=б	attested	notation		избранный	AA2019	36676	б=ачIа́=б	
class_prefix_suffix	xa	бегъихаб	егъиха		бегъихаб	б	б	егъиха=б	attested	notation		знакомый	AA2019	36690	б=егъиха́=б	-о, -ай, -ал
class_prefix_suffix	xa	бегъихаб	егъиха		бегъихаб	б	б	егъиха=б	attested	notation		осязательный	AA2019	36691	б=егъиха́=б	-о, -ай, -ал
class_prefix_suffix	xa	бегъихаб	егъиха		бегъихаб	б	б	егъиха=б	attested	notation		опознавательный	AA2019	36692	б=егъиха́=б	-о, -ай, -ал
class_prefix_suffix	xa	бегъихаб	егъиха		бегъихаб	б	б	егъиха=б	attested	notation		осведомленный	AA2019	36693	б=егъиха́=б	-о, -ай, -ал
class_prefix_suffix	xa	бегъихаб	егъиха		бегъихаб	б	б	егъиха=б	attested	notation		ощутимый	AA2019	36694	б=егъиха́=б	-о, -ай, -ал
class_prefix_suffix	a	бегъичIаб	егъичIа		бегъичIаб	б	б	егъичIа=б	attested	notation		внезапный	AA2019	36698	б=егъичIа́=б	
class_prefix_suffix	a	бегъичIаб	егъичIа		бегъичIаб	б	б	егъичIа=б	attested	notation		машинальный	AA2019	36699	б=егъичIа́=б	
class_prefix_suffix	u	бекьарадуссуб	екьарадуссу		бекьарадуссуб	б	б	екьарадуссу=б	attested	notation		ближайший	AA2019	36708	б=екьарадуссу=б	
class_prefix_suffix	u	бекьаруссуб	екьаруссу		бекьаруссуб	б	б	екьаруссу=б	attested	notation		близкий	AA2019	36709	б=екьару́ссу=б	
class_prefix_suffix	u	бекьаруссуб	екьаруссу		бекьаруссуб	б	б	екьаруссу=б	attested	notation		соседний	AA2019	36710	б=екьару́ссу=б	
class_prefix_suffix	u	бесхъессуб	есхъессу		бесхъессуб	б	б	есхъессу=б	attested	notation		задний	AA2019	36719	б=есхъе́ссу=б	
class_prefix_suffix	u	бесхъессуб	есхъессу		бесхъессуб	б	б	есхъессу=б	attested	notation		прошедший	AA2019	36720	б=есхъе́ссу=б	
class_prefix_suffix	u	бехутIу-ссессуб	ехутIу-ссессу		бехутIу-ссессуб	б	б	ехутIу-ссессуб	attested	shape		идущие один за другим	AA2019	36732	б=еху́тIу-ссе́ссуб	
class_prefix_suffix	u	бехутIу-ссессуб	ехутIу-ссессу		бехутIу-ссессуб	б	б	ехутIу-ссессуб	attested	shape		сплошной, беспрерывный	AA2019	36733	б=еху́тIу-ссе́ссуб	
class_prefix_suffix	u	бехутIуссуб	ехутIуссу		бехутIуссуб	б	б	ехутIуссуб	attested	shape		следующий	AA2019	36734	б=ехутIу́ссуб	
class_prefix_suffix	u	бехутIуссуб	ехутIуссу		бехутIуссуб	б	б	ехутIуссуб	attested	shape		очередной	AA2019	36735	б=ехутIу́ссуб	
class_prefix		беххила	еххила		беххила	б		беххила	attested	notation		длинный	AA2019	36736	б=еххи́ла	
class_prefix		беххила	еххила		беххила	б		беххила	attested	notation		долгий	AA2019	36737	б=еххи́ла	
class_prefix_suffix	u	беххилархассуб	еххилархассу		беххилархассуб	б	б	еххилархассу=б	attested	notation		продольный	AA2019	36743	б=еххила́рхассу=б	
class_prefix_suffix	u	беххилархассуб	еххилархассу		беххилархассуб	б	б	еххилархассу=б	attested	notation		горизонтальный	AA2019	36744	б=еххила́рхассу=б	
class_prefix_suffix	u	беххилаццуб	еххилаццу		беххилаццуб	б	б	еххилаццу=б	attested	notation		продолговатый	AA2019	36745	б=еххи́лаццу=б	
class_prefix_suffix	xa	беххилихаб	еххилиха		беххилихаб	б	б	еххилиха=б	attested	notation		удлинительный	AA2019	36748	б=еххи́лиха=б	
class_prefix_suffix	u	беххилълъассуб	еххилълъассу		беххилълъассуб	б	б	еххилълъассу=б	attested	notation		долго	AA2019	36750	б=еххи́лълъассу=б	
class_prefix_suffix	a	бехъуйлъаб	ехъуйлъа		бехъуйлъаб	б	б	ехъуйлъа=б	attested	notation		убойный	AA2019	36754	б=ехъу́йлъа=б	
class_prefix_suffix	u	бехъутIуссуб	ехъутIуссу		бехъутIуссуб	б	б	ехъутIуссуб	attested	shape		окружающий	AA2019	36758	б=ехъутIу́ссуб	
class_prefix		бечIер	ечIер		бечIер	б		бечIер	attested	notation		черный	AA2019	36759	б=ечIе́р	
class_prefix		бечIер	ечIер		бечIер	б		бечIер	attested	notation		траурный	AA2019	36760	б=ечIе́р	
class_prefix		бечIер	ечIер		бечIер	б		бечIер	attested	notation		плохой	AA2019	36761	б=ечIе́р	
class_prefix_suffix	a	бечIераб	ечIера		бечIераб	б	б	ечIераб	attested	shape		почернелый	AA2019	36762	б=ечIера́б	
class_prefix_suffix	a	бечIераб	ечIера		бечIераб	б	б	ечIераб	attested	shape		поспевший	AA2019	36763	б=ечIера́б	
class_prefix_suffix	a	бечIераймалаб	ечIераймала		бечIераймалаб	б	б	ечIераймалаб	attested	shape		черненый	AA2019	36765	б=ечIера́ймалаб	
class_prefix		бечекIи	ечекIи		бечекIи	б		бечекIи	attested	notation		короткий	AA2019	36775	б=ече́кIи	
class_prefix		бечекIи	ечекIи		бечекIи	б		бечекIи	attested	notation		краткий	AA2019	36776	б=ече́кIи	
class_prefix		бечекIи	ечекIи		бечекIи	б		бечекIи	attested	notation		низкий	AA2019	36777	б=ече́кIи	
class_prefix_suffix	a	беччикваб	еччиква		беччикваб	б	б	еччикваб	attested	shape		помочившийся	AA2019	36782	б=еччиква́б	
class_prefix_suffix	a	беччикваб	еччиква		беччикваб	б	б	еччикваб	attested	shape		вымоченный	AA2019	36783	б=еччиква́б	
class_prefix		беъера	еъера		беъера	б		беъера	attested	notation		тонкий	AA2019	36802	б=еъе́ра	
class_prefix		беъера	еъера		беъера	б		беъера	attested	notation		писклявый	AA2019	36803	б=еъе́ра	
class_prefix_suffix	a	бигъаб	игъа		бигъаб	б	б	игъа=б	attested	notation		спелый	AA2019	36806	б=игъа́=б	
class_prefix_suffix	a	бигъаб	игъа		бигъаб	б	б	игъа=б	attested	notation		стоящий	AA2019	36807	б=игъа́=б	
class_prefix_suffix	a	бигъаб	игъа		бигъаб	б	б	игъа=б	attested	notation		уверенный	AA2019	36808	б=игъа́=б	
class_prefix_suffix	a	бигъаймалаб	игъаймала		бигъаймалаб	б	б	игъаймала=б	attested	notation		размешанный	AA2019	36813	б=игъа́ймала=б	
class_prefix_suffix	a	бигъаймалаб	игъаймала		бигъаймалаб	б	б	игъаймала=б	attested	notation		осел, которого заставили работать	AA2019	36814	б=игъа́ймала=б	
class_prefix_suffix	xa	бигъайхаб	игъайха		бигъайхаб	б	б	игъайх=аб	attested	notation		размешиваемый	AA2019	36815	б=игъа́йх=аб	
class_prefix_suffix	xa	бигъайхаб	игъайха		бигъайхаб	б	б	игъайх=аб	attested	notation		месильный	AA2019	36816	б=игъа́йх=аб	
class_prefix_suffix	a	бигъваб	игъва		бигъваб	б	б	игъва=б	attested	notation		нахмурившийся	AA2019	36817	б=игъва́=б	
class_prefix_suffix	xa	бигъихаб	игъиха		бигъихаб	б	б	игъиха=б	attested	notation		остановочный	AA2019	36823	б=игъиха́=б	
class_prefix_suffix	a	бигъихичIаб	игъихичIа		бигъихичIаб	б	б	игъихичIа=б	attested	notation		бесперебойный	AA2019	36824	б=игъихичIа́=б	
class_prefix_suffix	a	бигъихичIаб	игъихичIа		бигъихичIаб	б	б	игъихичIа=б	attested	notation		неустойчивый	AA2019	36825	б=игъихичIа́=б	
class_prefix_suffix	a	бигъичIаб	игъичIа		бигъичIаб	б	б	игъичIа=б	attested	notation		незрелый	AA2019	36826	б=игъичIа́=б	
class_prefix_suffix	a	бигъулъаб	игъулъа		бигъулъаб	б	б	игъулъа=б	attested	notation		остановившийся	AA2019	36827	б=игъулъа́=б	
class_prefix_suffix	a	бижаб	ижа		бижаб	б	б	ижа=б	attested	notation		выросший	AA2019	36831	б=ижа́=б	
class_prefix_suffix	xa	бижихаб	ижиха		бижихаб	б	б	ижиха=б	attested	notation		растущий	AA2019	36835	б=ижиха́=б	
class_prefix_suffix	a	биккаб	икка		биккаб	б	б	икка=б	attested	notation		пойманный	AA2019	36836	б=икка́=б	
class_prefix_suffix	a	биккаб	икка		биккаб	б	б	икка=б	attested	notation		окостенелый	AA2019	36837	б=икка́=б	
class_prefix_suffix	a	биккаб	икка		биккаб	б	б	икка=б	attested	notation		мощеный	AA2019	36838	б=икка́=б	
class_prefix_suffix	a	биккаб	икка		биккаб	б	б	икка=б	attested	notation		наемный	AA2019	36839	б=икка́=б	
class_prefix_suffix	xa	биккихаб	иккиха		биккихаб	б	б	иккиха=б	attested	notation		ловчий	AA2019	36858	б=иккиха́=б	
class_prefix_suffix	xa	биккихаб	иккиха		биккихаб	б	б	иккиха=б	attested	notation		занимаемый	AA2019	36859	б=иккиха́=б	
class_prefix_suffix	a	билаб	ила		билаб	б	б	ила=б	attested	notation		брошенный	AA2019	36861	б=ила́=б	
class_prefix_suffix	xa	билайхаб	илайха		билайхаб	б	б	илайха=б	attested	notation		бросаемый	AA2019	36873	б=ила́йха=б	
class_prefix_suffix	xa	билълъихаб	илълъиха		билълъихаб	б	б	илълъиха=б	attested	notation		возможный	AA2019	36885	б=илълъиха́=б	
class_prefix_suffix	xa	билълъихаб	илълъиха		билълъихаб	б	б	илълъиха=б	attested	notation		способный	AA2019	36886	б=илълъиха́=б	
class_prefix_suffix	a	бисаб	иса		бисаб	б	б	иса=б	attested	notation		придавленный	AA2019	36887	б=иса́=б	
class_prefix_suffix	a	битIаб	итIа		битIаб	б	б	итIа=б	attested	notation		посланный	AA2019	36893	б=итIа́=б	
class_prefix_suffix	a	битIаб	итIа		битIаб	б	б	итIа=б	attested	notation		оборванный	AA2019	36894	б=итIа́=б	
class_prefix_suffix	a	битаб	ита		битаб	б	б	ита=б	attested	notation		потерянный	AA2019	36927	б=ита́=б	
class_prefix_suffix	a	бичIаб	ичIа		бичIаб	б	б	ичI=аб	attested	notation		испорченный	AA2019	36936	б=ичI=а́б	
class_prefix_suffix	a	бичIчаб	ичIча		бичIчаб	б	б	ичIч=аб	attested	notation		понятный	AA2019	36944	б=ичIч=а́б	
class_prefix_suffix	a	бишаб	иша		бишаб	б	б	иш=аб	attested	notation		залеченнный	AA2019	36947	б=иш=а́б	
class_prefix		биши	иши		биши	б		биши	attested	notation		толстый	AA2019	36952	б=и́ши	
class_prefix_suffix	a	биъаб	иъа		биъаб	б	б	иъа=б	attested	notation		мертвый	AA2019	36953	б=иъа́=б	
class_prefix_suffix	u	биъабццуб	иъабццу		биъабццуб	б	б	иъабццуб	attested	shape		будто мертвый	AA2019	36954	б=иъа́бццуб	
class_prefix		бочIуха	очIуха		бочIуха	б		бочIуха	attested	notation		большой	AA2019	36966	б=очIу́ха	
class_prefix		бочIуха	очIуха		бочIуха	б		бочIуха	attested	notation		прописная (буква)	AA2019	36967	б=очIу́ха	
class_prefix_suffix	xa	бочIухайхаб	очIухайха		бочIухайхаб	б	б	очIухайха=б	attested	notation		увеличивающий	AA2019	36969	б=очIуха́йха=б	
class_prefix_suffix	a	букIаб	укIа		букIаб	б	б	укIа=б	attested	notation		бывший	AA2019	36973	б=укIа́=б	
class_prefix_suffix	a	букIаб	укIа		букIаб	б	б	укIа=б	attested	notation		положенный	AA2019	36974	б=укIа́=б	
class_prefix_suffix	a	букIаб	укIа		букIаб	б	б	укIа=б	attested	notation		посаженный	AA2019	36975	б=укIа́=б	
class_prefix_suffix	a	букIаймалаб	укIаймала		букIаймалаб	б	б	укIаймала=б	attested	notation		положенный	AA2019	36983	б=укIа́ймала=б	
class_prefix_suffix	a	букIаймалаб	укIаймала		букIаймалаб	б	б	укIаймала=б	attested	notation		накладной	AA2019	36984	б=укIа́ймала=б	
class_prefix_suffix	xa	букIайхаб	укIайха		букIайхаб	б	б	укIайх=аб	attested	notation		накладной	AA2019	36986	б=укIа́йх=аб	
class_prefix_suffix	xa	букIайхаб	укIайха		букIайхаб	б	б	укIайх=аб	attested	notation		посадочный	AA2019	36987	б=укIа́йх=аб	
class_prefix_suffix	xa	букIихаб	укIиха		букIихаб	б	б	укIих=аб	attested	notation		бывающий	AA2019	37004	б=укIих=а́б	
class_prefix_suffix	xa	буххаб	ухха		буххаб	б	б	ухха=б	attested	notation		появившийся	AA2019	37020	б=ухха́=б	
class_prefix_suffix	xa	буххаб	ухха		буххаб	б	б	ухха=б	attested	notation		повешенный	AA2019	37021	б=ухха́=б	
class_prefix_suffix	xa	буххаб	ухха		буххаб	б	б	ухха=б	attested	notation		нацепленный	AA2019	37022	б=ухха́=б	
class_prefix_suffix	xa	буъатахаб	уъатаха		буъатахоб	б	б	уъатахо=б	attested	notation	o-stem read as a-stem	валкий	AA2019	37026	б=уъатахо́=б	
no_class	lli	багамалъилълъи	багамалъилълъи		багамалъилълъи			багамалъилълъи	attested	shape		дырявый	SA2012	37049	ба́гамалъилълъи	
no_class	lli	баганлълъи	баганлълъи		баганлълъи			баганлълъи	attested	shape		дырявый	AA2019	37053	ба́ганлълъи	
no_class	lli	багванлъи	багванлъи		багванлъи			багванлъи	attested	shape		см. ба́гама- лъилълъи	SA2012	37054	ба́гванлъи	
class_prefix_suffix	a	багьаб	агьа		багьаб	б	б	багьаб	attested	shape+sibling		острый	SA2012	37088	багьа́б	
class_suffix	a	багьаймалаб	багьаймала		багьаймалаб		б	багьаймалаб	attested	shape		точеный	AA2019	37114	багьа́ймалаб	
class_suffix	a	багьаймалаб	багьаймала		багьаймалаб		б	багьаймалаб	attested	shape		наточенный	SA2012	37116	багьа́ймалаб	
class_suffix	xa	багьайхаб	багьайха		багьайхаб		б	багьайхаб	attested	shape		точильный	AA2019	37118	багьа́йхаб	
no_class	lli	багьалълъи	багьалълъи		багьалълъи			багьалълъи	attested	shape		ценный	AA2019	37119	багьа́лълъи	
class_suffix	xa	багьатахаб	багьатаха		багьатахоб		б	багьатахоб	attested	shape		льющийся	AA2019	37132	багьатахо́б	
class_suffix	a	багьачIаб	багьачIа		багьачIаб		б	багьачIаб	attested	shape		см . гъва́н- тIаб	SA2012	37137	багьа́чIаб	
class_suffix	a	багьихичIаб	багьихичIа		багьихичIаб		б	багьихичIаб	attested	shape		тупой (нож)	AA2019	37144	багьихичIа́б	
class_suffix	a	багьихичIаб	багьихичIа		багьихичIаб		б	багьихичIаб	attested	shape		не видимый с первого взгляда	AA2019	37145	багьихичIа́б	
class_suffix	a	багьихичIаб	багьихичIа		багьихичIаб		б	багьихичIаб	attested	shape		тупой	SA2012	37146	багьи́хичIаб	
class_suffix	a	бажараб	бажара		бажараб		б	бажараб	attested	shape		возможный	AA2019	37151	бажара́б	
class_suffix	a	бажараб	бажара		бажараб		б	бажараб	attested	shape		возможное	SA2012	37153	бажара́б	
no_class	lli	бажарирлълъи	бажарирлълъи		бажарирлълъи			бажарирлълъи	attested	shape		трудоспособный	AA2019	37165	бажа́рирлълъи	
no_class	lli	бажарирлълъи	бажарирлълъи		бажарирлълъи			бажарирлълъи	attested	shape		способный	SA2012	37167	бажа́рирлълъи	
class_suffix	xa	бажарихаб	бажариха		бажарихаб		б	бажариха=б	attested	notation		возможный	AA2019	37169	бажариха́=б	
class_suffix	xa	бажарихаб	бажариха		бажарихаб		б	бажариха=б	attested	notation		способный	AA2019	37170	бажариха́=б	
class_suffix	xa	бажарихаб	бажариха		бажарихаб		б	бажарихаб	attested	shape		посильный	SA2012	37171	бажариха́б	
no_class	plain	базар	базар		базар			базар	attested	shape	initial_b (class prefix not excluded)	воскресный	AA2019	37175	база́р	
no_class	lli	базаралъи	базаралъи		базаралъи			базаралъи	attested	shape		базарный	SA2012	37185	база́ралъи	
class_suffix	a	байанаб	байана		байанаб		б	байана=б	attested	notation		ясный	AA2019	37217	байа́на=б	
class_suffix	a	байанаб	байана		байанаб		б	байанаб	attested	shape		ясный	SA2012	37218	байа́наб	
class_suffix	u	байлъиссуб	байлъиссу		байлъиссуб		б	байлъиссу=б	attested	notation		крайний	AA2019	37245	ба́йлъиссу=б	
class_suffix	u	байлъиссуб	байлъиссу		байлъиссуб		б	байлъиссу=б	attested	notation		последний	AA2019	37246	ба́йлъиссу=б	
class_suffix	a	байрахъулаб	байрахъула		байрахъулав		в	байрахъула/в	attested	notation		знаменосец	SA2012	37252	байра́хъула/в	
class_suffix	xa	бакIарайхаб	бакIарайха		бакIарайхаб		б	бакIарайхаб	attested	shape		уборочный	AA2019	37259	бакIара́йхаб	
class_suffix	a	бакIваб	бакIва		бакIваб		б	бакIваб	attested	shape		штопальный	AA2019	37263	ба́кIваб	
class_suffix	xa	бакIуйхаб	бакIуйха		бакIуйхаб		б	бакIуйхаб	attested	shape		штопальный	AA2019	37278	бакIуйха́б	
class_suffix	a	бакъаб	бакъа		бакъаб		б	бакъаб	attested	shape		любой	SA2012	37281	бакъа́б	
class_suffix	a	бакъаб	бакъа		бакъаб		б	бакъаб	attested	shape		подходящий	SA2012	37283	бакъа́б	
class_suffix	a	бакъаб	бакъа		бакъаб		б	бакъаб	attested	shape		прирученный	SA2012	37285	бакъа́б	
class_suffix	a	бакъащаб	бакъаща		бакъащаб		б	бакъащаб	attested	shape		ворованный	AA2019	37290	бакъаща́б	
class_suffix	u	бакъерхъиссуб	бакъерхъиссу		бакъерхъиссуб		б	бакъерхъиссуб	attested	shape		свободный	AA2019	37302	бакъе́рхъиссуб	
class_suffix	xa	бакъихаб	бакъиха		бакъихаб		б	бакъихаб	attested	shape		подходящий	SA2012	37305	бакъиха́б	
class_suffix	a	бакъихичIаб	бакъихичIа		бакъихичIаб		б	бакъихичIаб	attested	shape		неподходящий	AA2019	37306	бакъихичIа́б	
class_suffix	a	бакъихичIаб	бакъихичIа		бакъихичIаб		б	бакъихичIаб	attested	shape		неудобный	SA2012	37308	бакъихичIа́б	
class_suffix	a	бакъихичIаб	бакъихичIа		бакъихичIаб		б	бакъихичIаб	attested	shape		некрасивый	SA2012	37310	бакъихичIа́б	
class_suffix	u	бакьу-ссессуб	бакьу-ссессу		бакьу-ссессуб		б	бакьу-ссессуб	attested	shape		несвязный	AA2019	37337	ба́кьу-ссе́ссуб	
class_suffix	u	бакьуссуб	бакьуссу		бакьуссуб		б	бакьуссуб	attested	shape		средний	AA2019	37343	ба́кьуссуб	
class_suffix	u	бакьуссуб	бакьуссу		бакьуссуб		б	бакьуссуб	attested	shape		промежуточный	AA2019	37344	ба́кьуссуб	
class_suffix	u	бакьуссуб	бакьуссу		бакьуссуб		б	бакьуссуб	attested	shape		между-	AA2019	37345	ба́кьуссуб	
class_suffix	u	бакьуссуб	бакьуссу		бакьуссуб		б	бакьуссуб	attested	shape		взаимный	AA2019	37346	ба́кьуссуб	
cited_only	gen_relational	балгаралуб	балгаралуб		балгаралуб			балгаралуб	attested	shape		болгарский	AA2019	37371	балга́ралуб	
cited_only	gen_relational	балкаралуб	балкаралуб		балкаралуб			балкаралуб	attested	shape		балкарский	AA2019	37387	балка́ралуб	
class_suffix	a	балугъаб	балугъа		балугъо		в	балугъ=о	attested	notation		взрослый	AA2019	37397	балугъ=о́	-ай, -аб, -ал
class_suffix	a	балугъаб	балугъа		балугъов		в	балугъов	attested	shape		совершеннолетний	SA2012	37405	балу́гъов	
class_suffix	a	балхараб	балхара		балхарав		в	балхарав	attested	shape		балхарец	SA2012	37406	балха́рав	
cited_only	plural_cited	балхарал	балхарал		балхарал			балхарал	attested	shape		балхарцы	SA2012	37407	балха́рал	
class_suffix	a	балъгойаб	балъгойа		балъгойаб		б	балъгойа=б	attested	notation		тайный	AA2019	37411	ба́лъгойа=б	
class_suffix	a	балъгойаб	балъгойа		балъгойаб		б	балъгойаб	attested	shape		тайный	SA2012	37412	ба́лъгойаб	
class_suffix	a	бааб	баа		баов		в	баов	attested	shape		ученый	SA2012	37438	бао́в	
class_suffix	a	барашхъаб	барашхъа		барашхъо		в	барашхъ=о	attested	notation		жадный	AA2019	37450	бара́шхъ=о	
class_suffix	a	барашхъихичIаб	барашхъихичIа		барашхъихичIо		в	барашхъихичI=о	attested	notation		щедрый	AA2019	37453	бара́шхъихичI=о́	
class_suffix	a	баркаталъаб	баркаталъа		баркаталъо		в	баркаталъ=о	attested	notation		поздравитель	AA2019	37458	барка:́талъ=о	
class_suffix	xa	баркатахаб	баркатаха		баркатахоб		б	баркатахоб	attested	shape		поздравительный	AA2019	37459	барка:́тахоб	
class_suffix	xa	баркайхаб	баркайха		баркайхаб		б	баркайхаб	attested	shape		поздравительный	AA2019	37462	баркайха́б	
no_class	lli	баркалъи	баркалъи		баркалъи			баркалъи	attested	shape		благодатный	AA2019	37467	ба́ркалъи	
no_class	lli	баркалъи	баркалъи		баркалъи			баркалъи	attested	shape		благородный	AA2019	37468	ба́ркалъи	
no_class	lli	баркалълъи	баркалълъи		баркалълъи			баркалълъи	attested	shape		благодатный	SA2012	37469	ба́ркалълъи	
class_suffix	a	барлIаб	барлIа		барлIаб		б	барлIа=б	attested	notation		перенесенный	AA2019	37477	барлIа́=б	
class_suffix	xa	барлIахаб	барлIаха		барлIахоб		б	барлIахоб	attested	shape		принесенный	AA2019	37484	ба́рлIахоб	
class_suffix	xa	барлIихаб	барлIиха		барлIихаб		б	барлIихаб	attested	shape		предназначенный для перевозки грузов	AA2019	37506	барлIиха́б	
class_suffix	xa	барлIихаб	барлIиха		барлIихаб		б	барлIихаб	attested	shape		ввозной	AA2019	37507	барлIиха́б	
class_suffix	xa	барлIихаб	барлIиха		барлIихаб		б	барлIихаб	attested	shape		терпеливый	AA2019	37508	барлIиха́б	
class_suffix	a	барлIихичIаб	барлIихичIа		барлIихичIаб		б	барлIихичIаб	attested	shape		невыносимый	AA2019	37509	барлIихичIа́б	
class_suffix	a	барлIихичIаб	барлIихичIа		барлIихичIаб		б	барлIихичIаб	attested	shape		нетерпимый	AA2019	37510	барлIихичIа́б	
class_suffix	a	барлIихичIаб	барлIихичIа		барлIихичIаб		б	барлIихичIаб	attested	shape		недопустимый	AA2019	37511	барлIихичIа́б	
class_suffix	xa	барххаб	бархха		барххаб		б	барххаб	attested	shape		расплетеный	AA2019	37520	бархха́б	
class_suffix	xa	барххаб	бархха		барххаб		б	барххаб	attested	shape		разобранный	AA2019	37521	бархха́б	
class_suffix	xa	барххаб	бархха		барххаб		б	барххаб	attested	shape		очищенный	AA2019	37522	бархха́б	
class_suffix	xa	барххихаб	барххиха		барххихаб		б	барххихаб	attested	shape		разборный	AA2019	37529	барххиха́б	
class_suffix	xa	барххихаб	барххиха		барххихаб		б	барххихаб	attested	shape		лущильный	AA2019	37530	барххиха́б	
class_suffix	a	барщалъаб	барщалъа		барщалъаб		б	барщалъ/аб	attested	notation		обиженный	SA2012	37535	ба́рщалъ/аб	
class_suffix	xa	барщихаб	барщиха		барщихаб		б	барщих/аб	attested	notation		обидчивый	SA2012	37549	ба́рщих/аб	
no_class	plain	басабечIер	басабечIер		басабечIер			басабечIер	attested	shape	initial_b (class prefix not excluded)	черноволосый	AA2019	37553	ба́сабечIе́р	
no_class	plain	басабечIер	басабечIер		басабечIер			басабечIер	attested	shape	initial_b (class prefix not excluded)	брюнет	AA2019	37554	ба́сабечIе́р	
no_class	lli	басалълъи	басалълъи		басалълъи			басалълъи	attested	shape		волосатый	AA2019	37555	баса́лълъи	
class_suffix	u	басаццуб	басаццу		басаццуб		б	басаццуб	attested	shape		тонкий	AA2019	37557	ба́саццуб	
no_class	plain	басирхха	басирхха		басирхха			басирхха	attested	shape	initial_b (class prefix not excluded)	рыжий	AA2019	37558	баси́рхха	
class_suffix	a	батIалъаб	батIалъа		батIалъаб		б	батIалъаб	attested	shape		изолированный	AA2019	37570	батIалъа́б	
class_suffix	a	батIалъаб	батIалъа		батIалъаб		б	батIалъаб	attested	shape		выделенный	AA2019	37571	батIалъа́б	
class_suffix	a	батIалъаб	батIалъа		батIалъаб		б	батIалъаб	attested	shape		разведённый	AA2019	37572	батIалъа́б	
class_suffix	a	батIалъаймалаб	батIалъаймала		батIалъаймалаб		б	батIалъаймалаб	attested	shape		изолированный	AA2019	37576	батIалъа́ймалаб	
class_suffix	a	батIалъаймалаб	батIалъаймала		батIалъаймалаб		б	батIалъаймалаб	attested	shape		лишённый	AA2019	37577	батIалъа́ймалаб	
class_suffix	a	батIалъаймалаб	батIалъаймала		батIалъаймалаб		б	батIалъаймалаб	attested	shape		разведённый	AA2019	37578	батIалъа́ймалаб	
class_suffix	a	батIалъайхичIаб	батIалъайхичIа		батIалъайхичIаб		б	батIалъайхичIа=б	attested	notation		неотделимый	AA2019	37582	батIалъа́йхичIа=б	
class_suffix	xa	батIалъихаб	батIалъиха		батIалъихаб		б	батIалъихаб	attested	shape		отделяемый	AA2019	37589	батIа́лъиха́б	
class_suffix	xa	батIалъихаб	батIалъиха		батIалъихаб		б	батIалъихаб	attested	shape		разделительный	AA2019	37590	батIа́лъиха́б	
class_suffix	a	батIалъихичIаб	батIалъихичIа		батIалъихичIаб		б	батIалъихичI=аб	attested	notation		неотделимый	AA2019	37592	батIа́лъихичI=а́б	-о, -ай, -ал
class_suffix	a	батIалъихичIаб	батIалъихичIа		батIалъихичIаб		б	батIалъихичI=аб	attested	notation		неразлучный	AA2019	37593	батIа́лъихичI=а́б	-о, -ай, -ал
class_suffix	a	батIалъихичIаб	батIалъихичIа		батIалъихичIаб		б	батIалъихичI=аб	attested	notation		неразрывный	AA2019	37594	батIа́лъихичI=а́б	-о, -ай, -ал
class_suffix	u	батIассуб	батIассу		батIассуб		б	батIассу=б	attested	notation		отдельный	AA2019	37596	батIа́ссу=б	
class_suffix	xa	батIахаб	батIаха		батIахоб		б	батIахо=б	attested	notation	o-stem read as a-stem	отдельный	AA2019	37597	батIахо́=б	
cited_only	other	батIе-батIе/б	батIе-батIе		батIе-батIеб			батIе-батIе/б	attested	notation	stem does not end in -а/-у	разный	SA2012	37599	батIе́-батIе:/б	
cited_only	other	батIе-батIе/б	батIе-батIе		батIе-батIеб			батIе-батIе/б	attested	notation	stem does not end in -а/-у	странный	SA2012	37600	батIе́-батIе:/б	
no_class	plain	батIеб	батIеб		батIеб			батIеб	attested	shape	initial_b (class prefix not excluded)	другой	AA2019	37603	батIе́б	
no_class	plain	батIеб	батIеб		батIеб			батIеб	attested	shape	initial_b (class prefix not excluded)	исключительный	AA2019	37604	батIе́б	
no_class	plain	батIеб	батIеб		батIеб			батIеб	attested	shape	initial_b (class prefix not excluded)	отличительный	AA2019	37605	батIе́б	
no_class	plain	батIевццув	батIевццув		батIевццув			батIевццув	attested	shape	initial_b (class prefix not excluded)	чудаковатый	SA2012	37608	батIевццув	
no_class	plain	батIи-батIеб	батIи-батIеб		батIи-батIеб			батIи-батIеб	attested	shape	initial_b (class prefix not excluded)	разный	AA2019	37610	ба́тIи-батIе́б	
cited_only	other	батIэ/б	батIэ		батIэб			батIэ/б	attested	notation	stem does not end in -а/-у	другой	SA2012	37612	батIэ́:/б	
cited_only	other	батIэ/б	батIэ		батIэб			батIэ/б	attested	notation	stem does not end in -а/-у	особый	SA2012	37613	батIэ́:/б	
cited_only	other	батIэ/б	батIэ		батIэб			батIэ/б	attested	notation	stem does not end in -а/-у	особенный	SA2012	37614	батIэ́:/б	
cited_only	other	батIэ/б	батIэ		батIэб			батIэ/б	attested	notation	stem does not end in -а/-у	странный	SA2012	37615	батIэ́:/б	
cited_only	other	батIэ/б	батIэ		батIэб			батIэ/б	attested	notation	stem does not end in -а/-у	посторонний	SA2012	37616	батIэ́:/б	
class_suffix	a	бахIараб	бахIара		бахIараб		б	бахIараб	attested	shape		молодой	SA2012	37633	бахIа́раб	
class_suffix	a	бахIарчийаб	бахIарчийа		бахIарчийаб		б	бахIарчийа/б	attested	notation		мужественный	SA2012	37644	бахIарчи́йа/б	
no_class	plain	баха-басара	баха-басара		баха-басара			баха-басара	attested	shape	initial_b (class prefix not excluded)	старый	AA2019	37650	баха́-баса́ра	
class_suffix	xa	бахайхаб	бахайха		бахайхаб		б	бахайхаб	attested	shape		ударный	AA2019	37662	баха́йхаб	
class_suffix	xa	бахайхаб	бахайха		бахайхаб		б	бахайхаб	attested	shape		огнестрельный	AA2019	37663	баха́йхаб	
class_suffix	xa	бахайхаб	бахайха		бахайхаб		б	бахайхаб	attested	shape		опрыскивающий	AA2019	37664	баха́йхаб	
cited_only	f_cited	бахарай	бахарай		бахарай			бахарай	attested	shape		балхарка	SA2012	37665	баха́рай	
class_suffix	xa	бахилайхаб	бахилайха		бахилайхо		в	бахилайх=о	attested	notation		хвастливый	AA2019	37681	бахила́йх=о	
class_suffix	xa	бахилихаб	бахилиха		бахилихаб		б	бахилих=аб	attested	notation		завидный	AA2019	37684	бахи́лих=аб	
class_suffix	xa	бахихаб	бахиха		бахихаб		б	бахихаб	attested	shape		сосущий	AA2019	37690	бахи́хаб	
class_suffix	xa	бахихаб	бахиха		бахихаб		б	бахихаб	attested	shape		бросающийся в глаза	AA2019	37691	ба́хихаб	
class_suffix	xa	бахихаб	бахиха		бахихаб		б	бахихаб	attested	shape		яркий	AA2019	37692	ба́хихаб	
class_suffix	a	бахихичIаб	бахихичIа		бахихичIаб		б	бахихичIаб	attested	shape		безветренный	AA2019	37693	бахихичIа́б	
class_suffix	a	бацIаб	бацIа		бацIаб		б	бацIаб	attested	shape		доставшийся	AA2019	37709	ба́цIаб	
class_suffix	a	бацIаб	бацIа		бацIаб		б	бацIаб	attested	shape		привитый	AA2019	37710	ба́цIаб	
class_suffix	a	бацIаб	бацIа		бацIаб		б	бацIаб	attested	shape		соединённый	AA2019	37711	ба́цIаб	
class_suffix	a	бацIаб	бацIа		бацIаб		б	бацIаб	attested	shape		доставшийся	SA2012	37712	ба́цIаб	
class_suffix	a	бацIаб	бацIа		бацIаб		б	бацIаб	attested	shape		приращенный	SA2012	37715	ба́цIаб	
class_suffix	a	бацIаб	бацIа		бацIаб		б	бацIаб	attested	shape		привитый	SA2012	37717	ба́цIаб	
class_suffix	a	бацIаймалаб	бацIаймала		бацIаймалаб		б	бацIаймалаб	attested	shape		см. му- гъаймалаб	SA2012	37720	бацIа́ймалаб	
class_suffix	xa	бацIайхаб	бацIайха		бацIайхаб		б	бацIайхаб	attested	shape		доступный	AA2019	37722	бацIайха́б	
class_suffix	xa	бацIатахаб	бацIатаха		бацIатахоб		б	бацIатахоб	attested	shape		приобретаемый	AA2019	37723	бацIа́тахоб	
class_suffix	xa	бацIихаб	бацIиха		бацIихаб		б	бацIихаб	attested	shape		получаемый	AA2019	37745	бацIиха́б	
class_suffix	xa	бацIихаб	бацIиха		бацIихаб		б	бацIихаб	attested	shape		соединяемый	AA2019	37746	бацIиха́б	
class_suffix	xa	бацIихаб	бацIиха		бацIихаб		б	бацIихаб	attested	shape		прививаемый	AA2019	37747	бацIиха́б	
class_suffix	a	бацIихичIаб	бацIихичIа		бацIихичIаб		б	бацIихичIаб	attested	shape		недоступный	AA2019	37748	бацIихичIа́б	
class_suffix	a	бачIаб	бачIа		бачIаб		б	бачIаб	attested	shape		отборный	SA2012	37753	бачIа́б	
cited_only	unclear_b	башириб	башириб		башириб			башириб	attested	shape		донжуанский	AA2019	37767	баши́риб	
cited_only	gen_relational	башкиралуб	башкиралуб		башкиралуб			башкиралуб	attested	shape		башкирский	AA2019	37781	башки́ралуб	
no_class	plain	баъ	баъ		баъ			баъ	attested	shape	initial_b (class prefix not excluded)	одеваемый	AA2019	37784	баъ	
class_suffix	a	баъаб	баъа		баъаб		б	баъаб	attested	shape		прочитанный	AA2019	37789	баъа́б	
class_suffix	a	баъаб	баъа		баъаб		б	баъаб	attested	shape		ношеный	AA2019	37791	баъа́б	
class_suffix	a	баъаб	баъа		баъаб		б	баъаб	attested	shape		прочитанный	AA2019	37792	баъа́б	
class_suffix	a	баъаб	баъа		баъаб		б	баъаб	attested	shape		ношеный	SA2012	37793	ба́ъаб	
class_suffix	xa	баъайхаб	баъайха		баъайхаб		б	баъайхаб	attested	shape		одеваемый	AA2019	37795	баъа́йхаб	
class_suffix	xa	баъихаб	баъиха		баъихаб		б	баъихаб	attested	shape		читаемый	AA2019	37810	баъиха́б	
class_suffix	u	бебахиссуб	бебахиссу		бебахиссуб		б	бебахиссуб	attested	shape		горный	SA2012	37813	бе:бахиссуб	
class_suffix	u	белессуб	белессу		белессуб		б	белессуб	attested	shape		горский	SA2012	37822	бе:лессуб	
no_class	lli	бебалъилълъи	бебалъилълъи		бебалъилълъи			бебалъилълъи	attested	shape		гористый	AA2019	37825	бе́балъилълъи	
class_suffix	u	бебахиссуб	бебахиссу		бебахиссуб		б	бебахиссуб	attested	shape		горный	AA2019	37826	бе́бахиссуб	
class_suffix	a	бебедалъаб	бебедалъа		бебедалъо		в	бебедалъ=о	attested	notation		тот, который зовёт	AA2019	37827	бебедалъ=о́	
class_suffix	xa	бегъайхаб	бегъайха		бегъайхаб		б	бегъайхаб	attested	shape		уведомительный	AA2019	37856	бегъа́йхаб	
class_suffix	a	бегъихичIаб	бегъихичIа		бегъихичIаб		б	бегъихичIа=б	attested	notation		незнакомый	AA2019	37866	бегъи́хичIа=б	
class_suffix	a	бегъихичIаб	бегъихичIа		бегъихичIаб		б	бегъихичIа=б	attested	notation		неосведомлённый	AA2019	37867	бегъи́хичIа=б	
class_suffix	a	бегъихичIаб	бегъихичIа		бегъихичIаб		б	бегъихичIа=б	attested	notation		нечувствительный	AA2019	37868	бегъи́хичIа=б	
class_suffix	xa	бегьихаб	бегьиха		бегьихаб		б	бегьиха=б	attested	notation		возможный	AA2019	37918	бе́гьиха=б	
class_suffix	xa	бегьихаб	бегьиха		бегьихаб		б	бегьиха=б	attested	notation		годный	AA2019	37919	бе́гьиха=б	
class_suffix	xa	бегьихаб	бегьиха		бегьихаб		б	бегьихаб	attested	shape		подходящий	SA2012	37920	бе́гьихаб	
class_suffix	a	бегьихичIаб	бегьихичIа		бегьихичIаб		б	бегьихичIаб	attested	shape		невозможный	AA2019	37923	бегьихичIа́б	
class_suffix	a	бегьихичIаб	бегьихичIа		бегьихичIаб		б	бегьихичIаб	attested	shape		негодный	AA2019	37924	бегьихичIа́б	
class_suffix	a	бегьихичIаб	бегьихичIа		бегьихичIаб		б	бегьихичIаб	attested	shape		недозволенный	SA2012	37925	бегьихичIа́б	
class_suffix	a	бегьихичIаб	бегьихичIа		бегьихичIаб		б	бегьихичIаб	attested	shape		недостойный	SA2012	37926	бегьихичIа́б	
class_suffix	a	бегьихичIаб	бегьихичIа		бегьихичIаб		б	бегьихичIаб	attested	shape		неподходящий	SA2012	37927	бегьихичIа́б	
class_suffix	a	бедаб	беда		бедаб		б	беда=б	attested	notation		званый	AA2019	37930	бе́да=б	
class_suffix	a	бедаталъаб	бедаталъа		бедаталъо		в	бедаталъ=о	attested	notation		вызывающий	AA2019	37931	бедаталъ=о́	
class_suffix	a	бедаталъаб	бедаталъа		бедаталъо		в	бедаталъ=о	attested	notation		вызываемый	AA2019	37932	бедаталъ=о́	
class_suffix	a	бедилъаб	бедилъа		бедилъо		в	бедилъ=о	attested	notation		тот, которого собираются позвать	AA2019	37939	бе́дилъ=о	
class_suffix	xa	бедихаб	бедиха		бедихо		в	бедих=о	attested	notation		тот, кто приглашает	AA2019	37942	бе́дих=о	
class_suffix	a	бедичIаб	бедичIа		бедичIо		в	бедичI=о	attested	notation		непрошенный	AA2019	37943	бе́дичI=о	
class_suffix	a	бежаб	бежа		бежаб		б	бежаб	attested	shape		жареный	AA2019	37946	бежа́б	
class_suffix	a	бежаб	бежа		бежаб		б	бежаб	attested	shape		печёный	AA2019	37947	бежа́б	
class_suffix	a	бежаб	бежа		бежаб		б	бежаб	attested	shape		жареный	SA2012	37948	бе́жаб	
class_suffix	a	бежаб	бежа		бежаб		б	бежаб	attested	shape		печеный	SA2012	37949	бе́жаб	
class_suffix	a	бежаймалаб	бежаймала		бежаймалаб		б	бежаймалаб	attested	shape		прожаренный	AA2019	37954	бежа́ймалаб	
class_suffix	a	бежаймалаб	бежаймала		бежаймалаб		б	бежаймалаб	attested	shape		печеный	AA2019	37955	бежа́ймалаб	
class_suffix	a	бежаймалаб	бежаймала		бежаймалаб		б	бежаймалаб	attested	shape		палёный	AA2019	37956	бежа́ймалаб	
class_suffix	a	бежтIассаб	бежтIасса		бежтIассав		в	бежтIассав	attested	shape		бежтинец	SA2012	37961	бе́жтIассав	
cited_only	f_cited	бежтIассай	бежтIассай		бежтIассай			бежтIассай	attested	shape		бежтинка	SA2012	37962	бе́жтIассай	
cited_only	plural_cited	бежтIассал	бежтIассал		бежтIассал			бежтIассал	attested	shape		бежтинцы	SA2012	37963	бе́жтIассал	
class_suffix	a	безераб	безера		безераб		б	безера/б	attested	notation		надоевший	SA2012	37982	безе́ра/б	
class_suffix	u	бекIунахиссуб	бекIунахиссу		бекIунахиссуб		б	бекIунахиссуб	attested	shape		угловой	AA2019	37998	бекIуна́хиссуб	
no_class	plain	бекIунбитIи	бекIунбитIи		бекIунбитIи			бекIунбитIи	attested	shape	initial_b (class prefix not excluded)	прямоугольный	SA2012	37999	бекIу́нбитIи	
class_suffix	u	бекIунессуб	бекIунессу		бекIунессуб		б	бекIунессуб	attested	shape		угловой	AA2019	38001	бекIуне́ссуб	
class_suffix	u	бекъадассуб	бекъадассу		бекъадассуб		б	бекъадассуб	attested	shape		ранний	AA2019	38017	бекъа́дассуб	
class_suffix	u	бекъадассуб	бекъадассу		бекъадассуб		б	бекъадассуб	attested	shape		скорый	AA2019	38018	бекъа́дассуб	
class_suffix	a	бекъваб	бекъва		бекъваб		б	бекъваб	attested	shape		сухой	AA2019	38020	бекъва́б	
class_suffix	a	бекъваб	бекъва		бекъваб		б	бекъваб	attested	shape		вяленый	AA2019	38021	бекъва́б	
class_suffix	a	бекъваймалаб	бекъваймала		бекъваймалаб		б	бекъваймалаб	attested	shape		высушенный	AA2019	38026	бекъва́ймалаб	
class_suffix	xa	бекъвайхаб	бекъвайха		бекъвайхаб		б	бекъвайхаб	attested	shape		сушильный	AA2019	38028	бекъва́йхаб	
no_class	lli	бекъвалъи	бекъвалъи		бекъвалъи			бекъвалъи	attested	shape		густой	AA2019	38035	бе́къвалъи	
class_suffix	a	бекъвамалаб	бекъвамала		бекъвамалаб		б	бекъвамалаб	attested	shape		высушенный	SA2012	38037	бекъва́малаб	
class_suffix	a	бекъинаб	бекъина		бекъинаб		б	бекъинаб	attested	shape		разделённый	AA2019	38041	бекъина́б	
class_suffix	xa	бекъинайхаб	бекъинайха		бекъинайхаб		б	бекъинайха=б	attested	notation		делимый	AA2019	38047	бекъина́йха=б	
class_suffix	xa	бекъинайхаб	бекъинайха		бекъинайхаб		б	бекъинайха=б	attested	notation		уравнительный	AA2019	38048	бекъина́йха=б	
class_suffix	a	бекъинайхичIаб	бекъинайхичIа		бекъинайхичIаб		б	бекъинайхичIа=б	attested	notation		неделимый	AA2019	38049	бекъина́йхичIа=б	
no_class	plain	бекъу	бекъу		бекъу			бекъу	attested	shape	initial_b (class prefix not excluded)	сухой	AA2019	38077	бекъу́	
no_class	plain	бекъу	бекъу		бекъу			бекъу	attested	shape	initial_b (class prefix not excluded)	сухой	SA2012	38078	бе́къу	
no_class	plain	бекъу	бекъу		бекъу			бекъу	attested	shape	initial_b (class prefix not excluded)	сухой (не мокрый)	SA2012	38079	бе́къу	
no_class	plain	бекъуда	бекъуда		бекъуда			бекъуда	attested	shape	initial_b (class prefix not excluded)	сухой	AA2019	38080	бекъу́да	
class_suffix	a	бекьаб	бекьа		бекьаб		б	бекьаб	attested	shape		засеянный	AA2019	38089	бекьа́б	
class_suffix	u	бекьар-байбалъиссуб	бекьар-байбалъиссу		бекьар-байбалъиссуб		б	бекьар-байбалъиссуб	attested	shape		крайний	AA2019	38096	бе́кьар-ба́йбалъиссуб	
class_suffix	xa	бекьихаб	бекьиха		бекьихаб		б	бекьиха=б	attested	notation		посевной	AA2019	38111	бекьиха́=б	
class_suffix	xa	бекьихаб	бекьиха		бекьихаб		б	бекьиха=б	attested	notation		пахотный	AA2019	38112	бекьиха́=б	
class_suffix	a	белIаб	белIа		белIаб		б	белIаб	attested	shape		привычный	AA2019	38114	белIа́б	
class_suffix	a	белIаб	белIа		белIаб		б	белIаб	attested	shape		общепринятый	AA2019	38116	белIа́б	
class_suffix	a	белIаб	белIа		белIаб		б	белIаб	attested	shape		установившийся	SA2012	38118	белIа́б	
class_suffix	xa	белIахвахаб	белIахваха		белIахвахоб		б	белIахвахоб	attested	shape		протекающий	SA2012	38121	белIахвахо́б	
class_suffix	a	белIутIаб	белIутIа		белIутIаб		б	белIутIаб	attested	shape		см. скроенный	SA2012	38126	белIутIа́б	
class_suffix	xa	белIутихаб	белIутиха		белIутихаб		б	белIутихаб	attested	shape		кроильный	AA2019	38131	белIутиха́б	
class_suffix	a	беларусаб	беларуса		беларусав		в	беларуса=в	attested	notation		белорус	AA2019	38132	белару́са=в	
class_suffix	a	беларусаб	беларуса		беларусай		й	беларуса=й	attested	notation		белоруска	AA2019	38133	белару́са=й	
class_suffix	a	беларусаб	беларуса		беларусал		л	беларуса=л	attested	notation		белорусы	AA2019	38134	белару́са=л	
class_suffix	a	беларусаб	беларуса		беларусав		в	беларусав	attested	shape		белорус	SA2012	38135	белару́сав	
cited_only	f_cited	беларусай	беларусай		беларусай			беларусай	attested	shape		белоруска	SA2012	38136	белару́сай	
cited_only	plural_cited	беларусал	беларусал		беларусал			беларусал	attested	shape		белорусы	SA2012	38137	белару́сал	
class_suffix	a	белгийцаб	белгийца		белгийцав		в	белгийца=в	attested	notation		бельгиец	AA2019	38138	белги́йца=в	
class_suffix	a	белгийцаб	белгийца		белгийцай		й	белгийца=й	attested	notation		бельгийка	AA2019	38139	белги́йца=й	
class_suffix	a	белгийцаб	белгийца		белгийцал		л	белгийца=л	attested	notation		бельгийцы	AA2019	38140	белги́йца=л	
class_suffix	u	белессуб	белессу		белессуб		б	белессу=б	attested	notation		горный	AA2019	38141	беле́ссу=б	
class_suffix	xa	берша-хисайхаб	берша-хисайха		берша-хисайхаб		б	берша-хисайхаб	attested	shape		обменный	AA2019	38175	бе́рша-хиса́йхаб	
class_suffix	xa	бершайхаб	бершайха		бершайхаб		б	бершайхаб	attested	shape		обменный	AA2019	38178	берша́йхаб	
class_suffix	a	бершайхичIаб	бершайхичIа		бершайхичIаб		б	бершайхичIаб	attested	shape		неразменный	AA2019	38179	берша́йхичIа́б	
class_suffix	a	бессаб	бесса		бессаб		б	бессаб	attested	shape		сотканный	AA2019	38189	бесса́б	
class_suffix	xa	бессихаб	бессиха		бессихаб		б	бессиха=б	attested	notation		ткацкий	AA2019	38191	бессиха́=б	
class_suffix	a	бессухаххиндаб	бессухаххинда		бессухаххиндаб		б	бессухаххиндаб	attested	shape		обратный	AA2019	38193	бессу́хаххинда́б	
class_suffix	u	бесхъаххиндуссуб	бесхъаххиндуссу		бесхъаххиндуссуб		б	бесхъаххиндуссуб	attested	shape		обратный	AA2019	38203	бесхъаххи́ндуссуб	
class_suffix	u	бесхъессуб	бесхъессу		бесхъессуб		б	бесхъессуб	attested	shape		задний	SA2012	38214	бесхъе́ссуб	
class_suffix	a	бетаб	бета		бетаб		б	бетаб	attested	shape		оставшийся	AA2019	38226	бета́б	
class_suffix	a	бетаб	бета		бетаб		б	бетаб	attested	shape		остальной	AA2019	38228	бета́б	
class_suffix	a	бетаб	бета		бетаб		б	бетаб	attested	shape		скисшее (молоко)	AA2019	38230	бета́б	
mwe					бетаб щиᴴв				attested	space		скисшее (молоко)	SA2012	38232	бета́б ЩИᴴВ	
class_suffix	a	беххва-бечIваб	беххва-бечIва		беххва-бечIваб		б	беххва-бечIваб	attested	shape		остаток	AA2019	38245	беххва́-бечIва́б	
class_suffix	a	беххваб	беххва		беххваб		б	беххваб	attested	shape		оставшийся	AA2019	38246	беххва́б	
class_suffix	a	беххуйхичIаб	беххуйхичIа		беххуйхичIаб		б	беххуйхичIаб	attested	shape		не остающийся	AA2019	38260	бехху́йхичIаб	
class_suffix	xa	бехъуйхаб	бехъуйха		бехъуйхаб		б	бехъуйхаб	attested	shape		убойный	AA2019	38275	бехъу́йхаб	
class_suffix	xa	бехъуйхаб	бехъуйха		бехъуйхаб		б	бехъуйхаб	attested	shape		вызывающий кашель	AA2019	38277	бе́хъуйхаб	
class_suffix	xa	бецIатахаб	бецIатаха		бецIатахоб		б	бецIатахоб	attested	shape		выплачиваемый	AA2019	38284	бе́цIатахоб	
class_suffix	a	беццатаб	беццата		беццатаб		б	беццатаб	attested	shape		лестный	AA2019	38291	беццата́б	
class_suffix	a	беццатаб	беццата		беццатаб		б	беццатаб	attested	shape		похвальный	AA2019	38292	беццата́б	
class_prefix_suffix	xa	беццатихаб	еццатиха		беццатихаб	б	б	беццатихаб	attested	shape+sibling		см. бе́ццатаб	SA2012	38296	бе́ццатихаб	
class_suffix	u	бечIудассуб	бечIудассу		бечIудассуб		б	бечIудассуб	attested	shape		пустой	AA2019	38305	бечIу́дассуб	
class_suffix	u	бечIудассуб	бечIудассу		бечIудассуб		б	бечIудассуб	attested	shape		бесполезный	AA2019	38307	бечIу́дассуб	
class_suffix	u	бечIудассуб	бечIудассу		бечIудассуб		б	бечIудассуб	attested	shape		бессмысленный	AA2019	38309	бечIу́дассуб	
class_suffix	u	бечIудассуб	бечIудассу		бечIудассуб		б	бечIудассуб	attested	shape		пустой	SA2012	38311	бечIу́дассуб	
class_suffix	u	бечIудассуб	бечIудассу		бечIудассуб		б	бечIудассуб	attested	shape		без начинки	SA2012	38313	бечIу́дассуб	
class_suffix	xa	бечIуйхаб	бечIуйха		бечIуйхаб		б	бечIуйхаб	attested	shape		подлежащий опорожнению	AA2019	38318	бечIуйха́б	
no_class	plain	бечIула-бекъуда	бечIула-бекъуда		бечIула-бекъуда			бечIула-бекъуда	attested	shape	initial_b (class prefix not excluded)	пустой	AA2019	38319	бечIу́ла-бекъу́да	
class_suffix	u	бечIула-бекъудассуб	бечIула-бекъудассу		бечIула-бекъудассуб		б	бечIула-бекъудассуб	attested	shape		пустой	AA2019	38320	бечIу́ла-бекъу́дассуб	
class_suffix	a	бечедаб	бечеда		бечедаб		б	бечеда/б	attested	notation		богатый	SA2012	38324	бече́да/б	
class_suffix	a	бечедаб	бечеда		бечедаб		б	бечеда=б	attested	notation		богатый	AA2019	38325	бече́да=б	
class_suffix	a	бечелъаб	бечелъа		бечелъаб		б	бечелъ/аб	attested	notation		разбогатевший	SA2012	38329	бечелъ/а́б	
class_suffix	a	бечелъаб	бечелъа		бечелъаб		б	бечелъаб	attested	shape		богатый	AA2019	38332	бечелъа́б	
class_suffix	xa	бечибеххуйхаб	бечибеххуйха		бечибеххуйхаб		б	бечибеххуйх/аб	attested	notation		забывчивый	SA2012	38341	бечибехху́йх/аб	
class_suffix	xa	бечибеххуйхаб	бечибеххуйха		бечибеххуйхаб		б	бечибеххуйх/аб	attested	notation		не запоминающийся	SA2012	38342	бечибехху́йх/аб	
class_suffix	a	беччаб	бечча		беччаб		б	беччаб	attested	shape		содержательный	AA2019	38345	бечча́б	
class_suffix	a	беччаб	бечча		беччаб		б	беччаб	attested	shape		отомщенный	AA2019	38346	бечча́б	
class_suffix	a	беччаб	бечча		беччаб		б	беччаб	attested	shape		устоявшийся	SA2012	38347	бе́ччаб//бе́ччи	
no_class	plain	беччи	беччи		беччи			беччи	variant	shape	initial_b (class prefix not excluded)	устоявшийся	SA2012	38347	бе́ччаб//бе́ччи	
class_suffix	xa	беччайхаб	беччайха		беччайхаб		б	беччайхаб	attested	shape		мстительный	AA2019	38350	бечча́йхаб	
class_suffix	a	бештаб	бешта		бештаб		б	бештаб	attested	shape		выпущенный	AA2019	38356	бе́штаб	
class_prefix_suffix	xa	бештихаб	ештиха		бештихаб	б	б	бештихаб	attested	shape+sibling		выпускающий	AA2019	38357	бе́штихаб	
class_suffix	a	бештихичIаб	бештихичIа		бештихичIаб		б	бештихичIаб	attested	shape		не пропускающий	AA2019	38358	бе́штихичIаб	
class_suffix	a	бештичIаб	бештичIа		бештичIаб		б	бештичIаб	attested	shape		неразрешенный	AA2019	38360	бе́штичIаб	
mwe					бешунуйхоб микъидиссуб				attested	space		стократный	AA2019	38365	бешуну́йхоб микъиди́ссуб	
no_class	plain	беща	беща		беща			беща	attested	shape	initial_b (class prefix not excluded)	крепкий	SA2012	38373	бе́ща	
class_suffix	a	бещаб	беща		бещаб		б	бещаб	attested	shape		жареный	AA2019	38374	беща́б	
class_suffix	a	бещаб	беща		бещаб		б	бещаб	attested	shape		поджаренный	SA2012	38376	беща́б	
class_suffix	a	бещаб	беща		бещаб		б	бещаб	attested	shape		плотно закрытый	AA2019	38378	бе́щаб	
no_class	plain	беъе-бесера	беъе-бесера		беъе-бесера			беъе-бесера	attested	shape	initial_b (class prefix not excluded)	тоненький	AA2019	38391	беъе́-бесе́ра	
class_prefix		битIи	итIи		битIи	б		битIи	attested	notation	two slashes read as prefix	прямой	SA2012	38395	би́/тI/и	
class_prefix		битIи	итIи		битIи	б		битIи	attested	notation	two slashes read as prefix	честный	SA2012	38396	би́/тI/и	
class_prefix		битIи	итIи		битIи	б		битIи	attested	notation	two slashes read as prefix	правильный	SA2012	38397	би́/тI/и	
class_prefix		битIи	итIи		битIи	б		битIи	attested	notation	two slashes read as prefix	гладкий	SA2012	38398	би́/тI/и	
class_suffix	a	биаб	биа		биаб		б	биаб	attested	shape		мертвый	SA2012	38400	биа́б	
class_suffix	a	биаб	биа		биаб		б	биаб	attested	shape		см. би́гъаб	SA2012	38401	би́аб	
class_suffix	a	биаймалаб	биаймала		биаймалаб		б	биаймалаб	attested	shape		см. бигъа́й- малаб	SA2012	38402	биа́ймалаб	
class_suffix	a	бигъаб	бигъа		бигъаб		б	бигъаб	attested	shape		стоячий	SA2012	38432	бигъа́б	
class_suffix	a	бигъаб	бигъа		бигъаб		б	бигъаб	attested	shape		спелый	SA2012	38433	би́гъаб	
class_suffix	a	бигъаймалаб	бигъаймала		бигъаймалаб		б	бигъаймалаб	attested	shape		см. би́гъаб	SA2012	38436	бигъа́ймалаб	
class_suffix	xa	бигъахаб	бигъаха		бигъахоб		б	бигъахо=б	attested	notation	o-stem read as a-stem	спелый	AA2019	38439	бигъахо́=б	
class_suffix	a	бигъваб	бигъва		бигъваб		б	бигъваб	attested	shape		хмурый	SA2012	38444	би́гъваб	
class_suffix	a	бигъичIаб	бигъичIа		бигъичIаб		б	бигъичIаб	attested	shape		недоспелый	SA2012	38449	бигъичIа́б	
class_suffix	xa	бигъичIахаб	бигъичIаха		бигъичIахоб		б	бигъичIахо=б	attested	notation	o-stem read as a-stem	неспелый	AA2019	38451	бигъичIахо́=б	
no_class	plain	бигьа	бигьа		бигьа			бигьа	attested	shape	initial_b (class prefix not excluded)	легкий	AA2019	38456	бигьа́	
no_class	plain	бигьа	бигьа		бигьа			бигьа	attested	shape	initial_b (class prefix not excluded)	несерьезный	AA2019	38459	бигьа́	
no_class	plain	бигьа	бигьа		бигьа			бигьа	attested	shape	initial_b (class prefix not excluded)	общительный	AA2019	38462	бигьа́	
no_class	plain	бигьа	бигьа		бигьа			бигьа	attested	shape	initial_b (class prefix not excluded)	легкий	SA2012	38465	бигьа́	
no_class	plain	бигьа	бигьа		бигьа			бигьа	attested	shape	initial_b (class prefix not excluded)	покладистый	SA2012	38468	бигьа́	
no_class	plain	бигьа-бикъа	бигьа-бикъа		бигьа-бикъа			бигьа-бикъа	attested	shape	initial_b (class prefix not excluded)	незамысловатый	AA2019	38473	би́гьа-бикъа́	
class_suffix	a	бигьаб	бигьа		бигьаб		б	бигьа=б	attested	notation		насыпанный	AA2019	38475	бигьа́=б	
class_suffix	a	бигьалъаймалигьаб	бигьалъаймалигьа		бигьалъаймалигьаб		б	бигьалъаймалигьаб	attested	shape		облегченный	AA2019	38485	бигьалъа́ймалигьаб	
class_suffix	u	бигьаццуб	бигьаццу		бигьаццуб		б	бигьаццуб	attested	shape		лёгонький	AA2019	38493	бигьа́ццуб	
class_suffix	xa	бигьихаб	бигьиха		бигьихаб		б	бигьихаб	attested	shape		засыпаемый	AA2019	38499	бигьиха́б	
class_suffix	xa	бигьухаб	бигьуха		бигьухоб		б	бигьухоб	attested	shape		засыпаемый	AA2019	38500	бигьухо́б	
class_suffix	a	бидулаб	бидула		бидулав		в	бидулав	attested	shape		душегуб	AA2019	38502	би́дул\ав	
class_suffix	a	бидулаб	бидула		бидулав		в	бидулав	attested	shape		кровный враг	AA2019	38503	би́дул\ав	
class_suffix	a	бидулаб	бидула		бидулаб		б	бидула=б	attested	notation		кровный	AA2019	38504	би́дула=б	
class_suffix	xa	бижатахаб	бижатаха		бижатахоб		б	бижатахоб	attested	shape		растущий	SA2012	38510	би́жатахоб	
class_suffix	a	бижихичIаб	бижихичIа		бижихичIаб		б	бижихичIа/б	attested	notation		не растущий	SA2012	38512	би́жихичIа/б	
class_suffix	xa	бикъуйхаб	бикъуйха		бикъуйхаб		б	бикъуйхаб	attested	shape		прекращающийся время от времени	AA2019	38535	бикъу́йхаб	
class_suffix	a	бикъуйхичIаб	бикъуйхичIа		бикъуйхичIаб		б	бикъуйхичIаб	attested	shape		непрекращающийся	AA2019	38536	бикъу́йхичIаб	
class_suffix	a	бикъуйхичIаб	бикъуйхичIа		бикъуйхичIаб		б	бикъуйхичIаб	attested	shape		несмолкаемый	AA2019	38537	бикъу́йхичIаб	
class_suffix	a	билолъаб	билолъа		билолъо		в	билолъо	attested	shape		подвыпивший	AA2019	38570	било́лъо	
class_suffix	a	билълъаб	билълъа		билълъаб		б	билълъа=б	attested	notation		возможный	AA2019	38576	билълъа́=б	
class_suffix	a	билълъихичIаб	билълъихичIа		билълъихичIаб		б	билълъихичIа=б	attested	notation		невозможный	AA2019	38581	билълъихичIа́=б	
class_suffix	a	битIаб	битIа		битIаб		б	битIаб	attested	shape		оборванный	SA2012	38612	битIа́б	
class_suffix	xa	битIайхаб	битIайха		битIайхаб		б	битIайхаб	attested	shape		выпрямляемый	AA2019	38619	битIа́йхаб	
class_suffix	xa	битIайхаб	битIайха		битIайхаб		б	битIайхаб	attested	shape		посылаемый	AA2019	38620	битIа́йхаб	
class_suffix	xa	битIайхаб	битIайха		битIайхаб		б	битIайхаб	attested	shape		исправимый	AA2019	38621	битIа́йхаб	
class_suffix	xa	битIайхаб	битIайха		битIайхаб		б	битIайхаб	attested	shape		отрываемый	AA2019	38622	битIа́йхаб	
class_suffix	a	битIатIаб	битIатIа		битIатIаб		б	битIатIаб	attested	shape		оборванный	SA2012	38626	битIатIа́б	
no_class	plain	битIи	битIи		битIи			битIи	attested	shape	initial_b (class prefix not excluded)	ровный	AA2019	38636	би́тIи	
no_class	plain	битIи	битIи		битIи			битIи	attested	shape	initial_b (class prefix not excluded)	верный	AA2019	38637	би́тIи	
no_class	plain	битIи	битIи		битIи			битIи	attested	shape	initial_b (class prefix not excluded)	правдивый	AA2019	38638	би́тIи	
no_class	plain	битIи	битIи		битIи			битIи	attested	shape	initial_b (class prefix not excluded)	реальный	AA2019	38639	би́тIи	
no_class	plain	битIи	битIи		битIи			битIи	attested	shape	initial_b (class prefix not excluded)	точный	AA2019	38640	би́тIи	
class_suffix	a	битIигъаб	битIигъа		битIигъаб		б	битIигъаб	attested	shape		правильный	AA2019	38651	битIигъа́б	
class_suffix	a	битIигъаб	битIигъа		битIигъаб		б	битIигъаб	attested	shape		правый	AA2019	38652	битIигъа́б	
class_suffix	a	битIигъаб	битIигъа		битIигъаб		б	битIигъаб	attested	shape		правый	SA2012	38653	битIигъа́б	
class_suffix	a	битIигъаб	битIигъа		битIигъаб		б	битIигъаб	attested	shape		десница	AA2019	38655	би́тIигъаб	
class_suffix	u	битIиццуб	битIиццу		битIиццуб		б	битIиццуб	attested	shape		правильный	AA2019	38677	битIиццу́б	
class_suffix	a	битаб	бита		битаб		б	битаб	attested	shape		потерянный	SA2012	38678	бита́б	
class_suffix	xa	бихаб	биха		бихаб		б	биха=б	attested	notation		накалённый	AA2019	38684	биха́=б	
class_suffix	a	бихаймалаб	бихаймала		бихаймалаб		б	бихаймалаб	attested	shape		накалённый	AA2019	38686	биха́ймалаб	
class_suffix	xa	биххаб	бихха		биххаб		б	бихха=б	attested	notation		разрушенный	AA2019	38692	бихха́=б	
class_suffix	xa	биххаб	бихха		биххаб		б	бихха=б	attested	notation		нарушенный	AA2019	38693	бихха́=б	
class_suffix	xa	биххаб	бихха		биххаб		б	бихха=б	attested	notation		возбуждённый	AA2019	38694	бихха́=б	
class_suffix	xa	биххаб	бихха		биххаб		б	биххаб	attested	shape		разрушенный	SA2012	38695	бихха́б	
class_suffix	xa	биххаб	бихха		биххаб		б	биххаб	attested	shape		нарушенный	SA2012	38696	бихха́б	
class_suffix	xa	биххаб	бихха		биххаб		б	биххаб	attested	shape		растерявшийся	SA2012	38697	бихха́б	
class_suffix	xa	биххаб	бихха		биххаб		б	биххаб	attested	shape		бурлящий	SA2012	38698	бихха́б	
class_suffix	a	биххабичаб	биххабича		биххабичаб		б	биххабичаб	attested	shape		панический	SA2012	38699	биххабича́б	
class_suffix	a	биххаймалаб	биххаймала		биххаймалаб		б	биххаймала=б	attested	notation		разрушенный	AA2019	38708	бихха́ймала=б	
class_suffix	a	биххаймалаб	биххаймала		биххаймалаб		б	биххаймала=б	attested	notation		нарушенный	AA2019	38709	бихха́ймала=б	
class_suffix	a	биххаймалаб	биххаймала		биххаймалаб		б	биххаймала=б	attested	notation		возбуждённый	AA2019	38710	бихха́ймала=б	
class_suffix	a	биххаймалаб	биххаймала		биххаймалаб		б	биххаймалаб	attested	shape		разрушенный	SA2012	38711	бихха́ймалаб//бихха́малаб	
class_suffix	a	биххамалаб	биххамала		биххамалаб		б	биххамалаб	variant	shape		разрушенный	SA2012	38711	бихха́ймалаб//бихха́малаб	
class_suffix	xa	биххайхаб	биххайха		биххайхаб		б	биххайхаб	attested	shape		разрушительный	AA2019	38712	бихха́йхаб	
class_suffix	xa	биххатахаб	биххатаха		биххатахоб		б	биххатахоб	attested	shape		обветшалый	SA2012	38713	биххатахоб	
class_suffix	xa	биххихаб	биххиха		биххихаб		б	биххихаб	attested	shape		растерянный	SA2012	38724	биххиха́б	
class_suffix	xa	биххихаб	биххиха		биххихаб		б	биххихаб	attested	shape		2 см. бихха- бича́б	SA2012	38726	биххиха́б	
class_suffix	a	биххихичIаб	биххихичIа		биххихичIаб		б	биххихичIаб	attested	shape		нерушимый	AA2019	38728	биххихичIа́б	
class_suffix	a	бицIаб	бицIа		бицIаб		б	бицIаб	attested	shape		талый	AA2019	38742	бицIа́б	
class_suffix	a	бицIаб	бицIа		бицIаб		б	бицIаб	attested	shape		см. мета́б	SA2012	38743	би́цIаб	
class_suffix	xa	бицIайхаб	бицIайха		бицIайхаб		б	бицIайха=б	attested	notation		растопляющий	AA2019	38747	бицIа́йха=б	
class_suffix	xa	бицIихаб	бицIиха		бицIихаб		б	бицIихаб	attested	shape		растворимый	AA2019	38754	бицIиха́б	
class_suffix	a	бицIихичаб	бицIихича		бицIихичаб		б	бицIихичаб	attested	shape		нерастворимый	AA2019	38755	бицIихича́б	
class_suffix	a	бичIаймалаб	бичIаймала		бичIаймалаб		б	бичIаймалаб	attested	shape		испорченный	SA2012	38762	бичIа́ймалаб	
class_suffix	xa	бичIчайхаб	бичIчайха		бичIчайхаб		б	бичIчайхаб	attested	shape		объяснительный	AA2019	38780	бичIчайха́б	
class_suffix	xa	бичIчихаб	бичIчиха		бичIчихаб		б	бичIчиха=б	attested	notation		понятливый	AA2019	38784	бичIчиха́=б	
class_suffix	xa	бичIчихаб	бичIчиха		бичIчихаб		б	бичIчиха=б	attested	notation		заметный	AA2019	38785	бичIчиха́=б	
class_suffix	a	бичIчихичаб	бичIчихича		бичIчихичаб		б	бичIчихичаб	attested	shape		непонятный	AA2019	38787	бичIчихича́б	
class_suffix	xa	бича-хисихаб	бича-хисиха		бича-хисихаб		б	бича-хисиха=б	attested	notation		торговый	AA2019	38791	би́ча-хисиха́=б	
class_suffix	a	бичаб	бича		бичаб		б	бичаб	attested	shape		проданный	SA2012	38792	бича́б//бича́маъаб	
class_suffix	a	бичамаъаб	бичамаъа		бичамаъаб		б	бичамаъаб	variant	shape		проданный	SA2012	38792	бича́б//бича́маъаб	
class_suffix	a	бичилъаб	бичилъа		бичилъаб		б	бичилъаб	attested	shape		продажный	SA2012	38793	бичилъа́б	
class_suffix	xa	бичихаб	бичиха		бичихаб		б	бичихаб	attested	shape		продажный	AA2019	38795	бичиха́б	
class_suffix	xa	бичихаб	бичиха		бичихоб		б	бичихоб	attested	shape		продающийся	SA2012	38796	бичихо́б	
no_class	plain	биши-бикки	биши-бикки		биши-бикки			биши-бикки	attested	shape	initial_b (class prefix not excluded)	более или менее толстый	AA2019	38813	биши-би́кки	
no_class	plain	бишибикки	бишибикки		бишибикки			бишибикки	attested	shape	initial_b (class prefix not excluded)	толстоватый	SA2012	38814	бишиби́кки	
class_suffix	a	бишихичIаб	бишихичIа		бишихичIаб		б	бишихичIаб	attested	shape		неизлечимый	AA2019	38822	бишихичIа́б	
class_suffix	a	бишихичIаб	бишихичIа		бишихичIаб		б	бишихичIаб	attested	shape		неутолимый	AA2019	38823	бишихичIа́б	
class_suffix	a	бишичIаб	бишичIа		бишичIаб		б	бишичIа=б	attested	notation		невылеченный	AA2019	38826	бишичIа́=б	
class_suffix	a	бишичIаб	бишичIа		бишичIаб		б	бишичIа=б	attested	notation		неутолённый	AA2019	38827	бишичIа́=б	
class_suffix	a	биъинаб	биъина		биъинаб		б	биъина/б	attested	notation		плодородный	SA2012	38834	биъи́на/б	
class_suffix	a	биъинаб	биъина		биъинаб		б	биъина/б	attested	notation		удобренный	SA2012	38835	биъи́на/б	
class_suffix	a	биъинаб	биъина		биъинаб		б	биъина/б	attested	notation		мелкого помола	SA2012	38836	биъи́на/б	
class_suffix	u	богичIуссуб	богичIуссу		богичIуссуб		б	богичIуссуб	attested	shape		полуночный	AA2019	38851	богичIу́ссуб	
class_suffix	u	богичIуссуб	богичIуссу		богичIуссуб		б	богичIуссуб	attested	shape		вечернее время	SA2012	38852	бо́гичIуссуб	
cited_only	gen_relational	болшевикIалуб	болшевикIалуб		болшевикIалуб			болшевикIалуб	attested	shape		большевистский	AA2019	38859	болшеви́кIалуб	
class_suffix	u	болъонццуб	болъонццу		болъонццуб		б	болъонццу=б	attested	notation		свинье	AA2019	38863	болъо́нццу=б	
class_suffix	a	боццаб	боцца		боццаб		б	боцца=б	attested	notation		потускнелый	AA2019	38874	боцца́=б	
class_suffix	u	боццуб	боццу		боццу		в	боццу	attested	shape		тёмно-	AA2019	38884	бо́ццу	
class_suffix	u	боццуб	боццу		боццу		в	боццу	attested	shape		слепой	AA2019	38885	бо́ццу	
class_suffix	u	боццуб	боццу		боццу		в	боццу	attested	shape		тёмный	AA2019	38886	бо́ццу	
class_suffix	u	боццуб	боццу		боццу		в	боццу	attested	shape		темный	SA2012	38887	бо́ццу	
class_suffix	u	боццуб	боццу		боццу		в	боццу	attested	shape		слепой	SA2012	38891	бо́ццу	
no_class	plain	бочIухада	бочIухада		бочIухада			бочIухада	attested	shape	initial_b (class prefix not excluded)	большой	AA2019	38903	бочIу́хада	тот, что
class_suffix	u	бочичиццуб	бочичиццу		бочичиццуб		б	бочичиццуб	attested	shape		растрёпаный	AA2019	38904	бо́чичиццуб	
class_suffix	a	бужаб	бужа		бужаб		б	буж=аб	attested	notation		поверивший	AA2019	38950	буж=а́б	
class_suffix	a	бужаб	бужа		бужаб		б	буж=аб	attested	notation		доверенный	AA2019	38951	буж=а́б	
class_suffix	xa	бужайхаб	бужайха		бужайхаб		б	бужайхаб	attested	shape		убеждающий	AA2019	38957	бужа́йхаб	
class_suffix	xa	бужайхаб	бужайха		бужайхаб		б	бужайхаб	attested	shape		внушительный	AA2019	38958	бужа́йхаб	
no_class	lli	бужирлълъи	бужирлълъи		бужирлълъи			бужирлълъи	attested	shape		имеющий веру	AA2019	38967	бу́жирлълъи	
no_class	lli	бужирлълъи	бужирлълъи		бужирлълъи			бужирлълъи	attested	shape		надёжный	AA2019	38968	бу́жирлълъи	
class_suffix	xa	бужихаб	бужиха		бужихов		в	бужих/ов	attested	notation		доверчивый	SA2012	38969	бужих/о́в	
class_suffix	xa	бужихаб	бужиха		бужихаб		б	бужих=аб	attested	notation		убедительный	AA2019	38970	бужих=а́б	
class_suffix	a	бужихичIаб	бужихичIа		бужихичIаб		б	бужихичI=аб	attested	notation		неубедительный	AA2019	38972	бужихичI=а́б	
class_suffix	u	бужихичIабццуб	бужихичIабццу		бужихичIабццуб		б	бужихичIабццуб	attested	shape		неубедительный	AA2019	38973	бужихичIа́бццуб	
class_suffix	a	бужаб	бужа		бужов		в	бужо/в	attested	notation	o-stem read as a-stem	доверенный	SA2012	38974	бужо́/в	
class_suffix	a	букIаймалаб	букIаймала		букIаймалаб		б	букIаймалаб	attested	shape		накрошенный	AA2019	38979	букIа́ймалаб	
class_suffix	a	букIилъаб	букIилъа		букIилъаб		б	букIилъаб	attested	shape		будущий	SA2012	38984	букIилъаб	
class_suffix	a	букIилъаб	букIилъа		букIилъаб		б	букIилъаб	attested	shape		о том, что будет	SA2012	38985	букIилъаб	
class_suffix	a	букIилъаб	букIилъа		букIилъаб		б	букIилъаб	attested	shape		будущий	AA2019	38986	букIилъа́б	
class_suffix	a	букIихичIаб	букIихичIа		букIихичIаб		б	букIихичIаб	attested	shape		небывалый	AA2019	38988	букIи́хичIаб	
class_suffix	xa	букIихаб	букIиха		букIихоб		б	букIихоб	attested	shape		будущий	AA2019	38989	букIихо́б	
class_suffix	a	буккаб	букка		буккаб		б	букк=аб	attested	notation		случившийся	AA2019	38994	букк=а́б	
class_suffix	a	буккаб	букка		буккаб		б	букк=аб	attested	notation		упавший	AA2019	38995	букк=а́б	
class_suffix	a	буккаб	букка		буккаб		б	буккаб	attested	shape		положенное	SA2012	38996	бу́ккаб	
class_suffix	a	буккамалаб	буккамала		буккамалаб		б	буккамалаб	attested	shape		убитый	SA2012	38999	букка́малаб	
class_suffix	xa	буккихаб	буккиха		буккихаб		б	буккихаб	attested	shape		должный	AA2019	39014	буккиха́б	
class_suffix	xa	буккихаб	буккиха		буккихаб		б	буккихаб	attested	shape		обязанный	AA2019	39015	буккиха́б	
class_suffix	xa	буккихаб	буккиха		буккихаб		б	буккихаб	attested	shape		обманчивый	AA2019	39016	буккиха́б	
class_suffix	xa	буккихаб	буккиха		буккихаб		б	буккихаб	attested	shape		причитающийся	SA2012	39017	буккиха́б	
class_suffix	xa	буккихаб	буккиха		буккихаб		б	буккихаб	attested	shape		подходящий	SA2012	39018	буккиха́б	
class_suffix	a	буккихичIаб	буккихичIа		буккихичIаб		б	буккихичI=аб	attested	notation		недолжный	AA2019	39020	буккихичI=а́б	
class_suffix	a	букъаб	букъа		букъаб		б	букъ=аб	attested	notation		вырезной	AA2019	39025	букъ=а́б	
class_suffix	a	букъакъаб	букъакъа		букъакъаб		б	букъакъаб	attested	shape		порезанный	AA2019	39028	букъакъа́б	
class_suffix	xa	букъихаб	букъиха		букъихаб		б	букъихаб	attested	shape		отрезной	AA2019	39041	букъиха́б	
class_suffix	xa	букъихаб	букъиха		букъихаб		б	букъихаб	attested	shape		резательный	AA2019	39042	букъиха́б	
class_suffix	a	букьаб	букьа		букьаб		б	букь=аб	attested	notation		горький	AA2019	39049	букь=а́б	
no_class	plain	букьа	букьа		букьа			букьа	attested	shape	initial_b (class prefix not excluded)	горький	AA2019	39050	бу́кьа	
no_class	plain	букьа	букьа		букьа			букьа	attested	shape	initial_b (class prefix not excluded)	горький	SA2012	39052	бу́кьа	
no_class	plain	букьа	букьа		букьа			букьа	attested	shape	initial_b (class prefix not excluded)	прогорклый	SA2012	39053	бу́кьа	
class_suffix	a	букьаб	букьа		букьаб		б	букьаб	attested	shape		горячий	AA2019	39054	букьа́б	
class_suffix	a	букьаб	букьа		букьаб		б	букьаб	attested	shape		жаркий	AA2019	39055	букьа́б	
class_suffix	a	букьаб	букьа		букьаб		б	букьаб	attested	shape		знойный	SA2012	39056	бу́кьаб	
class_suffix	a	букьаймалаб	букьаймала		букьаймалаб		б	букьаймалаб	attested	shape		горький	AA2019	39062	букьа́ймалаб	
class_suffix	a	букьаймалаб	букьаймала		букьаймалаб		б	букьаймалаб	attested	shape		горячий	AA2019	39063	букьа́ймалаб	
class_suffix	a	букьаймалаб	букьаймала		букьаймалаб		б	букьаймалаб	attested	shape		раскаленный	SA2012	39064	букьа́ймалаб	
class_suffix	xa	букьайхаб	букьайха		букьайхаб		б	букьайхаб	attested	shape		жгучий	AA2019	39066	букьа́йхаб	
class_suffix	xa	букьайхаб	букьайха		букьайхаб		б	букьайхаб	attested	shape		палящий	AA2019	39067	букьа́йхаб	
class_suffix	xa	букьакьахаб	букьакьаха		букьакьахоб		б	букьакьахоб	attested	shape		сильно горящий	SA2012	39068	бу́кьакьахоб	
class_suffix	a	булIаб	булIа		булIаб		б	булIаб	attested	shape		быль	AA2019	39078	булIа́б	
class_suffix	a	булIаб	булIа		булIаб		б	булIаб	attested	shape		быль	SA2012	39081	булIа́б	
class_suffix	a	булIаб	булIа		булIаб		б	булIаб	attested	shape		законченный	AA2019	39084	булIа́б	
class_suffix	a	булIаб	булIа		булIаб		б	булIаб	attested	shape		случившийся	AA2019	39085	булIа́б	
class_suffix	xa	булIайхаб	булIайха		булIайхаб		б	булIайхаб	attested	shape		проявочный	AA2019	39091	булIа́йхаб	
class_suffix	a	булIайчIаб	булIайчIа		булIайчIаб		б	булIайчIаб	attested	shape		неоконченный	AA2019	39092	булIа́йчIаб	
class_suffix	xa	булIатахаб	булIатаха		булIатахоб		б	булIатахоб	attested	shape		заканчиваемый	AA2019	39096	булIа́тахоб	
no_class	plain	булIи	булIи		булIи			булIи	attested	shape	initial_b (class prefix not excluded)	предопределенный	SA2012	39097	булIи	
class_suffix	a	булIихичаб	булIихича		булIихичаб		б	булIихичаб	attested	shape		нескончаемый	AA2019	39117	булIихича́б	
class_suffix	a	булIихичаб	булIихича		булIихичаб		б	булIихичаб	attested	shape		невозможный	AA2019	39118	булIихича́б	
class_suffix	a	булIичIаб	булIичIа		булIичIаб		б	булIичIаб	attested	shape		неоконченный	AA2019	39119	булIичIа́б	
no_class	plain	булIича	булIича		булIича			булIича	attested	shape	initial_b (class prefix not excluded)	не закончившись	AA2019	39120	булIича́	
no_class	plain	булIичада	булIичада		булIичада			булIичада	attested	shape	initial_b (class prefix not excluded)	не закончившись	AA2019	39121	булIича́да	
class_suffix	xa	бурдихаб	бурдиха		бурдихаб		б	бурдихаб	attested	shape		летательный	AA2019	39141	бурдиха́б	
class_suffix	xa	бурдихаб	бурдиха		бурдихаб		б	бурдихаб	attested	shape		летучий	AA2019	39142	бурдиха́б	
class_suffix	a	бурйатаб	бурйата		бурйатал		л	бурйата=л	attested	notation		буряты	AA2019	39145	бурйа́та=л	-ав, -ай, -аб
class_suffix	a	буртийаб	буртийа		буртийав		в	буртийа=в	attested	notation		чеченец	AA2019	39150	бурти́йа=в	
class_suffix	a	буртийаб	буртийа		буртийай		й	буртийа=й	attested	notation		чеченка	AA2019	39151	бурти́йа=й	
class_suffix	a	буртийаб	буртийа		буртийал		л	буртийа=л	attested	notation		чеченцы	AA2019	39152	бурти́йа=л	
no_class	plain	бутул	бутул		бутул			бутул	attested	shape	initial_b (class prefix not excluded)	см. бу́турул	SA2012	39161	бу́тул	
no_class	plain	бутурул	бутурул		бутурул			бутурул	attested	shape	initial_b (class prefix not excluded)	жители приграничных сел Чечни	SA2012	39163	бу́турул	
cited_only	gen_relational	бутурулуб	бутурулуб		бутурулуб			бутурулуб	attested	shape		чеченский	AA2019	39164	бу́турулуб	
class_suffix	xa	бухатахаб	бухатаха		бухатахоб		б	бухатахоб	attested	shape		вычитаемое	AA2019	39186	бухатахоб	
class_suffix	xa	бухихаб	бухиха		бухихаб		б	бухихаб	attested	shape		завоевательный	AA2019	39207	бу́хихаб	
class_suffix	xa	бухихаб	бухиха		бухихаб		б	бухихаб	attested	shape		съёмный	AA2019	39208	бу́хихаб	
class_suffix	xa	бухихаб	бухиха		бухихаб		б	бухихаб	attested	shape		рисовальный	AA2019	39209	бу́хихаб	
class_suffix	xa	бухихаб	бухиха		бухихаб		б	бухихаб	attested	shape		вывозной	AA2019	39210	бу́хихаб	
class_suffix	xa	буххайхаб	буххайха		буххайхаб		б	буххайхаб	attested	shape		подвесной	AA2019	39217	бухха́йхаб	
class_suffix	xa	буххатахаб	буххатаха		буххатахоб		б	буххатахоб	attested	shape		подвешиваемый	AA2019	39218	бухха́тахоб	
class_suffix	xa	буххатахаб	буххатаха		буххатахоб		б	буххатахоб	attested	shape		появляющийся	AA2019	39220	бухха́тахоб	
class_prefix_suffix	xa	буххихаб	уххиха		буххихаб	б	б	буххихаб	attested	shape+sibling		появляющийся	AA2019	39226	буххиха́б	
class_prefix_suffix	xa	буххихаб	уххиха		буххихаб	б	б	буххихаб	attested	shape+sibling		восходящий	AA2019	39227	буххиха́б	
class_suffix	a	буххихичIаб	буххихичIа		буххихичIаб		б	буххихичIаб	attested	shape		не появляющийся	AA2019	39228	буххихичIа́б	
class_suffix	xa	буххохаб	буххоха		буххохоб		б	буххохо/б	attested	notation	o-stem read as a-stem	висящий	SA2012	39229	буххо:хо/б	
class_suffix	xa	буххохаб	буххоха		буххохоб		б	буххохоб	attested	shape		висящий	AA2019	39230	буххо́хоб	
class_suffix	a	буцIцIаб	буцIцIа		буцIцIаб		б	буцIцIаб	attested	shape		процеженный	AA2019	39238	буцIцIа́б	
class_suffix	a	буцIцIаб	буцIцIа		буцIцIаб		б	буцIцIаб	attested	shape		процеженный	SA2012	39240	буцIцIа́б	
class_suffix	u	буцIцIалъиццуб	буцIцIалъиццу		буцIцIалъиццуб		б	буцIцIалъиццуб	attested	shape		скотский	AA2019	39243	буцIцIа́лъиццуб	
class_suffix	xa	буцIцIацIцIахаб	буцIцIацIцIаха		буцIцIацIцIахоб		б	буцIцIацIцIахоб	attested	shape		просачивающийся	SA2012	39246	буцIцIацIцIахо́б	
class_suffix	xa	буцIцIихаб	буцIцIиха		буцIцIихаб		б	буцIцIихаб	attested	shape		цедильный	AA2019	39250	буцIцIиха́б	
class_suffix	a	бушаб	буша		бушаб		б	бушаб	attested	shape		намазанный	AA2019	39257	буша́б	
class_suffix	a	бушаб	буша		бушаб		б	бушаб	attested	shape		запачканный	AA2019	39258	буша́б	
class_suffix	xa	бушайхаб	бушайха		бушайхаб		б	бушайхаб	attested	shape		мажущий	AA2019	39261	буша́йхаб	
class_suffix	xa	бушайхаб	бушайха		бушайхаб		б	бушайхаб	attested	shape		пачкающий	AA2019	39262	буша́йхаб	
class_suffix	xa	бушихаб	бушиха		бушихаб		б	бушихаб	attested	shape		красильный	AA2019	39271	бушиха́б	
class_suffix	xa	бущихаб	бущиха		бущихаб		б	бущихаб	attested	shape		выдирающий	AA2019	39281	бущиха́б	
class_prefix_suffix	a	багъаргъаб	агъаргъа		вагъаргъов	в	в	агъаргъов	attested	shape	two slashes read as prefix	игривый	SA2012	39288	в/агъаргъ/о́в	
class_prefix_suffix	xa	багъаргъихаб	агъаргъиха		вагъаргъихо	в	в	агъаргъих=о	attested	notation		возбудимый	AA2019	39324	в=агъа́ргъих=о	
class_prefix_suffix	xa	багъушихаб	агъушиха		вагъушихо	в	в	агъуших=о	attested	notation		зябкий	AA2019	39331	в=агъуших=о́	
class_prefix_suffix	xa	бакъайхаб	акъайха		вакъайхаб	в	б	акъайхаб	attested	shape		успокаивающий	AA2019	39340	в=акъа́йхаб	
class_prefix_suffix	xa	бацIихаб	ацIиха		вацIихаб	в	б	ацIиха=б	attested	notation		достижимый	AA2019	39357	в=а́цIиха=б	
class_prefix_suffix	xa	бегъихаб	егъиха		вегъихо	в	в	егъих=о	attested	notation		известный	AA2019	39362	в=егъих=о́	
class_prefix_suffix	xa	бегъихаб	егъиха		вегъихо	в	в	егъих=о	attested	notation		знающий	AA2019	39363	в=егъих=о́	
class_prefix_suffix	a	бегъихичIаб	егъихичIа		вегъихичIо	в	в	егъихичI=о	attested	notation		неузнаваемый	AA2019	39364	в=егъи́хичI=о	
class_prefix_suffix	a	бершайхичIаб	ершайхичIа		вершайхичIо	в	в	ершайхичI=о	attested	notation		незаменимый	AA2019	39374	в=ерша́йхичI=о	
class_prefix		бечекIи	ечекIи		вечекIи	в		вечекIи	attested	notation		низкий	AA2019	39381	в=ече́кIи	
class_prefix_suffix	a	бешдаб	ешда		вешдаб	в	б	ешда=б	attested	notation		медленный	AA2019	39383	в=е́шда=б	
class_prefix_suffix	a	бешдаб	ешда		вешдаб	в	б	ешда=б	attested	notation		непринуждённый	AA2019	39384	в=е́шда=б	
class_prefix_suffix	a	биᴴнсихичIаб	иᴴнсихичIа		виᴴнсихичIо	в	в	иᴴнсихичI=о	attested	notation		неуловимый	AA2019	39390	в=иᴴнсихичI=о́	
class_prefix_suffix	a	бигъаб	игъа		вигъо	в	в	игъ=о	attested	notation		мнимый	AA2019	39395	в=и́гъ=о	
class_prefix_suffix	a	бигъаб	игъа		вигъо	в	в	игъ=о	attested	notation		хмурый	AA2019	39396	в=и́гъ=о	
class_prefix_suffix	a	биккаб	икка		викко	в	в	икко	attested	shape	guess_o	наемный	AA2019	39404	в=икко́	
class_prefix_suffix	a	бингъайхичIаб	ингъайхичIа		вингъайхичIаб	в	б	ингъайхичIа=б	attested	notation		неодолимый	AA2019	39408	в=ингъайхичIа́=б	
class_prefix_suffix	a	биххихичIаб	иххихичIа		виххихичIо	в	в	иххихичIо	attested	shape		находчивый	AA2019	39421	в=иххи́хичIо	
class_prefix_suffix	a	бичIаб	ичIа		вичIо	в	в	ичIо	attested	shape		опустошённый	AA2019	39422	в=ичIо	
class_prefix_suffix	a	биъаб	иъа		виъо	в	в	иъ=о	attested	notation		мертвый	AA2019	39425	в=иъ=о́	
cited_only	other	в=иъа=в=анх=о			виъаванхо			в=иъа=в=анх=о	attested	notation?	unparsed class notation	мертворожденный	AA2019	39426	в=и́ъа=в=анх=о	
class_prefix_suffix	u	биъабццуб	иъабццу		виъабццуб	в	б	иъабццу=б	attested	notation		мертвенный	AA2019	39427	в=иъа́бццу=б	
class_prefix		бочIуха	очIуха		вочIуха	в		вочIуха	attested	notation		взрослый	AA2019	39432	в=о́чIуха	вочIуха
class_prefix		бочIуха	очIуха		вочIуха	в		вочIуха	attested	notation		руководитель	AA2019	39433	в=о́чIуха	вочIуха
class_prefix_suffix	a	буᴴнгъичIаб	уᴴнгъичIа		вуᴴнгъичIо	в	в	уᴴнгъичI=о	attested	notation		несовершеннолетний	AA2019	39434	в=уᴴнгъичI=о́	йи, н-, му-, ну-
no_class	plain	ваᴴнхавлIару	ваᴴнхавлIару		ваᴴнхавлIару			ваᴴнхавлIару	attested	shape		врождённый	AA2019	39470	ва́ᴴнхавлIару	
no_class	plain	ваᴴнхода	ваᴴнхода		ваᴴнхода			ваᴴнхода	attested	shape		прирождённый	AA2019	39471	ва́ᴴнхода	
class_prefix_suffix	xa	багьихаб	агьиха		вагьихо	в	в	вагьихо	attested	shape+shape_prefix	guess_prefix	играющий	AA2019	39492	вагьихо́	
class_suffix	u	вакьадакиссуб	вакьадакиссу		вакьадакиссу		в	вакьадакиссу	attested	shape		центральный	AA2019	39538	вакьада́киссу	
class_suffix	u	вакьадахиссуб	вакьадахиссу		вакьадахиссу		в	вакьадахиссу	attested	shape		заурядный	AA2019	39540	вакьада́хиссу	
cited_only	other	вакьин/а			вакьина			вакьин/а	attested	notation?	unparsed class notation	любовник	SA2012	39542	ва́кьин/а	
class_suffix	a	вакьугучIаб	вакьугучIа		вакьугучIаб		б	вакьугучIаб	attested	shape		непричастный	AA2019	39544	ва́кьугучIаб	
class_suffix	u	вакьуссуб	вакьуссу		вакьуссу		в	вакьуссу	attested	shape		центровой	AA2019	39546	ва́кьуссу	
cited_only	f_cited	валларвай	валларвай		валларвай			валларвай	attested	shape		нехороший человек	SA2012	39561	валларва́й	
no_class	lli	варачалъи	варачалъи		варачалъи			варачалъи	attested	shape		врачебный	AA2019	39583	варача́лъи	
class_prefix_suffix	a	басвасилалъаб	асвасилалъа		васвасилалъо	в	в	васвасилалъо	attested	shape+shape_prefix	guess_prefix	нерешительный	AA2019	39600	васваси́лалъо	
class_suffix	a	вахIшийаб	вахIшийа		вахIшийаб		б	вахIшийа/б	attested	notation		дикий	SA2012	39623	вахIши́йа/б	
class_prefix_suffix	a	бахIшийаб	ахIшийа		вахIшийав	в	в	вахIшийа=в	attested	notation+shape_prefix	guess_prefix	лютый	AA2019	39624	вахIши́йа=в	
class_prefix_suffix	a	бахаролъаб	ахаролъа		вахаролъо	в	в	вахаролъо	attested	shape+shape_prefix	guess_prefix	дряхлый	AA2019	39634	вахаро́лъо	
no_class	plain	ваъа	ваъа		ваъа			ваъа	attested	shape		грамотный	SA2012	39659	ваъа	
class_suffix	xa	векIкIахаб	векIкIаха		векIкIахоб		б	векIкIахоб	attested	shape		насмешливый	AA2019	39680	векIкIахо́б	
no_class	lli	векъвалъи	векъвалъи		векъвалъи			векъвалъи	attested	shape		жилистый	AA2019	39681	ве́къвалъи	
class_prefix_suffix	a	белIалъаб	елIалъа		велIалъо	в	в	велIалъо	attested	shape+shape_prefix	guess_prefix	отъезжающий	AA2019	39690	велIалъо	
class_prefix_suffix	xa	белIуваᴴихаб	елIуваᴴиха		велIуваᴴихов	в	в	велIуваᴴихов	attested	shape+shape_prefix	guess_prefix	пеший	SA2012	39694	ве́лIуваᴴихов	
class_prefix_suffix	xa	белълъихаб	елълъиха		велълъихо	в	в	велълъихо	attested	shape+shape_prefix	guess_prefix	ведущий	AA2019	39701	велълъихо	
cited_only	f_cited	венгерай	венгерай		венгерай			венгерай	attested	shape		венгерка	AA2019	39702	венге́рай	
cited_only	plural_cited	венгерал	венгерал		венгерал			венгерал	attested	shape		венгры	AA2019	39703	венге́рал	
mwe					вессхъе веххо				attested	space		отсталый	AA2019	39712	вессхъе́ веххо́	
mwe					весхъа хъидихичIо				attested	space		беззаветный	AA2019	39713	весхъа хъидихичIо	
mwe					весхъе веххулъо				attested	space		неуспевающий	AA2019	39714	весхъе́ веххулъо́	
class_prefix_suffix	a	бехутIугъвандаб	ехутIугъванда		вехутIугъвандов	в	в	вехутIугъвандов	attested	shape+shape_prefix	guess_prefix	догадливый	SA2012	39718	вехутIугъвандо́в	
class_prefix_suffix	a	бехутIулълъаб	ехутIулълъа		вехутIулълъо	в	в	вехутIулълъо	attested	shape+shape_prefix	guess_prefix	неотвязный	AA2019	39720	вехутIулълъо́	
class_suffix	u	вехутIуссуб	вехутIуссу		вехутIуссуб		б	вехутIуссуб	attested	shape		следующий	AA2019	39721	вехутIу́ссуб	
class_suffix	a	веххуйхичIаб	веххуйхичIа		веххуйхичIаб		б	веххуйхичIаб	attested	shape		незабываемый	AA2019	39725	вехху́йхичIаб	
no_class	lli	веццатирлъи	веццатирлъи		веццатирлъи			веццатирлъи	attested	shape		хвалебный	AA2019	39728	ве́ццатирлъи	
class_prefix_suffix	xa	беццихаб	ецциха		веццихо	в	в	веццихо	attested	hint+hint		радостный	AA2019	39732	веццихо́	й-...-ай, б-...-аб, р-...-ал
class_suffix	xa	вечаригъайхаб	вечаригъайха		вечаригъайхаб		б	вечаригъайхаб	attested	shape		малярийный	AA2019	39743	вечаригъа́йхаб	
no_class	lli	вечарлъи	вечарлъи		вечарлъи			вечарлъи	attested	shape		малярийный	AA2019	39744	веча́рлъи	
class_prefix_suffix	a	бештихичIаб	ештихичIа		вештихичIо	в	в	вештихичIо	attested	shape+shape_prefix	guess_prefix	неугомонный	AA2019	39751	вештихичIо́	
class_prefix_suffix	xa	биᴴнхихаб	иᴴнхиха		виᴴнхихо	в	в	виᴴнхихо	attested	shape+shape_prefix	guess_prefix	противный	AA2019	39759	виᴴнхихо́	й-, м-, н-
class_prefix_suffix	a	бигъвалъаб	игъвалъа		вигъвалъо	в	в	вигъвалъо	attested	shape+shape_prefix	guess_prefix	хмурый	AA2019	39765	ви́гъвалъо	
class_prefix_suffix	a	бигъихичIаб	игъихичIа		вигъихичIо	в	в	вигъихичIо	attested	shape+shape_prefix	guess_prefix	неусидчивый	AA2019	39769	вигъихичIо́	
class_prefix_suffix	xa	бигъихаб	игъиха		вигъихо	в	в	вигъихо	attested	shape+shape_prefix	guess_prefix	усердный	AA2019	39770	вигъихо́	
class_prefix_suffix	a	бигъаб	игъа		вигъов	в	в	вигъов	attested	shape+shape_prefix	guess_prefix	угрюмый	SA2012	39771	вигъо́в	
class_suffix	xa	вигьайхаб	вигьайха		вигьайхаб		б	вигьайхаб	attested	shape		отрезвляющий	AA2019	39774	вигьа́йхаб	
class_prefix_suffix	a	билаймалигьаб	илаймалигьа		вилаймалигьо	в	в	вилаймалигьо	attested	hint+hint	guess_o	брошенный	AA2019	39784	ви́лаймалигьо	й-...-ай, б-...-аб, р-...-ал
mwe					вилир гучIо				attested	space		беспробудный	AA2019	39787	вилир гучIо	
mwe					вингъай вилIихичо				attested	space		неуязвимый	AA2019	39789	вингъа́й вилIихичо́	
mwe					винкIи-гьирччи бегъихичо				attested	space		бестактный	AA2019	39795	винкIи-гьирччи бегъихичо	
class_prefix_suffix	xa	бинсихаб	инсиха		винсихо	в	в	винсихо	attested	shape+shape_prefix	guess_prefix	предприимчивый	AA2019	39799	винсихо́	
class_prefix_suffix	a	бинхичIаб	инхичIа		винхичIо	в	в	винхичIо	attested	shape+shape_prefix	guess_prefix	бессмертный	AA2019	39807	винхичIо	
class_prefix_suffix	xa	бинцIцIихаб	инцIцIиха		винцIцIихо	в	в	винцIцIих=о	attested	notation+shape_prefix	guess_prefix	признанный	AA2019	39810	винцIцIих=о́	
class_prefix_suffix	a	бинцIцIихичIаб	инцIцIихичIа		винцIцIихичIо	в	в	винцIцIихичIо	attested	shape+shape_prefix	guess_prefix	ничтожный	AA2019	39811	винцIцIи́хичIо	
class_prefix_suffix	a	биншаб	инша		виншов	в	в	виншов	attested	shape+shape_prefix	guess_prefix	победивший	SA2012	39813	виншо́в	
no_class	plain	витIи	витIи		витIи			витIи	attested	shape		справедливый	AA2019	39823	ви́тIи	
class_prefix_suffix	xa	биххихаб	иххиха		виххихов	в	в	виххихов	attested	shape+shape_prefix	guess_prefix	вспыльчивый	SA2012	39840	виххихо́в	
class_prefix_suffix	xa	биххихаб	иххиха		виххихов	в	в	виххихов	attested	shape+shape_prefix	guess_prefix	пугливый	SA2012	39841	виххихо́в	
class_prefix_suffix	xa	биххаб	ихха		виххо	в	в	виххо	attested	shape+shape_prefix	guess_prefix	растерянный	AA2019	39842	виххо́	
class_prefix_suffix	xa	бишихаб	ишиха		вишихо	в	в	вишихо	attested	shape+shape_prefix	guess_prefix	отходчивый	AA2019	39851	вишихо́	
class_prefix_suffix	xa	биъачIвагьихаб	иъачIвагьиха		виъачIвагьихо	в	в	виъачIвагьихо	attested	shape+shape_prefix	guess_prefix	мнимоумерший	AA2019	39853	ви́ъачIвагьихо	
class_suffix	xa	виъихаб	виъиха		виъихаб		б	виъихаб	attested	shape		смертный	AA2019	39858	виъиха́б	
class_prefix_suffix	a	биъихичIаб	иъихичIа		виъихичIо	в	в	виъихичIо	attested	shape+shape_prefix	guess_prefix	живучий	AA2019	39859	виъи́хичIо	
cited_only	f_cited	вйетнамай	вйетнамай		вйетнамай			вйетнамай	attested	shape		вьетнамка	AA2019	39861	вйетна́май	
cited_only	plural_cited	вйетнамал	вйетнамал		вйетнамал			вйетнамал	attested	shape		вьетнамцы	AA2019	39862	вйетна́мал	
cited_only	gen_relational	вйетнамалуб	вйетнамалуб		вйетнамалуб			вйетнамалуб	attested	shape		вьетнамский	AA2019	39863	вйетна́малуб	
class_suffix	xa	ворчIайхаб	ворчIайха		ворчIайхаб		б	ворчIайхаб	attested	shape		спасательный	AA2019	39879	ворчIа́йхаб	
class_prefix_suffix	a	буᴴнгъаб	уᴴнгъа		вуᴴнгъо	в	в	вуᴴнгъо	attested	shape+shape_prefix	guess_o; guess_prefix	возмужалый	AA2019	39886	ву́ᴴнгъо́	йи, ннгъай, мугъаб, нугъал
class_prefix_suffix	a	букIаб	укIа		вукIо	в	в	вукIо	attested	shape+shape_prefix	guess_o; guess_prefix	предшественник	AA2019	39894	вукIо́	
class_prefix_suffix	a	булIаб	улIа		вулIо	в	в	вулIо	attested	shape+shape_prefix	guess_o; guess_prefix	уединённый	AA2019	39899	вулIо́	
class_suffix	a	вулълъаб	вулълъа		вулълъаб		б	вулълъаб	attested	shape		на выезде из города	AA2019	39901	ву́лълъаб	
class_suffix	xa	вулълъайхаб	вулълъайха		вулълъайхаб		б	вулълъайхаб	attested	shape		искупительный	AA2019	39902	вулълъа́йхаб	
class_suffix	xa	вулълъатахаб	вулълъатаха		вулълъатахоб		б	вулълъатахоб	attested	shape		вступительный	AA2019	39904	ву́лълъатахоб	
class_prefix_suffix	xa	булълъихаб	улълъиха		вулълъихо	в	в	вулълъихо	attested	shape+shape_prefix	guess_prefix	вкрадчивый	AA2019	39906	вулълъихо	
class_prefix_suffix	xa	буххихаб	уххиха		вуххихаб	в	б	вуххихаб	attested	shape+sibling		явочный	AA2019	39930	ву́ххихаб	
class_suffix	u	гIабдалццуб	гIабдалццу		гIабдалццу		в	гIабдалццу	attested	shape		дураковатый	AA2019	39943	гIабда́лццу	
class_suffix	u	гIабдалццуб	гIабдалццу		гIабдалццуб		б	гIабдалццу/б	attested	notation		дураковатый	SA2012	39944	гIабда́лццу/б	
class_suffix	a	гIагараб	гIагара		гIагарав		в	гIагарав	attested	hint		близкий	AA2019	39949	гIага́рав	-аб, -ай, -ал
class_suffix	a	гIагараб	гIагара		гIагарав		в	гIагарав	attested	shape		родственник	SA2012	39951	гIага́рав	
cited_only	f_cited	гIагарай	гIагарай		гIагарай			гIагарай	attested	shape		родственница	SA2012	39953	гIага́рай	
cited_only	plural_cited	гIагарал	гIагарал		гIагарал			гIагарал	attested	shape		родственники	SA2012	39954	гIагарал	
class_suffix	u	гIададассуб	гIададассу		гIададассуб		б	гIададассу/б	attested	notation		напрасный	SA2012	39964	гIада́дассу/б	
class_suffix	u	гIададассуб	гIададассу		гIададассуб		б	гIададассуб	attested	shape		напрасный	AA2019	39965	гIада́дассуб	
cited_only	plural_cited	гIадал	гIадал		гIадал			гIадал	attested	shape		дурной	AA2019	39967	гIада́л	
class_suffix	a	гIадалаб	гIадала		гIадалаб		б	гIадала/б	attested	notation		глупый	SA2012	39971	гIада́ла/б	
class_suffix	a	гIадалаб	гIадала		гIадалаб		б	гIадала/б	attested	notation		неразумный	SA2012	39972	гIада́ла/б	
class_suffix	a	гIадалаб	гIадала		гIадало		в	гIадало	attested	shape	guess_o	сумасшедший	AA2019	39980	гIадало́	
class_suffix	a	гIадатаб	гIадата		гIадатаб		б	гIадата/б	attested	notation		обычный	SA2012	39987	гIада́та/б	
mwe					гIадате белIаб				attested	space		привычный	AA2019	39988	гIадате́ белIа́б	
class_suffix	a	гIадатийаб	гIадатийа		гIадатийаб		б	гIадатийаб	attested	shape		житейский	AA2019	39989	гIадати́йаб	
no_class	lli	гIадатлълъи	гIадатлълъи		гIадатлълъи			гIадатлълъи	attested	shape		традиционный	AA2019	39991	гIада́тлълъи	
class_suffix	u	гIадатццуб	гIадатццу		гIадатццуб		б	гIадатццуб	attested	shape		как обычай	AA2019	39992	гIада́тццуб	
class_suffix	a	гIаджаибаб	гIаджаиба		гIаджаибаб		б	гIаджаибаб	attested	shape		странный	AA2019	39998	гIаджаи́баб	
class_suffix	xa	гIадихаб	гIадиха		гIадихаб		б	гIадихаб	attested	shape		колкий	AA2019	40013	гIадиха́б	
no_class	lli	гIадлу-мизанилъи	гIадлу-мизанилъи		гIадлу-мизанилъи			гIадлу-мизанилъи	attested	shape		моральный	AA2019	40023	гIа́длу-мизанилъи	
no_class	lli	гIадлулълъи	гIадлулълъи		гIадлулълъи			гIадлулълъи	attested	shape		дисциплинированный	SA2012	40027	гIа́длулълъи	
no_class	lli	гIадлулълъи	гIадлулълъи		гIадлулълъи			гIадлулълъи	attested	shape		соблюдающий дисциплину и порядок	SA2012	40028	гIа́длулълъи	
class_suffix	a	гIажагIибаб	гIажагIиба		гIажагIибаб		б	гIажагIибаб	attested	hint		удивительный	AA2019	40029	гIажагIи́баб	-ав, -ай, -ал
class_suffix	a	гIажаибаб	гIажаиба		гIажаибаб		б	гIажаиба/б	attested	notation		удивительный	SA2012	40031	гIажаи́ба/б	
class_suffix	a	гIажаибаб	гIажаиба		гIажаибаб		б	гIажаиба/б	attested	notation		странный	SA2012	40032	гIажаи́ба/б	
class_suffix	a	гIажизаб	гIажиза		гIажизаб		б	гIажиза/б	attested	notation		слабый	SA2012	40038	гIажи́за/б	
class_suffix	a	гIажизаб	гIажиза		гIажизаб		б	гIажиза/б	attested	notation		увечный	SA2012	40039	гIажи́за/б	
class_suffix	a	гIайибаб	гIайиба		гIайибаб		б	гIайиба/б	attested	notation		увечный	SA2012	40066	гIайи́ба/б	
class_suffix	a	гIайибаб	гIайиба		гIайибав		в	гIайибав	attested	hint		виноватый	AA2019	40067	гIайи́бав	-ай, -аб, -ал
class_suffix	a	гIайибийаб	гIайибийа		гIайибийав		в	гIайибийа/в	attested	notation		виновный	SA2012	40070	гIайиби́йа/в	
class_suffix	a	гIакъилаб	гIакъила		гIакъилав		в	гIакъила/в	attested	notation		мудрый	SA2012	40092	гIакъи́ла/в	
no_class	lli	гIакълулълъи	гIакълулълъи		гIакълулълъи			гIакълулълъи	attested	shape		умный	SA2012	40097	гIакълу́лълъи	
class_suffix	a	гIаламатаб	гIаламата		гIаламатаб		б	гIаламата/б	attested	notation		удивительный	SA2012	40121	гIала́мата/б	
class_suffix	a	гIаламатаб	гIаламата		гIаламатаб		б	гIаламата/б	attested	notation		странный	SA2012	40122	гIала́мата/б	
class_suffix	a	гIаламатаб	гIаламата		гIаламатаб		б	гIаламатаб	attested	shape		чудный	AA2019	40123	гIала́матаб	
mwe					гIалхуда бижихаб				attested	space		дикорастущий	AA2019	40140	гIалху́да би́жихаб	
no_class	plain	гIалхул	гIалхул		гIалхул			гIалхул	attested	shape		дикий	AA2019	40141	гIалху́л	
no_class	plain	гIалхул	гIалхул		гIалхул			гIалхул	attested	shape		хищный	AA2019	40142	гIалху́л	
no_class	plain	гIалхул	гIалхул		гIалхул			гIалхул	attested	shape		дикий	SA2012	40143	гIалху́л	
class_suffix	a	гIаммаб	гIамма		гIаммаб		б	гIаммаб	attested	shape		общий	AA2019	40160	гIа́ммаб	
class_suffix	a	гIаммаб	гIамма		гIаммаб		б	гIаммаб	attested	shape		общий	SA2012	40162	гIа́ммаб	
class_suffix	a	гIантаб	гIанта		гIантаб		б	гIанта/б	attested	notation		глупый	SA2012	40174	гIа́нта/б	
class_suffix	a	гIантаб	гIанта		гIантаб		б	гIанта/б	attested	notation		неразумный	SA2012	40175	гIа́нта/б	
class_suffix	a	гIанчIаймалаб	гIанчIаймала		гIанчIаймало		в	гIанчIаймало	attested	shape	guess_o	избалованный	AA2019	40178	гIанчIа́ймало	
class_suffix	a	гIараб	гIара		гIараб		б	гIараб	attested	shape		арабский	SA2012	40187	гIара́б	
mwe					гIаралъи гучIо				attested	space		безродный	AA2019	40202	гIаралъи гучIо	-аб, -ай
no_class	lli	гIарзилъи	гIарзилъи		гIарзилъи			гIарзилъи	attested	shape		жалобный	AA2019	40215	гIа́рзилъи	
cited_only	plural_cited	гIассигIарабийал	гIассигIарабийал		гIассигIарабийал			гIассигIарабийал	attested	shape		арабы немусульманской веры	SA2012	40221	гIассигIараби́йал	
class_suffix	a	гIассийаб	гIассийа		гIассийав		в	гIассийа/в	attested	notation		неверующий	SA2012	40223	гIасси́йа/в	
class_suffix	a	гIассийаб	гIассийа		гIассийав		в	гIассийа/в	attested	notation		беспощадный	SA2012	40224	гIасси́йа/в	
class_suffix	a	гIассийаб	гIассийа		гIассийаб		б	гIассийаб	attested	shape		жестокий	SA2012	40225	гIассийаб	
class_suffix	a	гIассийаб	гIассийа		гIассийаб		б	гIассийаб	attested	shape		зверский	AA2019	40226	гIасси́йаб	
class_suffix	a	гIассилъаб	гIассилъа		гIассилъо		в	гIассилъо	attested	hint		озлобленный	AA2019	40238	гIасси́лъо	-ай, -аб, -ал
class_suffix	a	гIатIидаб	гIатIида		гIатIидаб		б	гIатIида/б	attested	notation		просторный	SA2012	40242	гIатIи́да/б	
class_suffix	a	гIатIидаб	гIатIида		гIатIидаб		б	гIатIидаб	attested	shape		широкий	AA2019	40243	гIатIи́даб	
class_suffix	a	гIатIидаб	гIатIида		гIатIидаб		б	гIатIидаб	attested	shape		вольный	AA2019	40244	гIатIи́даб	
cited_only	other	гIахъушид/и			гIахъушиди			гIахъушид/и	attested	notation?	unparsed class notation	акушинцы	SA2012	40251	гIахъуши́д/и	
cited_only	other	гIахъушид/и			гIахъушиди			гIахъушид/и	attested	notation?	unparsed class notation	даргинский язык	SA2012	40252	гIахъуши́д/и	
class_suffix	a	гIахьалаб	гIахьала		гIахьалаб		б	гIахьала/б	attested	notation		общий	SA2012	40258	гIахьа́ла/б	
no_class	plain	гIашикъ	гIашикъ		гIашикъ			гIашикъ	attested	shape		влюбленный	AA2019	40271	гIашикъ	
class_suffix	a	гIедегIаб	гIедегIа		гIедегIаб		б	гIедегIа/б	attested	notation		спешный	SA2012	40277	гIедегIа́/б	
class_suffix	a	гIедегIалъаб	гIедегIалъа		гIедегIалъаб		б	гIедегIалъ/аб	attested	notation		спешащий	SA2012	40278	гIедегIалъ/а́б	
class_suffix	a	гIедечедераб	гIедечедера		гIедечедераб		б	гIедечедераб	attested	shape		шустрый	SA2012	40280	гIедечеде́раб	
class_suffix	a	гIедигIаб	гIедигIа		гIедигIаб		б	гIедигIаб	attested	shape		спешный	AA2019	40282	гIедигIа́б	
class_suffix	u	гIекIиццуб	гIекIиццу		гIекIиццуб		б	гIекIиццуб	attested	shape		крючковатый	AA2019	40287	гIе́кIиццуб	
class_suffix	a	гIелмийаб	гIелмийа		гIелмийаб		б	гIелмийа/б	attested	notation		научный	SA2012	40290	гIелми́йа/б	
no_class	lli	гIелмулъи	гIелмулъи		гIелмулъи			гIелмулъи	attested	shape		научный	AA2019	40292	гIе́лмулъи	
no_class	plain	гIелмухибалIина	гIелмухибалIина		гIелмухибалIина			гIелмухибалIина	attested	shape		наукообразный	AA2019	40293	гIе́лмухибалIина	
class_suffix	a	гIенкъаб	гIенкъа		гIенкъав		в	гIенкъа/в	attested	notation		глухой	SA2012	40297	гIе́нкъа/в	
class_suffix	xa	гIенкъайхаб	гIенкъайха		гIенкъайхаб		б	гIенкъайхаб	attested	shape		оглушительный	AA2019	40300	гIенкъа́йхаб	
no_class	plain	гIенкъи	гIенкъи		гIенкъи			гIенкъи	attested	shape		глухой	AA2019	40303	гIе́нкъи	
class_suffix	a	гIиндаб	гIинда		гIиндаб		б	гIинда/б	attested	notation		сытый	SA2012	40320	гIинда́/б	
class_suffix	a	гIиндаб	гIинда		гIиндаб		б	гIинда/б	attested	notation		насыщенный	SA2012	40321	гIинда́/б	
class_suffix	a	гIиндихичIаб	гIиндихичIа		гIиндихичIо		в	гIиндихичIо	attested	hint		ненасытный	AA2019	40331	гIи́ндихичIо	-ай, -аб, -ал
class_suffix	a	гIиндаб	гIинда		гIиндо		в	гIиндо	attested	shape	guess_o	пресыщенный	AA2019	40332	гIиндо́	
class_suffix	a	гIиндулъаб	гIиндулъа		гIиндулъо		в	гIиндулъо	attested	shape		сытый	AA2019	40333	гIиндулъо́	
class_suffix	a	гIисси-бикъинаб	гIисси-бикъина		гIисси-бикъинаб		б	гIисси-бикъина/б	attested	notation		незначительный	SA2012	40342	гIисси́-бикъи́на/б	
no_class	plain	гIолохъан	гIолохъан		гIолохъан			гIолохъан	attested	shape		молодой	AA2019	40359	гIолохъан	-ав, -ай, -аб, -ал
no_class	plain	гIолохъан	гIолохъан		гIолохъан			гIолохъан	attested	shape		недавно начавший расти	AA2019	40360	гIолохъан	-ав, -ай, -аб, -ал
class_suffix	a	гIолохъанаб	гIолохъана		гIолохъанаб		б	гIолохъана/б	attested	notation		молодой	SA2012	40363	гIоло́хъана/б	
class_suffix	a	гIузруйаб	гIузруйа		гIузруйаб		б	гIузруйа/б	attested	notation		болезненный	SA2012	40379	гIу́зруйа/б	
no_class	lli	гIумрулъи	гIумрулъи		гIумрулъи			гIумрулъи	attested	shape		жизненный	AA2019	40386	гIу́мрулъи	
mwe					гIумуру гучIаб				attested	space		безжизненный	AA2019	40390	гIу́муру гучIа=б	
no_class	lli	гIумуруйлъи	гIумуруйлъи		гIумуруйлъи			гIумуруйлъи	attested	shape		пожизненный	AA2019	40392	гIумуруйлъи	
class_suffix	xa	гIумуруйхаб	гIумуруйха		гIумуруйхаб		б	гIумуруйхаб	attested	shape		пожизненный	AA2019	40393	гIумуруйха́б	
no_class	plain	гIумурулIи	гIумурулIи		гIумурулIи			гIумурулIи	attested	shape		обитательный	AA2019	40394	гIу́мурулIи	
no_class	plain	гIурус	гIурус		гIурус			гIурус	attested	shape		русский	SA2012	40399	гIуру́с	
class_suffix	a	гIурусаб	гIуруса		гIурусав		в	гIурусав	attested	shape		русский	SA2012	40401	гIуру́сав	
cited_only	f_cited	гIурусай	гIурусай		гIурусай			гIурусай	attested	shape		русская	AA2019	40402	гIуру́сай	
class_suffix	xa	гIурусихаб	гIурусиха		гIурусихаб		б	гIурусихаб	attested	shape		обрусительный	AA2019	40412	гIурусиха́б	
class_suffix	a	гIурусаб	гIуруса		гIурусо		в	гIурусо	attested	shape	guess_o	обруселый	AA2019	40415	гIурусо́	
class_suffix	a	гIуруссаб	гIурусса		гIуруссав		в	гIуруссав	attested	shape		русский	AA2019	40416	гIуру́ссав	
class_suffix	a	гIурхъибукIаб	гIурхъибукIа		гIурхъибукIаб		б	гIурхъибукIаб	attested	shape		межевой	AA2019	40421	гIурхъи́букIаб	
class_suffix	a	гIурхъигандаб	гIурхъиганда		гIурхъигандаб		б	гIурхъигандаб	attested	shape		межевой	AA2019	40422	гIурхъи́гандаб	
class_suffix	u	гIурхъилъиссуб	гIурхъилъиссу		гIурхъилъиссуб		б	гIурхъилъиссуб	attested	shape		пограничный	AA2019	40423	гIурхъи́лъиссуб	
class_suffix	u	гIурхъихессуб	гIурхъихессу		гIурхъихессуб		б	гIурхъихессуб	attested	shape		граничный	AA2019	40424	гIурхъи́хессуб	
class_suffix	a	гIуцIцIаб	гIуцIцIа		гIуцIцIаб		б	гIуцIцIаб	attested	shape		обставленный	SA2012	40428	гIуцIцIа́б	
class_suffix	a	гIуццаб	гIуцца		гIуццаб		б	гIуццаб	attested	shape		организованный	AA2019	40431	гIуцца́б	
class_suffix	a	гIуццигучаб	гIуццигуча		гIуццигучаб		б	гIуццигучаб	attested	shape		неорганизованный	AA2019	40433	гIу́ццигучаб	
no_class	lli	гIуццирлъи	гIуццирлъи		гIуццирлъи			гIуццирлъи	attested	shape		организационный	AA2019	40435	гIу́ццирлъи	
class_suffix	a	гIуццичIаб	гIуццичIа		гIуццичIаб		б	гIуццичIаб	attested	shape		неустроенный	AA2019	40436	гIуццичIа́б	
class_suffix	xa	гадандихаб	гадандиха		гадандихаб		б	гадандихаб	attested	shape		весовой	AA2019	40455	гада́ндихаб	
no_class	lli	гамалъи	гамалъи		гамалъи			гамалъи	attested	shape		корабельный	AA2019	40498	гама́лъи	
class_suffix	a	гамутIаб	гамутIа		гамутIо		в	гамутIо	attested	hint	guess_o	мёрзлый	AA2019	40503	гамутIо	-ай, -аб, -ал
class_suffix	a	гандаб	ганда		гандаб		б	гандаб	attested	shape		натянутый	AA2019	40517	гандаб	
class_suffix	a	гандаб	ганда		гандаб		б	гандаб	attested	shape		взвешенный	SA2012	40518	га́ндаб	
class_suffix	a	гандаймалаб	гандаймала		гандаймалаб		б	гандаймалаб	attested	shape		затяжной	AA2019	40524	ганда́ймалаб	
class_suffix	a	гандаймалаб	гандаймала		гандаймалаб		б	гандаймалаб	attested	shape		натянутый	SA2012	40525	ганда́ймалаб	
class_suffix	xa	гандайхаб	гандайха		гандайхаб		б	гандайхаб	attested	shape		натяжной	AA2019	40528	ганда́йхаб	
no_class	lli	гандирлъи	гандирлъи		гандирлъи			гандирлъи	attested	shape		вытяжной	AA2019	40540	га́ндирлъи	
class_suffix	xa	гандихаб	гандиха		гандихаб		б	гандихаб	attested	shape		курительный	AA2019	40541	гандиха́б	гандихаб
class_suffix	xa	гандихаб	гандиха		гандихаб		б	гандихаб	attested	shape		втяжной	AA2019	40542	гандиха́б	гандихаб
class_suffix	u	гарудиссуб	гарудиссу		гарудиссуб		б	гарудиссуб	attested	shape		тогдашний	AA2019	40581	гару́диссуб	
class_suffix	u	гважиццуб	гважиццу		гважиццуб		б	гважиццуб	attested	shape		похожий на суку	AA2019	40619	гва́жиццуб	
cited_only	other	гвангвадаб/агьиха/б			гвангвадабагьихаб			гвангвадаб/агьиха/б	attested	notation?	unparsed class notation (two slashes)	бодливый	SA2012	40639	гва́нгвадаб/агьиха/б	
class_suffix	a	гвангъаб	гвангъа		гвангъаб		б	гвангъаб	attested	hint		блестящий	AA2019	40644	гвангъа́б	-о, -ай, -ал
class_suffix	a	гвангъаб	гвангъа		гвангъаб		б	гвангъаб	attested	shape		яркий	SA2012	40646	гвангъа́б	
class_suffix	a	гвангъадаб	гвангъада		гвангъадаб		б	гвангъада/б	attested	notation		яркий	SA2012	40650	гвангъада́/б	
class_suffix	xa	гвангъивхаб	гвангъивха		гвангъивхоб		б	гвангъивхоб	attested	hint		освещённый	AA2019	40655	гва́нгъив\хоб	-лъо, -лъай, -лъаб
class_suffix	xa	гвангъохаб	гвангъоха		гвангъохоб		б	гвангъохоб	attested	hint		освещённый	AA2019	40661	гвангъо\хоб	-лъо, -лъай, -лъаб
class_suffix	a	гванзаб	гванза		гванзаб		б	гванза/б	attested	notation		непокорный	SA2012	40662	гва́нза/б	
class_suffix	a	гванзаб	гванза		гванзаб		б	гванза/б	attested	notation		дерзкий	SA2012	40663	гва́нза/б	
no_class	plain	гванзи	гванзи		гванзи			гванзи	attested	shape		прекрасный	AA2019	40668	гва́нзи	
no_class	plain	гванзи	гванзи		гванзи			гванзи	attested	shape		хороший	SA2012	40670	гва́нзи	
class_suffix	a	гванзигучIаб	гванзигучIа		гванзигучIаб		б	гванзигучIаб	attested	hint		нехороший	AA2019	40672	гва́нзигучIаб	-о, -ай, -ал
class_suffix	xa	гергахаб	гергаха		гергахоб		б	гергахоб	attested	shape		отвислый	SA2012	40698	гергахо́б	
class_suffix	xa	гергахаб	гергаха		гергахоб		б	гергахоб	attested	shape		висячий	AA2019	40699	ге́ргахоб	гергахоб
class_suffix	xa	гергахаб	гергаха		гергахоб		б	гергахоб	attested	shape		обвислый	AA2019	40700	ге́ргахоб	гергахоб
class_suffix	u	герекалуб	герекалу		герекалуб		б	герекалу=б	attested	notation		греческий	AA2019	40711	гере́калу=б	
class_suffix	a	гигинаххваб	гигинаххва		гигинаххваб		б	гигинаххваб	attested	shape		цветистый	AA2019	40720	гиги́наххваб	
class_suffix	a	гогьаб	гогьа		гогьаб		б	гогьа/б	attested	notation		шаловливый	SA2012	40754	го́гьа/б	
class_suffix	a	гогьаймалаб	гогьаймала		гогьаймало		в	гогьаймало	attested	shape	guess_o	избалованный	AA2019	40756	гогьа́ймало	
mwe					город бета орссуссуб				attested	space		загородный	AA2019	40786	го́род бе́та о́рссуссуб	
class_suffix	a	гоцагъаб	гоцагъа		гоцагъаб		б	гоцагъ/аб	attested	notation		другой	SA2012	40790	го́цагъ/аб	
no_class	plain	гуги	гуги		гуги			гуги	attested	shape		коренные	AA2019	40806	гу́ги	
no_class	plain	гуги	гуги		гуги			гуги	attested	shape		коренной	SA2012	40808	гу́ги	
class_suffix	xa	гулатарагьихаб	гулатарагьиха		гулатарагьихаб		б	гулатарагьихаб	attested	shape		переговорный	AA2019	40835	гулатарагьиха́б	
mwe					гураб басалIи				attested	space		кудрявый	AA2019	40867	гура́б баса́лIи	
class_suffix	a	гураймалаб	гураймала		гураймалаб		б	гураймалаб	attested	shape		гнутый	AA2019	40872	гура́ймалаб	
class_suffix	a	гураймалаб	гураймала		гураймалаб		б	гураймалаб	attested	shape		завитой	AA2019	40873	гура́ймалаб	
class_suffix	a	гурараб	гурара		гурараб		б	гурараб	attested	shape		волнистый	AA2019	40876	гурара́б	гурараб
class_suffix	a	гурараб	гурара		гурараб		б	гурараб	attested	shape		курчавый	SA2012	40877	гура́раб	
class_suffix	u	гурарабццуб	гурарабццу		гурарабццуб		б	гурарабццуб	attested	shape		волнообразный	AA2019	40878	гу́рарабццуб	
class_suffix	xa	гуратахаб	гуратаха		гуратахоб		б	гуратахоб	attested	shape		завитой	AA2019	40884	гура́тахоб	
class_suffix	a	гургинаб	гургина		гургинаб		б	гургина=б	attested	notation		круглый	AA2019	40887	гурги́на=б	
class_suffix	a	гургинаб	гургина		гургинаб		б	гургинаб	attested	shape		круглый	SA2012	40888	гурги́наб	
class_suffix	u	гургинабццуб	гургинабццу		гургинабццуб		б	гургинабццуб	attested	shape		круглый	AA2019	40890	гурги́набццуб	
cited_only	gen_relational	гуржийалуб	гуржийалуб		гуржийалуб			гуржийалуб	attested	shape		грузинский	AA2019	40906	гу́ржийалуб	
class_suffix	a	гурхIелаб	гурхIела		гурхIелав		в	гурхIелав	attested	hint		милостивый	AA2019	40924	гурхIе́лав	-ай, -аб, -ал
no_class	plain	гурхIеллIи	гурхIеллIи		гурхIеллIи			гурхIеллIи	attested	shape		милостивый	AA2019	40925	гурхIе́ллIи	
no_class	lli	гурхIеллълъи	гурхIеллълъи		гурхIеллълъи			гурхIеллълъи	attested	shape		сострадательный	SA2012	40927	гу́рхIеллълъи	
class_suffix	xa	гурхIихаб	гурхIиха		гурхIихо		в	гурхIихо	attested	shape		жалкий	AA2019	40937	гурхIи́хо	
class_suffix	xa	гурхIихаб	гурхIиха		гурхIихо		в	гурхIихо	attested	shape		жалобный	AA2019	40938	гурхIи́хо	
mwe					гуч цIцикко				attested	space		всесильный	AA2019	40946	гуч цIци́кко	
class_suffix	a	гучIаб	гучIа		гучIаб		б	гучI/аб	attested	notation		не имеющий	SA2012	40949	гу́чI/а́б	
no_class	plain	гучIир	гучIир		гучIир			гучIир	attested	shape		не имеющий	AA2019	40976	гу́чIир	-ай, -ал
class_suffix	a	гучаб	гуча		гучаб		б	гуча/б	attested	notation		мощный	SA2012	40981	гу́ча/б	
class_suffix	a	гучаб	гуча		гучал		л	гуча/л	attested	notation		переселенные	SA2012	40982	гуча́/л	
class_suffix	a	гучаб	гуча		гучал		л	гуча/л	attested	notation		переселенцы	SA2012	40983	гуча́/л	
mwe					гучата рукIихал				attested	space		кочевой	AA2019	40988	гу́чата рукIиха́л	
no_class	plain	гъаби	гъаби		гъаби			гъаби	attested	shape		широкий	AA2019	41009	гъа́би	
no_class	plain	гъаби	гъаби		гъаби			гъаби	attested	shape		широкий	SA2012	41011	гъа́би	
no_class	plain	гъаби	гъаби		гъаби			гъаби	attested	shape		свободный	SA2012	41012	гъа́би	
no_class	plain	гъаби-чIаби	гъаби-чIаби		гъаби-чIаби			гъаби-чIаби	attested	shape		широкий	AA2019	41013	гъа́би-чIа́би	
cited_only	gen_relational	гъазахалуб	гъазахалуб		гъазахалуб			гъазахалуб	attested	shape		казацкий	AA2019	41046	гъаза́халуб	
class_suffix	a	гъалмагъалаб	гъалмагъала		гъалмагъалаб		б	гъалмагъалаб	attested	shape		скандальный	SA2012	41077	гъалмагъа́лаб	
no_class	plain	гъамакьуххур	гъамакьуххур		гъамакьуххур			гъамакьуххур	attested	shape		большая	SA2012	41084	гъа́макьуххур	
class_suffix	xa	гъамди-ххудихаб	гъамди-ххудиха		гъамди-ххудихаб		б	гъамди-ххудихаб	attested	shape		продовольственый	AA2019	41092	гъамди́-ххудиха́б	
class_suffix	xa	гъамди-ххудихаб	гъамди-ххудиха		гъамди-ххудихаб		б	гъамди-ххудихаб	attested	shape		съестное	SA2012	41093	гъа́мди-ххудихаб	
class_suffix	xa	гъамдихаб	гъамдиха		гъамдихаб		б	гъамдихаб	attested	shape		съедобный	SA2012	41096	гъамдиха́б	
class_suffix	a	гъамдихичIаб	гъамдихичIа		гъамдихичIаб		б	гъамдихичIаб	attested	shape		несъедобный	SA2012	41098	гъамдихичIа́б	
no_class	lli	гъаналъи	гъаналъи		гъаналъи			гъаналъи	attested	shape		хлебный	AA2019	41104	гъа́налъи	
class_suffix	xa	гъанкъайхаб	гъанкъайха		гъанкъайхаб		б	гъанкъайхаб	attested	shape		удушливый	AA2019	41114	гъанкъа́йхаб	
cited_only	plural_cited	гъанкъал	гъанкъал		гъанкъал			гъанкъал	attested	shape		давленый	AA2019	41117	гъанкъа́л	
cited_only	plural_cited	гъанкъал	гъанкъал		гъанкъал			гъанкъал	attested	shape		удушенный	AA2019	41118	гъанкъа́л	
class_suffix	a	гъапулаб	гъапула		гъапуло		в	гъапуло	attested	shape	guess_o	полусонный	AA2019	41143	гъапуло́	
class_suffix	a	гъардаймалаб	гъардаймала		гъардаймалаб		б	гъардаймалаб	attested	shape		лущёный	AA2019	41174	гъарда́ймалаб	
class_suffix	a	гъаримаб	гъарима		гъаримаб		б	гъарима/б	attested	notation		бедный	SA2012	41189	гъари́ма/б	
class_suffix	xa	гъарщайхаб	гъарщайха		гъарщайхаб		б	гъарщайхаб	attested	shape		прицепной	AA2019	41211	гъарща́йхаб	
no_class	plain	гъачIу	гъачIу		гъачIу			гъачIу	attested	shape		пестрый	AA2019	41223	гъа́чIу	
no_class	plain	гъачIу	гъачIу		гъачIу			гъачIу	attested	shape		пестрый	SA2012	41225	гъа́чIу	
no_class	plain	гъачIу-мачIу	гъачIу-мачIу		гъачIу-мачIу			гъачIу-мачIу	attested	shape		пестрый	AA2019	41227	гъа́чIу-ма́чIу // гъа́чIу-ма́чIу кье́рилIи	
mwe					гъачIу-мачIу кьерилIи				variant	space		пестрый	AA2019	41227	гъа́чIу-ма́чIу // гъа́чIу-ма́чIу кье́рилIи	
class_suffix	u	гъваналъиссуб	гъваналъиссу		гъваналъиссуб		б	гъваналъиссу=б	attested	notation		начальный	AA2019	41248	гъваналъи́ссу=б	
class_suffix	u	гъваналъиссуб	гъваналъиссу		гъваналъиссуб		б	гъваналъиссу=б	attested	notation		верховный	AA2019	41249	гъваналъи́ссу=б	
class_suffix	a	гъвандихичIаб	гъвандихичIа		гъвандихичIаб		б	гъвандихичIаб	attested	shape		загадочный	AA2019	41284	гъва́ндихичIаб	
class_suffix	xa	гъвандихаб	гъвандиха		гъвандихо		в	гъвандихо	attested	shape		догадливый	AA2019	41285	гъва́ндихо	
class_suffix	a	гъвандаб	гъванда		гъвандо		в	гъвандо	attested	shape	guess_o	хитроумный	AA2019	41287	гъвандо́	
class_suffix	a	гъванекIвалъунлъаб	гъванекIвалъунлъа		гъванекIвалъунлъо		в	гъванекIвалъунлъо	attested	shape		начальствующий	AA2019	41296	гъване́кIвалъунлъо	
class_suffix	a	гъвантIаб	гъвантIа		гъвантIаб		б	гъвантIаб	attested	shape		тупой	SA2012	41306	гъва́нтIаб	
class_suffix	a	гъвардаб	гъварда		гъвардаб		б	гъвардаб	attested	shape		выпученный	SA2012	41325	гъва́рдаб	
class_suffix	a	гъваридаб	гъварида		гъваридав		в	гъваридав	attested	shape		глубокомысленный	AA2019	41329	гъва́ридав	
class_suffix	u	гъваркьиссуб	гъваркьиссу		гъваркьиссуб		б	гъваркьиссуб	attested	shape		подмышечный	AA2019	41337	гъва́ркьиссуб	
no_class	plain	гъваца	гъваца		гъваца			гъваца	attested	shape		комолый	SA2012	41341	гъва́ца	
class_suffix	a	гъибгъваб	гъибгъва		гъибгъваб		б	гъибгъваб	attested	shape		привозной	AA2019	41353	гъибгъва́б	
class_suffix	u	гъижихисуб	гъижихису		гъижихисуб		б	гъижихису=б	attested	notation		боковой	AA2019	41368	гъижихису=б	
class_suffix	xa	гъирдихаб	гъирдиха		гъирдихо		в	гъирдихо	attested	shape		мерзкий	AA2019	41395	гъирдихо	
class_suffix	xa	гъихаб	гъиха		гъихаб		б	гъихаб	attested	shape		заразный	AA2019	41398	гъи́хаб	
no_class	plain	гъуди	гъуди		гъуди			гъуди	attested	shape		глубокий	AA2019	41433	гъу́ди	
no_class	plain	гъуди	гъуди		гъуди			гъуди	attested	shape		глубокий	SA2012	41435	гъу́ди	
class_suffix	a	гъудигучIаб	гъудигучIа		гъудигучIаб		б	гъудигучIаб	attested	shape		мелководный	AA2019	41437	гъу́дигучIаб	
class_suffix	a	гъундулъаб	гъундулъа		гъундулъаб		б	гъундулъ/аб	attested	notation		спящий	SA2012	41484	гъундулъ/а́б	
mwe					гъургъа вагьихо				attested	space		брюзгливый	AA2019	41504	гъургъа вагьихо	
mwe					гъургъа-гъургъа вукIихо				attested	space		сварливый	AA2019	41505	гъу́ргъа-гъургъа вукIихо́	
class_suffix	xa	гъургъасакIихаб	гъургъасакIиха		гъургъасакIихо		в	гъургъасакIихо	attested	shape		ворчливый	AA2019	41516	гъу́ргъасакIихо	
class_suffix	a	гъурдаб	гъурда		гъурдаб		б	гъурдаб	attested	shape		колотый	AA2019	41535	гъурда́б	
class_suffix	a	гьаба-гъабажаб	гьаба-гъабажа		гьаба-гъабажаб		б	гьаба-гъабажаб	attested	shape		смешанный	AA2019	41587	гьаба-гъабажа́б	
class_suffix	a	гьабажаб	гьабажа		гьабажаб		б	гьабажаб	attested	shape		смешанный	AA2019	41594	гьабажа́б	
class_suffix	a	гьабажаб	гьабажа		гьабажаб		б	гьабажаб	attested	shape		смешанный	SA2012	41596	гьабажа́б	
class_suffix	a	гьабажаб	гьабажа		гьабажаб		б	гьабажаб	attested	shape		общительный	SA2012	41597	гьабажа́б	
class_suffix	a	гьабижаб	гьабижа		гьабижаб		б	гьабижаб	attested	shape		замешанный	AA2019	41618	гьабижа́б	
cited_only	gen_relational	гьабилуб	гьабилуб		гьабилуб			гьабилуб	attested	shape		хунзахский	SA2012	41619	гьа́билуб	
class_suffix	xa	гьабуйхаб	гьабуйха		гьабуйхоб		б	гьабуйхоб	attested	shape		третий	AA2019	41632	гьа́буйхоб	
no_class	plain	гьавалIи	гьавалIи		гьавалIи			гьавалIи	attested	shape		жаркий	AA2019	41643	гьава́лIи	
class_suffix	a	гьагаб	гьага		гьагав		в	гьага/в	attested	notation		придурковатый	SA2012	41646	гьа́га/в	
class_suffix	a	гьагаб	гьага		гьагаб		б	гьага=б	attested	notation		глупый	AA2019	41647	гьага=б	
class_suffix	xa	гьагахаб	гьагаха		гьагахоб		б	гьагахо/б	attested	notation	o-stem read as a-stem	больной	SA2012	41663	гьа́гахо/б	
class_suffix	xa	гьагъайхаб	гьагъайха		гьагъайхаб		б	гьагъайхаб	attested	shape		указательный	AA2019	41698	гьагъайха́б	
class_suffix	xa	гьагъайхаб	гьагъайха		гьагъайхаб		б	гьагъайхаб	attested	shape		показательный	AA2019	41699	гьагъайха́б	
class_suffix	a	гьагъайчIаб	гьагъайчIа		гьагъайчIаб		б	гьагъайчIаб	attested	shape		неуказанный	AA2019	41700	гьагъайчIа́б	
class_suffix	xa	гьагъатахаб	гьагъатаха		гьагъатахоб		б	гьагъатахоб	attested	shape		доказательный	AA2019	41702	гьагъа́тахоб	гьагъатахоб
class_suffix	xa	гьагъихаб	гьагъиха		гьагъихаб		б	гьагъихаб	attested	shape		заметный	AA2019	41715	гьагъиха́б	гьагъихаб
class_suffix	xa	гьагъихаб	гьагъиха		гьагъихаб		б	гьагъихаб	attested	shape		видовой	AA2019	41716	гьагъиха́б	гьагъихаб
class_suffix	xa	гьагъихаб	гьагъиха		гьагъихаб		б	гьагъихаб	attested	shape		доказательный	AA2019	41717	гьагъиха́б	гьагъихаб
no_class	lli	гьадилъи	гьадилъи		гьадилъи			гьадилъи	attested	shape		липовый	AA2019	41740	гьа́дилъи	
class_suffix	a	гьайбатаб	гьайбата		гьайбатаб		б	гьайбата/б	attested	notation		прелестный	SA2012	41769	гьайба́та/б	
class_suffix	a	гьайбатаб	гьайбата		гьайбатаб		б	гьайбатаб	attested	shape		живописный	AA2019	41770	гьа́йбатаб	
class_suffix	a	гьайбатаб	гьайбата		гьайбатаб		б	гьайбатаб	attested	shape		прекрасный	AA2019	41771	гьа́йбатаб	
class_suffix	a	гьайбатаб	гьайбата		гьайбатаб		б	гьайбатаб	attested	shape		благообразный	AA2019	41772	гьа́йбатаб	
class_suffix	a	гьайбатаб	гьайбата		гьайбатаб		б	гьайбатаб	attested	shape		величавый	AA2019	41773	гьа́йбатаб	
no_class	plain	гьакIуба	гьакIуба		гьакIуба			гьакIуба	attested	shape		тяжелый	AA2019	41784	гьакIу́ба	
no_class	plain	гьакIуба	гьакIуба		гьакIуба			гьакIуба	attested	shape		тяжелый	SA2012	41786	гьакIу́ба	
no_class	plain	гьакIуба	гьакIуба		гьакIуба			гьакIуба	attested	shape		сложный	SA2012	41787	гьакIу́ба	
class_suffix	a	гьакьаб	гьакьа		гьакьаб		б	гьакьаб	attested	shape		чесаный	AA2019	41803	гьакьа́б	
class_suffix	u	гьакьеру-гьакьессуб	гьакьеру-гьакьессу		гьакьеру-гьакьессуб		б	гьакьеру-гьакьессуб	attested	shape		понедельный	AA2019	41807	гьакье́ру-гьакье́ссуб	
class_suffix	xa	гьакьудазаруйхаб	гьакьудазаруйха		гьакьудазаруйхоб		б	гьакьудазаруйхоб	attested	shape		семитысячный	AA2019	41821	гьакьудазару́йхоб	
cited_only	other	гьакьуй/лъаб			гьакьуйлъаб			гьакьуй/лъаб	attested	notation?	unparsed class notation	седьмой	SA2012	41824	гьакьуй/лъа́б	одуш.
cited_only	other	гьакьуцIали/лъаб			гьакьуцIалилъаб			гьакьуцIали/лъаб	attested	notation?	unparsed class notation	семидесятый	SA2012	41827	гьакьуцIали/лъаб	- хоб неодуш.
class_suffix	u	гьакьуццуб	гьакьуццу		гьакьуццуб		б	гьакьуццуб	attested	shape		гребенчатый	AA2019	41830	гьа́кьуццуб	
class_suffix	u	гьаладассуб	гьаладассу		гьаладассуб		б	гьаладассуб	attested	shape		бесплатный	AA2019	41850	гьала́дассуб	
class_suffix	u	гьаладассуб	гьаладассу		гьаладассуб		б	гьаладассуб	attested	shape		бесплатный	SA2012	41852	гьала́дассуб	
class_suffix	a	гьалакаб	гьалака		гьалакаб		б	гьалака/б	attested	notation		опасный	SA2012	41861	гьалака́/б	
class_suffix	a	гьалакаб	гьалака		гьалакаб		б	гьалака/б	attested	notation		резвый	SA2012	41862	гьалака́/б	
class_suffix	a	гьалакаб	гьалака		гьалакаб		б	гьалака/б	attested	notation		беспокойный	SA2012	41863	гьалака́/б	
class_suffix	a	гьалакаб	гьалака		гьалакаб		б	гьалака/б	attested	notation		сильный	SA2012	41864	гьалака́/б	
class_suffix	a	гьалакаб	гьалака		гьалакаб		б	гьалака=б	attested	notation		бурливый	AA2019	41865	гьала́ка=б	
class_suffix	a	гьалакаб	гьалака		гьалакаб		б	гьалака=б	attested	notation		буйный	AA2019	41866	гьала́ка=б	
class_suffix	xa	гьалакайхаб	гьалакайха		гьалакайхаб		б	гьалакайхаб	attested	shape		раздражительный	AA2019	41869	гьалака́йхаб	
no_class	lli	гьалибалъилъи	гьалибалъилъи		гьалибалъилъи			гьалибалъилъи	attested	shape		ветвистый	SA2012	41890	гьали́балъилъи	
class_suffix	u	гьалълъассуб	гьалълъассу		гьалълъассуб		б	гьалълъассуб	attested	shape		см. ару́ссуб	SA2012	41912	гьа́лълъассуб	
class_suffix	a	гьамгьадаб	гьамгьада		гьамгьадаб		б	гьамгьадаб	attested	shape		щелистый	AA2019	41919	гьа́мгьадаб	
no_class	plain	гьандагьацIахха	гьандагьацIахха		гьандагьацIахха			гьандагьацIахха	attested	shape		белолобый	SA2012	41936	гьанда́гьацIахха	
class_suffix	u	гьандалъиссуб	гьандалъиссу		гьандалъиссуб		б	гьандалъиссуб	attested	shape		находящийся на лбу	AA2019	41937	гьа́ндалъиссуб	
class_suffix	u	гьандарессуб	гьандарессу		гьандарессуб		б	гьандарессу/б	attested	notation		близкий	SA2012	41939	гьа́ндарессу/б	
class_suffix	u	гьандилъиссуб	гьандилъиссу		гьандилъиссуб		б	гьандилъиссуб	attested	shape		налобный	AA2019	41941	гьандилъи́ссуб	
class_suffix	u	гьанилIиссуб	гьанилIиссу		гьанилIиссуб		б	гьанилIиссуб	attested	shape		сельский	AA2019	41964	гьанилIи́ссуб	
no_class	lli	гьанкъвабалъилълъи	гьанкъвабалъилълъи		гьанкъвабалъилълъи			гьанкъвабалъилълъи	attested	shape		клетчатый	SA2012	41981	гьанкъвабалъи́лълъи	
class_suffix	u	гьанкъессуб	гьанкъессу		гьанкъессуб		б	гьанкъессуб	attested	shape		домашний	AA2019	41984	гьа́нкъессуб	
mwe					гьантIкIабалъи гIенкъайхаб				attested	space		пронзительный	AA2019	41990	гьа́нтIкIабалъи гIенкъа́йхаб	
class_suffix	xa	гьаргьахаб	гьаргьаха		гьаргьахоб		б	гьаргьахоб	attested	shape		качкий	SA2012	42010	гьа́ргьахоб	
class_suffix	a	гьардараб	гьардара		гьардарав		в	гьардара/в	attested	notation		счастливый	SA2012	42011	гьарда́ра/в	
mwe					гьардуй гьайи				attested	space		очевидный	AA2019	42015	гьа́рдуй гьа́йи // кIе́дала гьа́рдуй	
mwe					кIедала гьардуй				variant	space		очевидный	AA2019	42015	гьа́рдуй гьа́йи // кIе́дала гьа́рдуй	
mwe					гьардукьи бахихичIаб				attested	space		укромный	AA2019	42017	гьардукьи́ бахихичIа́б	
class_suffix	a	гьарзайаб	гьарзайа		гьарзайаб		б	гьарзайа/б	attested	notation		изобильный	SA2012	42019	гьарза́йа/б	
class_suffix	a	гьарзайаб	гьарзайа		гьарзайаб		б	гьарзайа/б	attested	notation		щедрый	SA2012	42020	гьарза́йа/б	
class_suffix	a	гьарзайаб	гьарзайа		гьарзайаб		б	гьарзайа/б	attested	notation		расточительный	SA2012	42021	гьарза́йа/б	
class_suffix	a	гьарзайаб	гьарзайа		гьарзайаб		б	гьарзайаб	attested	shape		обильный	AA2019	42022	гьарза́йаб	
no_class	plain	гьарзалIи	гьарзалIи		гьарзалIи			гьарзалIи	attested	shape		обильный	AA2019	42023	гьарза́лIи	
class_suffix	a	гьарзалъаб	гьарзалъа		гьарзалъаб		б	гьарзалъаб	attested	shape		изобильный	AA2019	42025	гьарзалъа́б	
class_suffix	a	гьарзатаб	гьарзата		гьарзатаб		б	гьарзатаб	attested	shape		изобильный	AA2019	42033	гьарза́таб	
class_suffix	a	гьарзатзаймалигьаб	гьарзатзаймалигьа		гьарзатзаймалигьаб		б	гьарзатзаймалигьаб	attested	shape		изобильный	AA2019	42034	гьарзатза́ймалигьаб	
class_suffix	a	гьарзийаб	гьарзийа		гьарзийаб		б	гьарзийаб	attested	shape		изобильный	AA2019	42035	гьарзи́йаб	
class_suffix	u	гьасагIатиссуб	гьасагIатиссу		гьасагIатиссуб		б	гьасагIатиссуб	attested	shape		настоящий	AA2019	42054	гьасагIа́тиссуб	
class_suffix	u	гьатIиццуб	гьатIиццу		гьатIиццуб		б	гьатIиццуб	attested	shape		тестообразный	AA2019	42061	гьа́тIиццуб	
class_suffix	a	гьацIайлъаб	гьацIайлъа		гьацIайлъаб		б	гьацIайлъ/аб	attested	notation		десятый	SA2012	42068	гьацIа́йлъ/аб	
class_suffix	xa	гьацIайхаб	гьацIайха		гьацIайхоб		б	гьацIайхоб	attested	shape		десятый	SA2012	42069	гьацIа́йхоб	
no_class	plain	гьацIаха	гьацIаха		гьацIаха			гьацIаха	attested	shape		белый	AA2019	42078	гьа́цIаха	
no_class	plain	гьацIахха	гьацIахха		гьацIахха			гьацIахха	attested	shape		седой	AA2019	42083	гьа́цIахха	
no_class	plain	гьацIахха	гьацIахха		гьацIахха			гьацIахха	attested	shape		белый	SA2012	42086	гьа́цIахха	
class_suffix	u	гьацIаххаццуб	гьацIаххаццу		гьацIаххаццуб		б	гьацIаххаццу/б	attested	notation		беловатый	SA2012	42095	гьа́цIаххаццу/б	
class_suffix	a	гьацагъаб	гьацагъа		гьацагъаб		б	гьацагъ/аб	attested	notation		другой	SA2012	42102	гьаца́гъ/аб	
no_class	plain	гьачIадаIи	гьачIадаIи		гьачIадаIи			гьачIадаIи	attested	shape		состоящий из девяти	AA2019	42111	гьачIа́даIи	
class_suffix	a	гьачIайлъаб	гьачIайлъа		гьачIайлъаб		б	гьачIайлъ/аб	attested	notation		девятый	SA2012	42112	гьачIа́йлъ/аб	
class_suffix	xa	гьачIайхаб	гьачIайха		гьачIайхоб		б	гьачIайхо/б	attested	notation	o-stem read as a-stem	девятый	SA2012	42113	гьачIа́йхо/б	
class_suffix	xa	гьачIайхаб	гьачIайха		гьачIайхоб		б	гьачIайхоб	attested	shape		девятый	AA2019	42114	гьа́чIайхоб	
class_suffix	xa	гьачIацIалихаб	гьачIацIалиха		гьачIацIалихоб		б	гьачIацIалихоб	attested	shape		девяностый	AA2019	42120	гьа́чIацIалихоб	
class_suffix	u	гьачIибццуб	гьачIибццу		гьачIибццуб		б	гьачIибццуб	attested	shape		низинный	AA2019	42123	гьачIи́бццуб	
class_infix	a	гьачIчIахибештаб	гьачIчIахи	ешта	гьачIчIахибештаб	б	б	гьачIчIахибештаб	attested	notation		тихий	SA2012	42129	гьачIчIа́хи/бештаб	
class_suffix	u	гьачIчIахиссуб	гьачIчIахиссу		гьачIчIахиссуб		б	гьачIчIахиссу/б	attested	notation		находящийся на земле	SA2012	42132	гьачIчIа́хиссу/б	
class_suffix	u	гьаштубдассуб	гьаштубдассу		гьаштубдассуб		б	гьаштубдассуб	attested	shape		незатейливый	AA2019	42139	гьашту́бдассуб	
class_suffix	u	гьаштубдассуб	гьаштубдассу		гьаштубдассуб		б	гьаштубдассуб	attested	shape		никчемный	SA2012	42141	гьашту́бдассуб	
class_suffix	u	гьеассуб	гьеассу		гьеассуб		б	гьеассуб	attested	shape		верхний	SA2012	42176	гьеа́ссуб	
class_suffix	a	гьебессийаб	гьебессийа		гьебессийаб		б	гьебессийаб	attested	shape		ложный	SA2012	42184	гьебе́ссийаб	
class_suffix	u	гьекIуб	гьекIу		гьекIуб		б	гьекIу/б	attested	notation		посторонний	SA2012	42191	гьекIу́/б	
cited_only	unclear_b	гьекIуб	гьекIуб		гьекIуб			гьекIуб	attested	shape		посторонний	AA2019	42192	гьекIу́б	
mwe					гьеквиква ссардаб				attested	space		отвесный	AA2019	42193	гье́квиква ссарда́б	
class_suffix	u	гьекуссуб	гьекуссу		гьекуссуб		б	гьекуссуб	attested	shape		поверхностный	AA2019	42201	гье́куссуб	
class_suffix	u	гьелессуб	гьелессу		гьелессуб		б	гьелессуб	attested	shape		полуденный	AA2019	42207	гье́лессуб	
class_suffix	u	гьершинассуб	гьершинассу		гьершинассуб		б	гьершинассу/б	attested	notation		нынешний	SA2012	42243	гьерши́нассу/б	
class_suffix	u	гьессуб	гьессу		гьессуб		б	гьессуб	attested	shape		руководящий	AA2019	42250	гье́ссуб	
cited_only	unclear_b	гьесуб	гьесуб		гьесуб			гьесуб	attested	shape		верхний	AA2019	42251	гье́суб	
class_suffix	u	гьецIилццуб	гьецIилццу		гьецIилццуб		б	гьецIилццуб	attested	shape		пальчатый	AA2019	42259	гьецIи́лццуб	
no_class	lli	гьецIилъи	гьецIилъи		гьецIилъи			гьецIилъи	attested	shape		однопалый	AA2019	42260	гьецIи́лъи	
no_class	plain	гьечIвечIуха	гьечIвечIуха		гьечIвечIуха			гьечIвечIуха	attested	shape		самый старший	AA2019	42262	гьечIвечIу́ха	
no_class	plain	гьечIи	гьечIи		гьечIи			гьечIи	attested	shape		самый	AA2019	42263	гьечIи	
no_class	plain	гьечIи	гьечIи		гьечIи			гьечIи	attested	shape		самый	SA2012	42264	гьечIи́	
cited_only	other	гьечIиб/ачI/аб			гьечIибачIаб			гьечIиб/ачI/аб	attested	notation?	unparsed class notation (two slashes)	лучший	SA2012	42265	гьечIи́б/ачI/а́б	
class_suffix	u	гьечIибесхъессуб	гьечIибесхъессу		гьечIибесхъессуб		б	гьечIибесхъессу/б	attested	notation		самый последний	SA2012	42267	гьечIи́бесхъе́ссу/б	
class_suffix	u	гьечIибесхъессуб	гьечIибесхъессу		гьечIибесхъессуб		б	гьечIибесхъессу/б	attested	notation		заключительный	SA2012	42268	гьечIи́бесхъе́ссу/б	
class_suffix	u	гьечIиссеасуб	гьечIиссеасу		гьечIиссеасуб		б	гьечIиссеасу/б	attested	notation		первый	SA2012	42275	гьечIи́ссеасу/б	
class_suffix	u	гьечIиссеасуб	гьечIиссеасу		гьечIиссеасуб		б	гьечIиссеасу/б	attested	notation		самый близкий	SA2012	42276	гьечIи́ссеасу/б	
class_suffix	u	гьеъалиссуб	гьеъалиссу		гьеъалиссуб		б	гьеъалиссуб	attested	shape		дневной	AA2019	42280	гье́ъалиссуб	
class_suffix	u	гьеъехиссуб	гьеъехиссу		гьеъехиссу		в	гьеъехиссу	attested	shape		вышестоящий	AA2019	42285	гьеъе́хиссу	
class_infix	none	гьибдалIи	гьи	далIи	гьивдалIи	в		гьивдалIи	attested	notation		одинокий	AA2019	42294	гьи́=в=далIи	
class_infix	none	гьибдассу	гьи	дассу	гьивдассу	в		гьивдассу	attested	notation		одинокий	AA2019	42295	гьи́=в=дассу	
class_infix	none	гьибдацедалIи	гьи	дацедалIи	гьивдацедалIи	в		гьивдацедалIи	attested	notation		одинокий	AA2019	42296	гьи́=в=дацедалIи	
class_suffix	a	гьибдаб	гьибда		гьибдаб		б	гьибдаб	attested	shape		рискованный	AA2019	42311	гьибда́б	
class_suffix	a	гьибдаймалигьаб	гьибдаймалигьа		гьибдаймалигьаб		б	гьибдаймалигьаб	attested	shape		запуганный	AA2019	42313	гьибда́ймалигьаб	
class_suffix	a	гьибдаймалаб	гьибдаймала		гьибдаймало		в	гьибдаймало	attested	shape	guess_o	пуганый	AA2019	42314	гьибда́ймало	
class_suffix	xa	гьибдихаб	гьибдиха		гьибдихаб		б	гьибдиха=б	attested	notation		страшный	AA2019	42322	гьибдиха́=б	
class_suffix	xa	гьибдихаб	гьибдиха		гьибдихаб		б	гьибдиха=б	attested	notation		опасливый	AA2019	42323	гьибдиха́=б	
class_suffix	a	гьибдихичIаб	гьибдихичIа		гьибдихичIаб		б	гьибдихичIаб	attested	shape		неустрашимый	AA2019	42324	гьибдихичIа́б	
no_class	plain	гьибцIа	гьибцIа		гьибцIа			гьибцIа	attested	shape		полный	SA2012	42333	гьибцIа́	
no_class	plain	гьибцIа	гьибцIа		гьибцIа			гьибцIа	attested	shape		налитый	SA2012	42334	гьибцIа́	
no_class	plain	гьибцIа	гьибцIа		гьибцIа			гьибцIа	attested	shape		с прилипшим, приставшим чем-л.	SA2012	42335	гьибцIа́	
class_suffix	a	гьибцIаб	гьибцIа		гьибцIаб		б	гьибцIаб	attested	shape		полный	AA2019	42336	гьибцIа́б	
class_suffix	a	гьибцIаб	гьибцIа		гьибцIаб		б	гьибцIаб	attested	shape		гружёный	AA2019	42337	гьибцIа́б	
class_suffix	xa	гьибцIихаб	гьибцIиха		гьибцIихаб		б	гьибцIихаб	attested	shape		погрузочный	AA2019	42347	гьибцIиха́б	
class_suffix	a	гьибцIичIаб	гьибцIичIа		гьибцIичIаб		б	гьибцIичIаб	attested	shape		неполный	AA2019	42348	гьибцIичIа́б	
class_suffix	a	гьибцIаб	гьибцIа		гьибцIо		в	гьибцIо	attested	shape	guess_o	полный	AA2019	42349	гьибцIо	
no_class	plain	гьивда	гьивда		гьивда			гьивда	attested	shape		сам	AA2019	42351	гьи́вда	
class_suffix	u	гьивдацедассуб	гьивдацедассу		гьивдацедассу		в	гьивдацедассу	attested	shape		одинокий	AA2019	42353	гьи́вдацедассу	
no_class	plain	гьиволда	гьиволда		гьиволда			гьиволда	attested	shape		сами	SA2012	42354	гьиво́лда	
class_suffix	u	гьикьадуссуб	гьикьадуссу		гьикьадуссуб		б	гьикьадуссу/б	attested	notation		расположенный ниже чего-л.	SA2012	42387	гьикьаду́ссу/б	
class_suffix	u	гьикьадуссуб	гьикьадуссу		гьикьадуссуб		б	гьикьадуссуб	attested	shape		нижестоящий	AA2019	42388	гьикьаду́ссуб	
class_suffix	a	гьикьаххиндаб	гьикьаххинда		гьикьаххиндаб		б	гьикьаххинда/б	attested	notation		расположенный ниже чего-л.	SA2012	42391	гьикьа́ххинда/б	
class_suffix	u	гьикьибалъикудассуб	гьикьибалъикудассу		гьикьибалъикудассуб		б	гьикьибалъикудассуб	attested	shape		коренной	AA2019	42410	гьикьибалъикудассуб	
class_suffix	u	гьикьикудассуб	гьикьикудассу		гьикьикудассуб		б	гьикьикудассуб	attested	shape		подпольный	AA2019	42421	гьикьику́дассуб	
class_suffix	u	гьикьикуссуб	гьикьикуссу		гьикьикуссуб		б	гьикьикуссу/б	attested	notation		с нижнего села	SA2012	42422	гьи́кьикуссу/б	
class_suffix	u	гьикьикуссуб	гьикьикуссу		гьикьикуссуб		б	гьикьикуссуб	attested	shape		низовой	AA2019	42423	гьикьи́куссуб	
class_suffix	u	гьикьиссуб	гьикьиссу		гьикьиссуб		б	гьикьиссу/б	attested	notation		нижний	SA2012	42432	гьикьи́ссу/б	
class_suffix	u	гьикьиссуб	гьикьиссу		гьикьиссуб		б	гьикьиссуб	attested	shape		нижний	AA2019	42433	гьикьи́ссуб	
class_suffix	xa	гьинаххаб	гьинахха		гьинаххо		в	гьинаххо	attested	shape		общительный	AA2019	42454	гьи́наххо	
no_class	lli	гьингуралъи	гьингуралъи		гьингуралъи			гьингуралъи	attested	shape		оконный	AA2019	42461	гьингура́лъи	
class_suffix	a	гьингъаб	гьингъа		гьингъо		в	гьингъо	attested	shape	guess_o	захожий	AA2019	42467	гьингъо́	
class_suffix	u	гьинукуссуб	гьинукуссу		гьинукуссуб		б	гьинукуссуб	attested	shape		внутренний	AA2019	42492	гьинукуссуб	
class_suffix	u	гьинуссуб	гьинуссу		гьинуссуб		б	гьинуссу/б	attested	notation		внутренний	SA2012	42499	гьину́ссу/б	
class_suffix	u	гьинуссуб	гьинуссу		гьинуссуб		б	гьинуссуб	attested	shape		внутренний	AA2019	42500	гьинуссу́б	
class_suffix	a	гьиращаб	гьираща		гьиращаб		б	гьираща/б	attested	notation		пасмурный	SA2012	42524	гьи́раща/б	
class_suffix	a	гьиращаб	гьираща		гьиращаб		б	гьиращаб	attested	shape		пасмурный	AA2019	42525	гьираща́б	
no_class	plain	гьиригъуирхха	гьиригъуирхха		гьиригъуирхха			гьиригъуирхха	attested	shape		ярко-красный	SA2012	42537	гьи́ригъуирхха	
class_suffix	xa	гьирцIайхаб	гьирцIайха		гьирцIайхаб		б	гьирцIайхаб	attested	shape		подъёмный	AA2019	42551	гьирцIайха́б	
no_class	plain	гьирцIи	гьирцIи		гьирцIи			гьирцIи	attested	shape		рослый	AA2019	42555	гьи́рцIи	
no_class	plain	гьирцIи	гьирцIи		гьирцIи			гьирцIи	attested	shape		высокий	SA2012	42559	гьи́рцIи	
no_class	plain	гьирцIи	гьирцIи		гьирцIи			гьирцIи	attested	shape		высокий	AA2019	42563	гьи́рцIи	
no_class	plain	гьирцIи	гьирцIи		гьирцIи			гьирцIи	attested	shape		крутой	AA2019	42564	гьи́рцIи	
class_suffix	u	гьирцIирессуб	гьирцIирессу		гьирцIирессуб		б	гьирцIирессуб	attested	shape		высотный	AA2019	42569	гьи́рцIирессуб	
class_suffix	a	гьицIаб	гьицIа		гьицIаб		б	гьицIаб	attested	shape		см. гьибцIа́б	SA2012	42576	гьицIа́б	
class_suffix	u	гьицIцIицIцIидассуб	гьицIцIицIцIидассу		гьицIцIицIцIидассуб		б	гьицIцIицIцIидассуб	attested	shape		действительный	AA2019	42585	гьи́цIцIицIцIидассуб	
class_suffix	a	гьогьомаб	гьогьома		гьогьомаб		б	гьогьомаб	attested	shape		прохладный	SA2012	42611	гьогьо́маб	
class_suffix	a	гьодораб	гьодора		гьодораб		б	гьодораб	attested	shape		пустотелый	AA2019	42617	гьодо́раб	
class_suffix	a	гьодораб	гьодора		гьодораб		б	гьодораб	attested	shape		полый	SA2012	42619	гьодо́раб	
class_suffix	a	гьоцебаб	гьоцеба		гьоцебаб		б	гьоцебаб	attested	shape		см. го́цагъаб	SA2012	42631	гьо́цебаб	
class_suffix	xa	гьугьадахаб	гьугьадаха		гьугьадахоб		б	гьугьадахоб	attested	shape		шаткий	AA2019	42650	гьугьадахо́б	
class_suffix	xa	гьукъихаб	гьукъиха		гьукъихаб		б	гьукъихаб	attested	shape		запретный	AA2019	42685	гьу́къихаб	
no_class	plain	гьуна	гьуна		гьуна			гьуна	attested	shape		мягкий	AA2019	42717	гьу́на	
no_class	plain	гьуна	гьуна		гьуна			гьуна	attested	shape		рыхлый	AA2019	42718	гьу́на	
no_class	plain	гьуна-хуна	гьуна-хуна		гьуна-хуна			гьуна-хуна	attested	shape		мягкотелый	AA2019	42719	гьу́на-хуна	
class_suffix	xa	гьунайхаб	гьунайха		гьунайхаб		б	гьунайхаб	attested	shape		мягчительный	AA2019	42723	гьуна́йхаб	
class_suffix	a	гьундухъундаб	гьундухъунда		гьундухъундов		в	гьундухъундов	attested	shape		угрюмый	SA2012	42734	гьундухъундо́в	
class_suffix	u	гьунчIаццуб	гьунчIаццу		гьунчIаццуб		б	гьунчIаццуб	attested	shape		как порох	AA2019	42758	гьунчIа́ццуб	
class_suffix	a	дагIимаб	дагIима		дагIимаб		б	дагIима=б	attested	notation		вечный	AA2019	42809	дагIи́ма=б	
class_suffix	a	дагIимаб	дагIима		дагIимаб		б	дагIима=б	attested	notation		обыкновенный	AA2019	42810	дагIи́ма=б	
no_class	lli	дадалалъи	дадалалъи		дадалалъи			дадалалъи	attested	shape		пыльный	SA2012	42827	да́далалъи	
class_suffix	u	дадаццуб	дадаццу		дадаццуб		б	дадаццуб	attested	shape		пылевидный	AA2019	42828	да́даццуб	
mwe					дажну бахихо				attested	space		азартный	AA2019	42831	дажну бахихо	
class_suffix	a	дал-далаб	дал-дала		дал-далаб		б	дал-далаб	attested	shape		висячий	AA2019	42845	дал-да́лаб	
class_suffix	a	далаб	дала		далаб		б	далаб	attested	shape		висячий	AA2019	42848	дала́б	
class_suffix	xa	дандалъайхаб	дандалъайха		дандалъайхаб		б	дандалъайхаб	attested	shape		объединительный	AA2019	42886	дандалъа́йхаб	
class_suffix	xa	дандалъихаб	дандалъиха		дандалъихаб		б	дандалъихаб	attested	shape		объединительный	AA2019	42894	дандалъиха́б	
class_suffix	u	дандассуб	дандассу		дандассуб		б	дандассуб	attested	shape		встречный	AA2019	42897	да́ндассуб	
class_suffix	u	дандассуб	дандассу		дандассуб		б	дандассуб	attested	shape		смежный	AA2019	42898	да́ндассуб	
class_suffix	xa	дандахаб	дандаха		дандахаб		б	дандахаб	attested	shape		противный	AA2019	42899	дандаха́б	
class_suffix	u	дарайццуб	дарайццу		дарайццуб		б	дарайццуб	attested	shape		шелковистый	AA2019	42931	дара́йццуб	
no_class	lli	дарулъи	дарулъи		дарулъи			дарулъи	attested	shape		целебный	SA2012	42945	дарулъи	
no_class	plain	демократически	демократически		демократически			демократически	attested	shape		демократический	AA2019	42984	демократически	
no_class	plain	денда	денда		денда			денда	attested	shape		сам	AA2019	42990	денда	
class_suffix	a	джавабийаб	джавабийа		джавабийаб		б	джавабийа/б	attested	notation		ответственный	SA2012	43000	джаваби́йа/б	
class_suffix	u	джаназаццуб	джаназаццу		джаназаццуб		б	джаназаццуб	attested	shape		покойницкий	AA2019	43032	джана́заццуб	
no_class	lli	джахIдалъи	джахIдалъи		джахIдалъи			джахIдалъи	attested	shape		неприязненный	AA2019	43044	джа́хIдалъи	
no_class	lli	джахIдалълъи	джахIдалълъи		джахIдалълъи			джахIдалълъи	attested	shape		недоброжелательный	SA2012	43048	джа́хIдалълъи	
cited_only	gen_relational	джугьутIалуб	джугьутIалуб		джугьутIалуб			джугьутIалуб	attested	shape		иудейский	AA2019	43067	джугьу́тIалуб	
class_suffix	a	динийаб	динийа		динийаб		б	динийа/б	attested	notation		религиозный	SA2012	43127	дини́йа/б	
class_suffix	a	динийаб	динийа		динийав		в	динийа=в	attested	notation		набожный	AA2019	43128	дини́йа=в	
class_suffix	a	динийаб	динийа		динийав		в	динийа=в	attested	notation		божественный	AA2019	43129	дини́йа=в	
no_class	lli	динилъи	динилъи		динилъи			динилъи	attested	shape		религиозный	SA2012	43130	ди́нилъи	
no_class	plain	дороблIи	дороблIи		дороблIи			дороблIи	attested	shape		дробный	AA2019	43178	доро́блIи	
no_class	plain	дунелгъвана	дунелгъвана		дунелгъвана			дунелгъвана	attested	shape		необъятный	AA2019	43209	дуне́лгъвана	
class_suffix	u	дунелессуб	дунелессу		дунелессуб		б	дунелессуб	attested	shape		мировой	AA2019	43210	дуне́лессуб	
no_class	plain	дунелессубда	дунелессубда		дунелессубда			дунелессубда	attested	shape		всемирный	AA2019	43211	дуне́лессу́бда	
no_class	lli	дунеллъи	дунеллъи		дунеллъи			дунеллъи	attested	shape		мировой	AA2019	43212	дуне́ллъи	
no_class	plain	дунеллъида	дунеллъида		дунеллъида			дунеллъида	attested	shape		мировой	AA2019	43213	дуне́ллъида	
class_suffix	a	дурусаб	дуруса		дурусаб		б	дуруса/б	attested	notation		подходящий	SA2012	43218	дуру́са/б	
class_suffix	a	дурусаб	дуруса		дурусаб		б	дуруса/б	attested	notation		точный	SA2012	43219	дуру́са/б	
class_suffix	a	дурусаб	дуруса		дурусаб		б	дуруса=б	attested	notation		нормальный	AA2019	43220	дуру́са=б	
class_suffix	a	дурусаб	дуруса		дурусаб		б	дуруса=б	attested	notation		точный	AA2019	43221	дуру́са=б	
class_suffix	a	жабдихичIаб	жабдихичIа		жабдихичIаб		б	жабдихичIаб	attested	shape		безболезненный	AA2019	43237	жабдихичIаб	
class_suffix	a	жавабийаб	жавабийа		жавабийаб		б	жавабийа=б	attested	notation		ответственный	AA2019	43242	жаваби́йа=б	-й, -в, -л
no_class	plain	жаваблIи	жаваблIи		жаваблIи			жаваблIи	attested	shape		ответный	AA2019	43243	жава́блIи	
class_suffix	a	жагараб	жагара		жагараб		б	жагараб	attested	shape		старое	SA2012	43253	жа́гараб	
class_suffix	a	жагараб	жагара		жагараб		б	жагараб	attested	shape		прогорклый	SA2012	43254	жа́гараб	
class_suffix	a	жагъалаб	жагъала		жагъалаб		б	жагъала/б	attested	notation		непрочный	SA2012	43258	жагъа́ла/б	
class_suffix	a	жагъалаб	жагъала		жагъалаб		б	жагъала/б	attested	notation		нездоровый	SA2012	43259	жагъа́ла/б	
class_suffix	a	жагъалаб	жагъала		жагъалаб		б	жагъала/б	attested	notation		неприличный	SA2012	43260	жагъа́ла/б	
class_suffix	a	жадаймалаб	жадаймала		жадаймалаб		б	жадаймалаб	attested	shape		горелый	AA2019	43270	жа́даймалаб	
no_class	plain	жади	жади		жади			жади	attested	shape		коричневый	SA2012	43276	жа́ди	
class_suffix	a	жажанахъваб	жажанахъва		жажанахъваб		б	жажанахъваб	attested	shape		слизистый	AA2019	43277	жажа́нахъваб	
no_class	plain	жали-бечIер	жали-бечIер		жали-бечIер			жали-бечIер	attested	shape		черногривый	AA2019	43283	жа́ли-бечIе́р	
no_class	lli	жалилълъи	жалилълъи		жалилълъи			жалилълъи	attested	shape		чубатый	AA2019	43284	жа́лилълъи	
no_class	lli	жаналъи	жаналъи		жаналъи			жаналъи	attested	shape		винный	AA2019	43292	жана́лъи	
no_class	lli	жаналъи	жаналъи		жаналъи			жаналъи	attested	shape		коричневый	AA2019	43293	жана́лъи	
class_suffix	a	жигараб	жигара		жигараб		б	жигара/б	attested	notation		энергичный	SA2012	43307	жига́ра/б	
class_suffix	a	жигараб	жигара		жигараб		б	жигара/б	attested	notation		предприимчивый	SA2012	43308	жига́ра/б	
class_suffix	a	жигараб	жигара		жигараб		б	жигара=б	attested	notation		действенный	AA2019	43309	жига́ра=б	
no_class	lli	жигарирлъи	жигарирлъи		жигарирлъи			жигарирлъи	attested	shape		бодрый	AA2019	43313	жига́рирлъи	
no_class	plain	жикIкIилIи	жикIкIилIи		жикIкIилIи			жикIкIилIи	attested	shape		кокетливый	AA2019	43316	жи́кIкIилIи	
class_suffix	a	жинкьидаб	жинкьида		жинкьидаб		б	жинкьида/б	attested	notation		вывихнутый	SA2012	43335	жинкьида́/б	
no_class	lli	жирдайрлъи	жирдайрлъи		жирдайрлъи			жирдайрлъи	attested	shape		мимический	AA2019	43351	жи́рдайрлъи	
class_suffix	a	завалийаб	завалийа		завалийав		в	завалийав	attested	hint		крупный	AA2019	43417	завали́йав	-й, -б,-л
class_suffix	a	загIипаб	загIипа		загIипаб		б	загIипа/б	attested	notation		слабый	SA2012	43430	загIи́па/б	
class_suffix	a	загIипаб	загIипа		загIипаб		б	загIипа=б	attested	notation		истощенный	AA2019	43432	загIи́па=б	
class_suffix	a	загьираб	загьира		загьираб		б	загьира/б	attested	notation		открытый	SA2012	43448	загьи́ра/б	
class_suffix	a	загьираб	загьира		загьираб		б	загьира=б	attested	notation		выразительный	AA2019	43449	загьи́ра=б	загьираб
no_class	lli	загьрулъи	загьрулъи		загьрулъи			загьрулъи	attested	shape		ядовитый	SA2012	43465	загьрулъи	
class_suffix	a	законийаб	законийа		законийаб		б	законийа/б	attested	notation		законный	SA2012	43486	закони́йа/б	
class_suffix	a	залимаб	залима		залимаб		б	залима/б	attested	notation		огромный	SA2012	43501	зали́ма/б	
class_suffix	a	залимаб	залима		залимаб		б	залимаб	attested	shape		огромный	AA2019	43502	зали́маб	
no_class	lli	зама-заманалъи	зама-заманалъи		зама-заманалъи			зама-заманалъи	attested	shape		повременный	AA2019	43508	зама-зама́налъи	
class_suffix	u	заманадиссуб	заманадиссу		заманадиссуб		б	заманадиссуб	attested	shape		своевременный	AA2019	43522	заманади́ссуб	
class_suffix	xa	заманайхаб	заманайха		заманайхоб		б	заманайхоб	attested	shape		временный	AA2019	43524	замана́йхоб // аса́р замана́йхоб	
mwe					асар заманайхоб				variant	space		временный	AA2019	43524	замана́йхоб // аса́р замана́йхоб	
class_suffix	a	запигIаб	запигIа		запигIав		в	запигIав	attested	shape		слабый	AA2019	43549	запи́гIав	
class_suffix	a	запигIаб	запигIа		запигIо		в	запигIо	attested	shape	guess_o	измождённый	AA2019	43552	запи́гIо	
no_class	plain	зарагъвала	зарагъвала		зарагъвала			зарагъвала	attested	shape		мизерный	AA2019	43559	зара́гъвала	
no_class	lli	заралалъи	заралалъи		заралалъи			заралалъи	attested	shape		ледяной	SA2012	43566	зара́лалъи	
class_suffix	a	заралийаб	заралийа		заралийаб		б	заралийа/б	attested	notation		вредный	SA2012	43567	зарали́йа/б	
class_suffix	a	заралийаб	заралийа		заралийаб		б	заралийаб	attested	shape		пагубный	AA2019	43568	зарали́йаб	
no_class	lli	зараллълъи	зараллълъи		зараллълъи			зараллълъи	attested	shape		вредный	SA2012	43569	зара́ллълъи	
mwe					зариццуб саъи				attested	space		студеный	AA2019	43581	за́риццуб са́ъи	
class_suffix	a	зарпаб	зарпа		зарпаб		б	зарпа/б	attested	notation		хороший	SA2012	43584	за́рпа/б	
class_suffix	a	зарпаб	зарпа		зарпав		в	зарпав	attested	hint		очень хороший	AA2019	43585	за́рпав	-ай, -аб, -ал
class_suffix	a	зарчаб	зарча		зарчаб		б	зарчаб	attested	shape		мороженый	AA2019	43590	за́рчаб	
class_suffix	a	зарчаб	зарча		зарчаб		б	зарчаб	attested	shape		замерзший	SA2012	43592	за́рчаб	
no_class	plain	захIмалъирлIи	захIмалъирлIи		захIмалъирлIи			захIмалъирлIи	attested	shape		затруднительный	AA2019	43620	захIма́лъирлIи	
no_class	plain	захIмат-халкъ	захIмат-халкъ		захIмат-халкъ			захIмат-халкъ	attested	shape		трудящиеся	AA2019	43625	захIма́т-халкъ	
class_suffix	a	захIматаб	захIмата		захIматаб		б	захIмата/б	attested	notation		трудный	SA2012	43626	захIма́та/б	
class_suffix	a	захIматаб	захIмата		захIматаб		б	захIмата/б	attested	notation		сложный	SA2012	43627	захIма́та/б	
class_suffix	a	захIматаб	захIмата		захIматаб		б	захIмата/б	attested	notation		опасный	SA2012	43628	захIма́та/б	
class_suffix	a	захIматаб	захIмата		захIматаб		б	захIмата/б	attested	notation		тяжелый	SA2012	43629	захIма́та/б	
class_suffix	a	захIматаб	захIмата		захIматаб		б	захIматаб	attested	shape		трудный	AA2019	43630	захIма́таб	
mwe					зварххадаб гьарчIчула				attested	space		звонкий	AA2019	43656	зварххада́б гьарчIчу́ла	
class_suffix	xa	зивданицIцIухаб	зивданицIцIуха		зивданицIцIухоб		б	зивданицIцIухоб	attested	shape		ежедневный	AA2019	43676	зи́вданицIцIухоб	
class_suffix	xa	зирзахаб	зирзаха		зирзахоб		б	зирзахо/б	attested	notation	o-stem read as a-stem	блестящий	SA2012	43719	зи́рзахо/б	
class_suffix	a	зирзидаб	зирзида		зирзидаб		б	зирзида/б	attested	notation		зычный	SA2012	43720	зи́рзида/б	
class_suffix	xa	зирзирисахаб	зирзирисаха		зирзирисахоб		б	зирзирисахоб	attested	shape		зычный	SA2012	43721	зи́рзирисахоб	
no_class	plain	зукIкIу	зукIкIу		зукIкIу			зукIкIу	attested	shape		маленький	SA2012	43739	зу́кIкIу	
class_suffix	a	зукIкIугъаб	зукIкIугъа		зукIкIугъаб		б	зукIкIугъаб	attested	hint		меньший	AA2019	43741	зукIкIугъа́б	-о, -ай, -ал
class_suffix	u	зукIкIуццуб	зукIкIуццу		зукIкIуццуб		б	зукIкIуццуб	attested	shape		миниатюрный	AA2019	43746	зу́кIкIуццуб	
class_suffix	u	зулмудиссуб	зулмудиссу		зулмудиссуб		б	зулмудиссуб	attested	shape		принудительный	AA2019	43758	зу́лмудиссуб	
class_suffix	a	зулмуйаб	зулмуйа		зулмуйаб		б	зулмуйа/б	attested	notation		насильственный	SA2012	43759	зу́лмуйа/б	
class_suffix	a	зулмуйаб	зулмуйа		зулмуйав		в	зулмуйав	attested	hint		грозный	AA2019	43760	зулмуйав	-й, -б,-л
no_class	lli	зулмулъи	зулмулъи		зулмулъи			зулмулъи	attested	shape		принудительный	AA2019	43761	зу́лмулъи	
class_suffix	u	зулмучIукьиссуб	зулмучIукьиссу		зулмучIукьиссу		в	зулмучIукьиссу	attested	shape		угнетенный	AA2019	43762	зу́лмучIукьиссу	
no_class	plain	зутIу	зутIу		зутIу			зутIу	attested	shape		крошечный	AA2019	43798	зу́тIу	
class_suffix	a	ибхваб	ибхва		ибхваб		б	ибхваб	attested	shape		купленный	AA2019	43814	ибхваб	хваб
class_suffix	a	ибхваб	ибхва		ибхваб		б	ибхваб	attested	shape		купленный	SA2012	43815	ибхва́б	
class_suffix	a	ибхваб	ибхва		ибхваб		б	ибхваб	attested	shape		покупной	SA2012	43816	ибхва́б	
no_class	lli	ибчирлъи	ибчирлъи		ибчирлъи			ибчирлъи	attested	shape		вводный	AA2019	43849	ибчи́рлъи	
class_suffix	a	ибчичIаб	ибчичIа		ибчичIаб		б	ибчичIаб	attested	shape		заглазный	AA2019	43851	ибчи́чIаб	
class_suffix	a	игьаб	игьа		игьаб		б	игьаб	attested	shape		искусственный	AA2019	43863	игьа́б	
class_suffix	a	игьабигъаб	игьабигъа		игьабигъаб		б	игьабигъаб	attested	shape		использованный	SA2012	43866	игьаби́гъаб	
class_suffix	a	игьабигъамалаб	игьабигъамала		игьабигъамалаб		б	игьабигъамала/б	attested	notation		использованный	SA2012	43868	игьабигъа́мала/б	
class_suffix	a	игьабигъахичIаб	игьабигъахичIа		игьабигъахичIаб		б	игьабигъахичIаб	attested	shape		неупотребительный	AA2019	43869	игьабигъа́хичIаб	
class_suffix	xa	игьавагьихаб	игьавагьиха		игьавагьихов		в	игьавагьихов	attested	shape		работящий	SA2012	43871	игьавагьихо́в	
class_suffix	a	игьадаб	игьада		игьадо		в	игьадо	attested	hint	guess_o	осиротелый	AA2019	43877	игьадо́	-ай, -аб, -ал
no_class	plain	игьаду	игьаду		игьаду			игьаду	attested	shape		беспризорный	AA2019	43880	игьаду́	игьаду
class_suffix	u	игьадуццуб	игьадуццу		игьадуццуб		б	игьадуццуб	attested	shape		сиротливый	AA2019	43887	игьадуццу́б	
class_suffix	xa	игьихаб	игьиха		игьихаб		б	игьихаб	attested	shape		исполнительный	AA2019	43902	игьиха́б	
class_suffix	a	идаб	ида		идаб		б	ид/аб	attested	notation		желаемый	SA2012	43910	и́д/аб	
no_class	plain	идалIи	идалIи		идалIи			идалIи	attested	shape		имущий	AA2019	43922	и́далIи	
no_class	lli	идалълъи	идалълъи		идалълъи			идалълъи	attested	shape		состоятельный	AA2019	43925	и́далълъи	
no_class	lli	идалълъи	идалълъи		идалълъи			идалълъи	attested	shape		зажиточный	AA2019	43927	и́далълъи	
mwe					идида идахоб				attested	space		единственный	AA2019	43941	и́дида и́дахоб	
class_suffix	xa	идихаб	идиха		идихаб		б	идих/аб	attested	notation		любимый	SA2012	43947	и́дих/аб	
class_suffix	xa	идихаб	идиха		идихаб		б	идих/аб	attested	notation		любящий	SA2012	43948	и́дих/аб	
class_suffix	xa	идихаб	идиха		идихаб		б	идихаб	attested	shape		излюбленный	AA2019	43949	идиха́б	
class_suffix	a	идихичIаб	идихичIа		идихичIо		в	идихичIо	attested	hint		немилый	AA2019	43950	идихичIо́	-ай, -аб, -ал
class_suffix	xa	идихаб	идиха		идихо		в	идихо	attested	hint		милый	AA2019	43951	идихо́	-ай, -аб, -ал
class_suffix	a	изнугучIаб	изнугучIа		изнугучIаб		б	изнугучIаб	attested	shape		неразрешенный	AA2019	43975	и́знугучIаб	
class_suffix	a	иккаб	икка		иккаб		б	иккаб	attested	shape		отданный	AA2019	43981	икка́б	
class_suffix	a	иккаб	икка		иккаб		б	иккаб	attested	shape		дарственный	AA2019	43982	икка́б	
no_class	plain	иликтричиски	иликтричиски		иликтричиски			иликтричиски	attested	shape		электрическая	AA2019	44041	иликтри́чиски	чирахъ
no_class	lli	илулъи	илулъи		илулъи			илулъи	attested	shape		материнский	AA2019	44044	илу́лъи	
no_class	lli	илулъи-гьанкъулъи	илулъи-гьанкъулъи		илулъи-гьанкъулъи			илулъи-гьанкъулъи	attested	shape		маточный	AA2019	44045	илу́лъи-гьа́нкъулъи	
cited_only	gen_relational	ималалуб	ималалуб		ималалуб			ималалуб	attested	shape		старинный	AA2019	44061	ималалуб	
cited_only	gen_relational	ималалуб	ималалуб		ималалуб			ималалуб	attested	shape		антикварный	AA2019	44062	ималалуб	
cited_only	unclear_b	имуб	имуб		имуб			имуб	attested	shape		отчий	AA2019	44082	иму́б	
class_suffix	u	имудиццуб	имудиццу		имудиццуб		б	имудиццуб	attested	shape		отеческий	AA2019	44084	имудиццу́б	
class_suffix	a	инжитаб	инжита		инжитав		в	инжита=в	attested	notation		пошлый	AA2019	44087	ин(д)жи́та=в	
class_suffix	a	инджитаб	инджита		инджитав		в	инджита=в	variant	notation		пошлый	AA2019	44087	ин(д)жи́та=в	
class_suffix	a	инжитаб	инжита		инжитав		в	инжита=в	attested	notation		зазорный	AA2019	44088	ин(д)жи́та=в	
class_suffix	a	инджитаб	инджита		инджитав		в	инджита=в	variant	notation		зазорный	AA2019	44088	ин(д)жи́та=в	
no_class	plain	инглис	инглис		инглис			инглис	attested	shape		английский	AA2019	44117	и́нглис	
no_class	plain	индагIала	индагIала		индагIала			индагIала	attested	shape		недолговечный	AA2019	44127	индагIа́ла	
class_suffix	u	индагIалассуб	индагIалассу		индагIалассуб		б	индагIалассуб	attested	shape		вечный	SA2012	44130	индагIа́лассуб	
cited_only	unclear_b	индагIаласуб	индагIаласуб		индагIаласуб			индагIаласуб	attested	shape		вечный	AA2019	44131	и́ндагIаласуб	
cited_only	gen_relational	индейцалуб	индейцалуб		индейцалуб			индейцалуб	attested	shape		индейский	AA2019	44150	инде́йцалуб	
no_class	lli	инджилъи	инджилъи		инджилъи			инджилъи	attested	shape		вульгарный	AA2019	44151	инджи́лъи	
class_suffix	a	инджитаб	инджита		инджитаб		б	инджита/б	attested	notation		скверный	SA2012	44155	инджи́та/б	
no_class	lli	индонезийалъи	индонезийалъи		индонезийалъи			индонезийалъи	attested	shape		индонезийский	AA2019	44160	индоне́зийалъи	
class_suffix	a	инжитаб	инжита		инжитаб		б	инжитаб	attested	shape		похабный	AA2019	44221	инжи́таб	
class_suffix	a	инжитаб	инжита		инжитаб		б	инжитаб	attested	shape		издевательский	AA2019	44222	инжи́таб	
class_suffix	xa	инжитайхаб	инжитайха		инжитайхаб		б	инжитайхаб	attested	shape		оскорбительный	AA2019	44225	инжита́йхаб	
class_suffix	a	инквакваб	инкваква		инквакваб		б	инквакваб	attested	shape		правый	SA2012	44240	инкваква́б	
no_class	plain	инквакъи	инквакъи		инквакъи			инквакъи	attested	shape		плохо кушающий	SA2012	44242	инква́къи	
class_suffix	xa	инкуйхаб	инкуйха		инкуйхо		в	инкуйхо	attested	shape		обжорливый	AA2019	44256	инку́йхо	
class_suffix	a	инлIилъаб	инлIилъа		инлIилъаб		б	инлIилъ/аб	attested	notation		шестой	SA2012	44262	инлIи́лъ/аб	
class_suffix	xa	инлIихаб	инлIиха		инлIихоб		б	инлIихоб	attested	shape		шестой	SA2012	44263	инлIи́хоб	
mwe					инлълъида гьибда маъихаб				attested	space		самоходный	AA2019	44290	инлълъи́да гьи́бда маъиха́б	
mwe					инлълъохи рикку				attested	space		мерный	AA2019	44305	инлълъо́хи ри́кку	
class_suffix	a	инсангучIаб	инсангучIа		инсангучIаб		б	инсангучIаб	attested	shape		безлюдный	AA2019	44318	инса́нгучIа́б	
class_suffix	a	инсанийаб	инсанийа		инсанийаб		б	инсанийаб	attested	shape		общечеловеческий	AA2019	44320	инсани́йаб	
no_class	lli	инссалъи	инссалъи		инссалъи			инссалъи	attested	shape		речной	SA2012	44343	инсса́лъи	
class_suffix	a	интересийаб	интересийа		интересийаб		б	интересийа=б	attested	notation		завлекательный	AA2019	44353	интере́сийа=б	
no_class	plain	интереслIи	интереслIи		интереслIи			интереслIи	attested	shape		интересный	AA2019	44354	интере́слIи	
no_class	plain	интересни	интересни		интересни			интересни	attested	shape		интересный	AA2019	44355	интере́сни	
no_class	plain	интилигентлIи	интилигентлIи		интилигентлIи			интилигентлIи	attested	shape		интеллигентный	AA2019	44356	интилиге́нтлIи	
class_suffix	u	инучIалассуб	инучIалассу		инучIалассуб		б	инучIалассуб	attested	shape		повсеместный	AA2019	44402	инучIа́лассуб	
no_class	plain	инщубда	инщубда		инщубда			инщубда	attested	shape		личный	AA2019	44435	инщу́бда	
no_class	plain	инщуда	инщуда		инщуда			инщуда	attested	shape		самому	AA2019	44439	инщу́да	
cited_only	gen_relational	ираналуб	ираналуб		ираналуб			ираналуб	attested	shape		иранский	AA2019	44459	ира́налуб	
cited_only	gen_relational	ирландалуб	ирландалуб		ирландалуб			ирландалуб	attested	shape		ирландский	AA2019	44482	ирла́ндалуб	
no_class	plain	ирхха	ирхха		ирхха			ирхха	attested	shape		красный	AA2019	44495	и́рхха	
no_class	plain	ирхха	ирхха		ирхха			ирхха	attested	shape		красный	SA2012	44497	и́рхха	
no_class	plain	ирхха	ирхха		ирхха			ирхха	attested	shape		румяный	SA2012	44498	и́рхха	
class_suffix	a	ирххаймалаб	ирххаймала		ирххаймалаб		б	ирххаймалаб	attested	shape		румяный	AA2019	44504	ирхха́ймалаб	
class_suffix	u	исибалълъуссуб	исибалълъуссу		исибалълъуссуб		б	исибалълъуссуб	attested	shape		утробный	SA2012	44520	иси́балълъуссуб	
cited_only	gen_relational	исландалуб	исландалуб		исландалуб			исландалуб	attested	shape		исландский	AA2019	44538	исла́ндалуб	
no_class	plain	иследователски	иследователски		иследователски			иследователски	attested	shape		исследовательский	AA2019	44541	исле́дователски	
cited_only	gen_relational	испаналуб	испаналуб		испаналуб			испаналуб	attested	shape		испанский	AA2019	44546	испа́налуб	
cited_only	gen_relational	италийалуб	италийалуб		италийалуб			италийалуб	attested	shape		итальянский	AA2019	44583	ита́лийалуб	
no_class	lli	ихтилаталъи	ихтилаталъи		ихтилаталъи			ихтилаталъи	attested	shape		веселый	SA2012	44604	ихтила́талъи	
class_suffix	xa	ишанихаб	ишаниха		ишанихаб		б	ишанихаб	attested	shape		мигательный	AA2019	44638	иша́нихаб	
no_class	lli	ишилъи	ишилъи		ишилъи			ишилъи	attested	shape		деловой	AA2019	44642	и́шилъи	
no_class	plain	ишлIи	ишлIи		ишлIи			ишлIи	attested	shape		деловой	AA2019	44646	и́шлIи	
no_class	lli	иштаталъи	иштаталъи		иштаталъи			иштаталъи	attested	shape		внештатный	AA2019	44667	ишта́талъи	
class_suffix	xa	иштуйхаб	иштуйха		иштуйхоб		б	иштуйхоб	attested	shape		пятый	SA2012	44686	ишту́йхоб	
class_suffix	xa	иштуйхаб	иштуйха		иштуйхоб		б	иштуйхоб	attested	shape		пятое	AA2019	44687	и́штуйхоб	
class_suffix	xa	иштуцIалихаб	иштуцIалиха		иштуцIалихоб		б	иштуцIалихоб	attested	shape		пятидесятый	SA2012	44693	иштуцIа́лихоб	
class_suffix	u	ишхъессуб	ишхъессу		ишхъессуб		б	ишхъессу/б	attested	notation		домашний	SA2012	44703	ишхъе́ссу/б	
class_suffix	a	ищаб	ища		ищаб		б	ищ/аб	attested	notation		закрытый	SA2012	44705	и́щ/аб	
class_suffix	a	ищаб	ища		ищаб		б	ищаб	attested	shape		запертый	AA2019	44708	и́щаб	
class_prefix_suffix	a	банхилъаб	анхилъа		йанхилъай	й	й	анхилъа=й	attested	notation		беременная	AA2019	44722	й=анхилъа=й	
class_suffix	a	йазихъаб	йазихъа		йазихъаб		б	йазихъа/б	attested	notation		бедный	SA2012	44741	йази́хъа/б	
class_suffix	a	йанхилъаб	йанхилъа		йанхилъай		й	йанхилъа/й	attested	notation		беременная	SA2012	44767	йанхилъа́/й	
cited_only	gen_relational	йапонийалуб	йапонийалуб		йапонийалуб			йапонийалуб	attested	shape		японский	AA2019	44776	йапони́йалуб	
class_suffix	a	йарагъгучIаб	йарагъгучIа		йарагъгучIо		в	йарагъгучIо	attested	hint		невооруженный	AA2019	44783	йара́гъгучIо́	-ай, -аб, -ал
no_class	lli	йахI-намуслълъи	йахI-намуслълъи		йахI-намуслълъи			йахI-намуслълъи	attested	shape		честный	SA2012	44801	йа́хI-наму́слълъи	
class_suffix	a	йахIгучаб	йахIгуча		йахIгучо		в	йахIгучо	attested	hint	guess_o	непристойный	AA2019	44802	йа́хIгучо	-ай, -аб, -ал
class_suffix	xa	йахIигьихаб	йахIигьиха		йахIигьихов		в	йахIигьихов	attested	shape		терпеливый	SA2012	44803	йахIигьихо́в	
no_class	plain	йахIили	йахIили		йахIили			йахIили	attested	shape		порядочный	AA2019	44804	йа́хIили	
no_class	lli	йахIилълъи	йахIилълъи		йахIилълъи			йахIилълъи	attested	shape		терпеливый	AA2019	44805	йа́хIилълъи	
no_class	lli	йахIлълъи	йахIлълъи		йахIлълъи			йахIлълъи	attested	shape		терпеливый	SA2012	44806	йа́хIлълъи	
no_class	lli	йашавалъи	йашавалъи		йашавалъи			йашавалъи	attested	shape		бытовой	AA2019	44820	йаша́валъи	
no_class	plain	йашавлIи	йашавлIи		йашавлIи			йашавлIи	attested	shape		обитаемый	AA2019	44821	йаша́влIи	
class_suffix	a	йешикIвамахIаб	йешикIвамахIа		йешикIвамахIав		в	йешикIвамахIав	attested	shape		женоподобный	SA2012	44871	йеши́кIвамахIав	
class_suffix	a	йешикIвамахIаб	йешикIвамахIа		йешикIвамахIав		в	йешикIвамахIав	attested	shape		трусливый	SA2012	44872	йеши́кIвамахIав	
class_suffix	xa	йешилидихаб	йешилидиха		йешилидихов		в	йешилидихов	attested	shape		женолюбивый	SA2012	44873	йешилидихо́в	
cited_only	gen_relational	йешилуб	йешилуб		йешилуб			йешилуб	attested	shape		женский	SA2012	44875	йеши́луб	
cited_only	gen_relational	йешилуб	йешилуб		йешилуб			йешилуб	attested	shape		дамский	AA2019	44876	йе́шилуб	//йешилуб
class_suffix	u	йешилубццуб	йешилубццу		йешилубццуб		б	йешилубццуб	attested	shape		женственный	AA2019	44877	йеши́лубццуб	
cited_only	f_cited	йиншай	йиншай		йиншай			йиншай	attested	shape		см. виншо́в	SA2012	44889	йиншай	
no_class	lli	йиргъвалъи	йиргъвалъи		йиргъвалъи			йиргъвалъи	attested	shape		вороной	AA2019	44891	йиргъва́лъи	
no_class	lli	йодалъи	йодалъи		йодалъи			йодалъи	attested	shape		йодовый	AA2019	44895	йо́далъи	
no_class	plain	йуридичиски	йуридичиски		йуридичиски			йуридичиски	attested	shape		юридический	AA2019	44900	йуриди́чиски	
cited_only	unclear_b	кIакIуцIцуб	кIакIуцIцуб		кIакIуцIцуб			кIакIуцIцуб	attested	shape		шаровидный	AA2019	44911	кIа́кIуцIцуб	
no_class	lli	кIамулълъи	кIамулълъи		кIамулълъи			кIамулълъи	attested	shape		рогатый	AA2019	44921	кIа́мулълъи	
class_suffix	u	кIамуццуб	кIамуццу		кIамуццуб		б	кIамуццуб	attested	shape		роговидный	AA2019	44922	кIа́муццуб	
no_class	plain	кIанцIцIил	кIанцIцIил		кIанцIцIил			кIанцIцIил	attested	shape		мелкий	AA2019	44968	кIа́нцIцIил	
no_class	lli	кIарвелълъи	кIарвелълъи		кIарвелълъи			кIарвелълъи	attested	shape		пнистый	AA2019	44985	кIарве́лълъи	
class_suffix	u	кIаркIаццуб	кIаркIаццу		кIаркIаццуб		б	кIаркIаццуб	attested	shape		яйцевидный	AA2019	44998	кIаркIаццу́б	
class_suffix	a	кIарчамаб	кIарчама		кIарчамав		в	кIарчама/в	attested	notation		капризный	SA2012	45022	кIарча́ма/в	
mwe					кIвар асарлъи				attested	space		маловажный	AA2019	45042	кIвар аса́рлъи	
mwe					кIварилълъи кIварилIи кIварилъи				attested	space		важный	AA2019	45043	кIва́рилълъи / кIва́рилIи / кIва́рилъи	
class_suffix	a	кIвартIащаб	кIвартIаща		кIвартIащаб		б	кIвартIащаб	attested	shape		комковатый	AA2019	45046	кIвартIаща́б	
cited_only	plural_cited	кIвахIал	кIвахIал		кIвахIал			кIвахIал	attested	shape		больной	AA2019	45070	кIвахIал	
class_suffix	a	кIвахIалаб	кIвахIала		кIвахIалаб		б	кIвахIала/б	attested	notation		ленивый	SA2012	45076	кIвахIа́ла/б	
class_suffix	a	кIвахIалаб	кIвахIала		кIвахIалав		в	кIвахIала=в	attested	notation		безвольный	AA2019	45077	кIвахIала=в	
class_suffix	a	кIвахIаллъаб	кIвахIаллъа		кIвахIаллъаб		б	кIвахIаллъ/аб	attested	notation		больной	SA2012	45083	кIвахIа́ллъ/аб	
class_suffix	a	кIвахIаллъаб	кIвахIаллъа		кIвахIаллъо		в	кIвахIаллъо	attested	shape		больной	AA2019	45084	кIвахIаллъо	
class_suffix	xa	кIвахIалхаб	кIвахIалха		кIвахIалхоб		б	кIвахIалхоб	attested	shape		больной	AA2019	45085	кIвахIалхоб	
class_suffix	u	кIелъассуб	кIелъассу		кIелъассуб		б	кIелъассу/б	attested	notation		двухгодовалый	SA2012	45091	кIе:лъассу/б	
no_class	plain	кIеазарудалIи	кIеазарудалIи		кIеазарудалIи			кIеазарудалIи	attested	shape		двухтысячный	AA2019	45093	кIеа́зарудалIи	
class_suffix	xa	кIеазаруйхаб	кIеазаруйха		кIеазаруйхоб		б	кIеазаруйхоб	attested	shape		двухтысячный	AA2019	45094	кIеа́заруйхоб	
class_suffix	xa	кIебешунуйхаб	кIебешунуйха		кIебешунуйхоб		б	кIебешунуйхоб	attested	shape		двухсотый	AA2019	45096	кIебешуну́йхоб	
class_suffix	u	кIедалIуссуб	кIедалIуссу		кIедалIуссуб		б	кIедалIуссуб	attested	shape		двухчасовой	AA2019	45098	кIе́далIуссуб	
no_class	lli	кIедалълъи	кIедалълъи		кIедалълъи			кIедалълъи	attested	shape		парный	AA2019	45105	кIе́далълъи	
class_suffix	a	кIейилъаб	кIейилъа		кIейилъаб		б	кIейилъ/аб	attested	notation		второй	SA2012	45110	кIейи́лъ/аб	по отнош. к одуш.
class_suffix	xa	кIейихаб	кIейиха		кIейихоб		б	кIейихоб	attested	shape		второй	SA2012	45111	кIейихо́б	
class_suffix	xa	кIейихаб	кIейиха		кIейихоб		б	кIейихоб	attested	hint		второй	AA2019	45112	кIе́йихоб	-лъ=о/-а-й
no_class	plain	кIеркьабекъин	кIеркьабекъин		кIеркьабекъин			кIеркьабекъин	attested	shape		симметричный	AA2019	45121	кIе́ркьабекъин	
cited_only	other	кIеххв/а			кIеххва			кIеххв/а	attested	notation?	unparsed class notation	глиняный	SA2012	45126	кIе́ххв/а	
class_suffix	a	кIецIалилъаб	кIецIалилъа		кIецIалилъаб		б	кIецIалилъ/аб	attested	notation		двадцатый	SA2012	45129	кIецIа́лилъ/аб	
class_suffix	xa	кIецIалихаб	кIецIалиха		кIецIалихоб		б	кIецIалихоб	attested	shape		двадцатый	SA2012	45131	кIецIа́лихоб	
no_class	plain	кIилвирхха	кIилвирхха		кIилвирхха			кIилвирхха	attested	shape		краснощекий	AA2019	45136	кIилви́рхха	
class_suffix	a	кIичIаб	кIичIа		кIичIаб		б	кIичIа/б	attested	notation		кривой	SA2012	45153	кIи́чIа/б//кIичIачIа́б	
class_suffix	a	кIичIачIаб	кIичIачIа		кIичIачIаб		б	кIичIачIаб	variant	shape		кривой	SA2012	45153	кIи́чIа/б//кIичIачIа́б	
class_suffix	a	кIичIаб	кIичIа		кIичIаб		б	кIичIаб	attested	shape		вогнутый	AA2019	45157	кIичIа́б	
class_suffix	a	кIичIаймалаб	кIичIаймала		кIичIаймалаб		б	кIичIаймалаб	attested	shape		искривленный	SA2012	45166	кIичIа́ймалаб	
class_suffix	a	кIичIачIаб	кIичIачIа		кIичIачIаб		б	кIичIачIаб	attested	shape		зигзагообразный	AA2019	45172	кIи́чIачIаб	
class_suffix	a	кIкIабдаймалаб	кIкIабдаймала		кIкIабдаймалаб		б	кIкIабдаймалаб	attested	shape		дубленый	AA2019	45201	кIкIа́бда(а́)ймалаб	
class_suffix	a	кIкIабдааймалаб	кIкIабдааймала		кIкIабдааймалаб		б	кIкIабдааймалаб	variant	shape		дубленый	AA2019	45201	кIкIа́бда(а́)ймалаб	
class_suffix	a	кIкIабдаб	кIкIабда		кIкIабдаб		б	кIкIабдаб	attested	shape		лысый	SA2012	45202	кIкIабда́б	
class_suffix	a	кIкIабдаб	кIкIабда		кIкIабдаб		б	кIкIабдаб	attested	shape		осевший	SA2012	45203	кIкIабда́б	
class_suffix	a	кIкIабдаб	кIкIабда		кIкIабдаб		б	кIкIабдаб	attested	shape		лысый	AA2019	45204	кIкIа́бдаб	
class_suffix	a	кIкIандаб	кIкIанда		кIкIандаб		б	кIкIанда=б	attested	notation		бритый	AA2019	45231	кIкIанда=б	
class_suffix	a	кIкIандулъаб	кIкIандулъа		кIкIандулъо		в	кIкIандулъ=о	attested	notation		бритый	AA2019	45235	кIкIандулъ=о	кIкIандухоб
no_class	plain	кIкIанцIцIил	кIкIанцIцIил		кIкIанцIцIил			кIкIанцIцIил	attested	shape		мелкий	SA2012	45238	кIкIа́нцIцIил	
class_suffix	a	кIкIвандаб	кIкIванда		кIкIвандаб		б	кIкIвандаб	attested	shape		подпорный	AA2019	45251	кIкIванда́б	
class_suffix	xa	кIкIвандайхаб	кIкIвандайха		кIкIвандайхаб		б	кIкIвандайхаб	attested	shape		изобличительный	AA2019	45259	кIкIванда́йхаб	
class_suffix	a	кIкIвандайхичIаб	кIкIвандайхичIа		кIкIвандайхичIаб		б	кIкIвандайхичIаб	attested	shape		неопровержимый	AA2019	45260	кIкIванда́йхичIаб	
no_class	lli	кIкIобалъи	кIкIобалъи		кIкIобалъи			кIкIобалъи	attested	shape		матовый	AA2019	45295	кIкIоба́лъи	
class_suffix	a	кIкIубаб	кIкIуба		кIкIубаб		б	кIкIубаб	attested	shape		смуглый	SA2012	45300	кIкIу́баб	
class_suffix	a	кIкIубаб	кIкIуба		кIкIубаб		б	кIкIубаб	attested	shape		тёмный	SA2012	45301	кIкIу́баб	
no_class	lli	кIкIубалъи	кIкIубалъи		кIкIубалъи			кIкIубалъи	attested	shape		смуглый	SA2012	45302	кIкIуба́лъи	
cited_only	gen_relational	кабардиналуб	кабардиналуб		кабардиналуб			кабардиналуб	attested	shape		кабардинский	AA2019	45354	кабарди́налуб	
no_class	lli	кавиркотилъи	кавиркотилъи		кавиркотилъи			кавиркотилъи	attested	shape		коверкотовый	AA2019	45369	кавирко́тилъи	
class_suffix	u	кавудиниссуб	кавудиниссу		кавудиниссуб		б	кавудиниссуб	attested	shape		надворный	AA2019	45373	каву́диниссуб	
no_class	lli	кагъаталъи	кагъаталъи		кагъаталъи			кагъаталъи	attested	shape		бумажный	SA2012	45382	кагъа́талъи	
cited_only	gen_relational	казахалуб	казахалуб		казахалуб			казахалуб	attested	shape		казахский	AA2019	45401	каза́халуб	
class_suffix	a	какаб	кака		какаб		б	какаб	attested	shape		предосудительный	SA2012	45411	кака́б//какиха́б	
class_suffix	xa	какихаб	какиха		какихаб		б	какихаб	variant	shape		предосудительный	SA2012	45411	кака́б//какиха́б	
class_suffix	xa	какатахаб	какатаха		какатахоб		б	какатахоб	attested	shape		критический	AA2019	45415	ка́катахоб	
no_class	lli	каласалъи	каласалъи		каласалъи			каласалъи	attested	shape		классный	AA2019	45434	кала́салъи	
class_suffix	a	камаб	кама		камаб		б	кама=б	attested	notation		недостающий	AA2019	45465	кама́=б	
class_suffix	a	камаб	кама		камаб		б	кама=б	attested	notation		неполный	AA2019	45466	кама́=б	
class_suffix	a	камаб	кама		камаб		б	кама=б	attested	notation		слабоумный	AA2019	45467	кама́=б	
class_suffix	a	камаб	кама		камаб		б	камаб	attested	shape		недостающий	SA2012	45468	кама́б	
class_suffix	a	камилаб	камила		камилаб		б	камила/б	attested	notation		безукоризненный	SA2012	45490	ками́ла/б	
class_suffix	a	камилаб	камила		камилаб		б	камила/б	attested	notation		разумный	SA2012	45492	ками́ла/б	
class_suffix	a	камилаб	камила		камилаб		б	камилаб	attested	shape		непревзойдённый	AA2019	45493	ками́лаб	
no_class	plain	камисионни	камисионни		камисионни			камисионни	attested	shape		комиссионный	AA2019	45507	камисио́нни	
class_suffix	a	камичIаб	камичIа		камичIаб		б	камичIаб	attested	shape		достаточный	AA2019	45509	камичIа́б	
class_suffix	a	камаб	кама		камов		в	камов	attested	shape		придурковатый	SA2012	45510	камо́в	
no_class	plain	камунални	камунални		камунални			камунални	attested	shape		коммунальный	AA2019	45535	камуна́лни	
cited_only	gen_relational	камунисталуб	камунисталуб		камунисталуб			камунисталуб	attested	shape		коммунистический	AA2019	45539	камуни́сталуб	
cited_only	gen_relational	канадцалуб	канадцалуб		канадцалуб			канадцалуб	attested	shape		канадский	AA2019	45544	кана́дцалуб	
class_suffix	a	кандаб	канда		кандаб		б	кандаб	attested	shape		тёсаный	SA2012	45555	канда́б	
class_suffix	a	кандаб	канда		кандаб		б	кандаб	attested	shape		струганый	SA2012	45556	канда́б	
no_class	lli	каникуллъи	каникуллъи		каникуллъи			каникуллъи	attested	shape		каникулярный	AA2019	45570	кани́куллъи	
no_class	plain	кантролни	кантролни		кантролни			кантролни	attested	shape		контрольный	AA2019	45598	кантро́лни	
no_class	plain	канцитрациони	канцитрациони		канцитрациони			канцитрациони	attested	shape		концентрационный	AA2019	45607	канцитрацио́ни	
class_suffix	a	капураб	капура		капурав		в	капура/в	attested	notation		отрекшийся от ислама	SA2012	45630	капу́ра/в	
class_suffix	a	карагIатаб	карагIата		карагIатаб		б	карагIатаб	attested	shape		недозволенный	SA2012	45651	кара́гIатаб	
no_class	plain	карахмаллIи	карахмаллIи		карахмаллIи			карахмаллIи	attested	shape		крахмалистый	AA2019	45659	карахма́ллIи	
no_class	plain	касмически	касмически		касмически			касмически	attested	shape		космический	AA2019	45722	касми́чески	
class_suffix	a	кваᴴгьаб	кваᴴгьа		кваᴴгьаб		б	кваᴴгьаб	attested	shape		светлый	SA2012	45756	кваᴴгьа́б	
class_suffix	a	квагъайхичIаб	квагъайхичIа		квагъайхичIаб		б	квагъайхичIаб	attested	hint		неукротимый	AA2019	45768	квагъайхичIа́б	-о, -ай, -ал
class_suffix	a	квад-ва-цIихичаб	квад-ва-цIихича		квад-ва-цIихичо		в	квад-ва-цIихичо	attested	hint	guess_o	неуловимый	AA2019	45775	квад-ва-цIихичо́	-йа-...-ай, -аба-...-аб, -ара-...-ал
class_suffix	u	квадуссуб	квадуссу		квадуссуб		б	квадуссуб	attested	shape		подвластный	AA2019	45791	кваду́ссуб	
no_class	plain	квана	квана		квана			квана	attested	shape		светлый	AA2019	45809	ква́на	
no_class	plain	квана	квана		квана			квана	attested	shape		зрячий	AA2019	45810	ква́на	
no_class	plain	квана	квана		квана			квана	attested	shape		светлый	SA2012	45811	ква́на	
class_suffix	a	кванармаъаб	кванармаъа		кванармаъо		в	кванармаъо	attested	shape	guess_o	невидящий	AA2019	45823	ква́нармаъо	
no_class	plain	кванаъачу	кванаъачу		кванаъачу			кванаъачу	attested	shape		ярко-зеленый	SA2012	45825	кванаъа́чу	
mwe					квани на балъилIи				attested	space		многочисленный	AA2019	45828	квани на балъилIи	
class_suffix	a	кванчIаб	кванчIа		кванчIаб		б	кванчIаб	attested	shape		светлый	SA2012	45834	ква́нчIаб	
class_suffix	u	квахачIессуб	квахачIессу		квахачIессуб		б	квахачIессуб	attested	shape		нарукавный	AA2019	45872	ква́хачIессуб	
class_suffix	a	кепаб	кепа		кепав		в	кепа/в	attested	notation		веселый	SA2012	45918	ке́па/в	
class_suffix	a	кепаб	кепа		кепав		в	кепа/в	attested	notation		смешной	SA2012	45919	ке́па/в	
class_suffix	a	кепаб	кепа		кепав		в	кепа/в	attested	notation		интересный	SA2012	45920	ке́па/в	
class_suffix	a	кепаб	кепа		кепаб		б	кепа=б	attested	notation		забавный	AA2019	45921	ке́па=б	
no_class	plain	керчи	керчи		керчи			керчи	attested	shape		лохматый	AA2019	45942	ке́рчи	
no_class	plain	керчи	керчи		керчи			керчи	attested	shape		лохматый	SA2012	45944	ке́рчи	
no_class	plain	керчи-херчи	керчи-херчи		керчи-херчи			керчи-херчи	attested	shape		лохматый	AA2019	45946	ке́рчи-хе́рчи	
cited_only	gen_relational	киргизалуб	киргизалуб		киргизалуб			киргизалуб	attested	shape		киргизский	AA2019	46001	кирги́залуб	
cited_only	gen_relational	китайалуб	китайалуб		китайалуб			китайалуб	attested	shape		китайский	AA2019	46026	кита́йалуб	
class_suffix	a	ккалаххваб	ккалаххва		ккалаххваб		б	ккалаххваб	attested	shape		заплесневелый	AA2019	46048	кка́лаххваб	ккалаххваб
class_suffix	a	ккалаххваб	ккалаххва		ккалаххваб		б	ккалаххваб	attested	shape		заплесневелый	SA2012	46050	кка́лаххваб	
class_suffix	xa	ккандихаб	ккандиха		ккандихаб		б	ккандихаб	attested	shape		дойная	SA2012	46061	ккандихаб	
class_suffix	xa	ккандихаб	ккандиха		ккандихаб		б	ккандихаб	attested	shape		доильный	AA2019	46062	кка́ндихаб	
class_suffix	a	ккимдихичIаб	ккимдихичIа		ккимдихичIо		в	ккимдихичIо	attested	shape		серьезный	AA2019	46071	ккимдихичIо́	
no_class	plain	кобилIи	кобилIи		кобилIи			кобилIи	attested	shape		железистый	AA2019	46082	коби́лIи	
no_class	lli	комимбдалъилъи	комимбдалъилъи		комимбдалъилъи			комимбдалъилъи	attested	shape		бревенчатый	AA2019	46103	коми́мбдалъилъи	
class_suffix	a	коцокъаб	коцокъа		коцокъаб		б	коцокъа/б	attested	notation		неврасивый	SA2012	46138	коцо́къа/б	
no_class	plain	куколни	куколни		куколни			куколни	attested	shape		кукольный	AA2019	46148	ку́колни	
cited_only	gen_relational	кулакалуб	кулакалуб		кулакалуб			кулакалуб	attested	shape		кулацкий	AA2019	46150	кула́калуб	
no_class	plain	културалIи	културалIи		културалIи			културалIи	attested	shape		культурный	AA2019	46154	култу́ралIи	
no_class	lli	кумаклълъи	кумаклълъи		кумаклълъи			кумаклълъи	attested	shape		вспомогательный	AA2019	46164	кума́клълъи	
cited_only	gen_relational	кунакалуб	кунакалуб		кунакалуб			кунакалуб	attested	shape		кунацкий	AA2019	46167	куна́калуб	
cited_only	gen_relational	кунтIалуб	кунтIалуб		кунтIалуб			кунтIалуб	attested	shape		мужской	AA2019	46175	кунтIа́луб	
cited_only	gen_relational	кунтIалуб	кунтIалуб		кунтIалуб			кунтIалуб	attested	shape		мужской	SA2012	46177	кунтIа́луб	
class_suffix	u	кунтIаццуб	кунтIаццу		кунтIаццу		в	кунтIаццу	attested	shape		мужеподобный	AA2019	46180	ку́нтIаццу	
no_class	plain	кунтIекIва-махIама	кунтIекIва-махIама		кунтIекIва-махIама			кунтIекIва-махIама	attested	shape		молодцеватый	AA2019	46183	кунтIе́кIва-махIа́ма	
class_suffix	a	кунтIекIвамахIаб	кунтIекIвамахIа		кунтIекIвамахIав		в	кунтIекIвамахIа/в	attested	notation		мужественный	SA2012	46186	кунтIе́кIвамахIа/в	
cited_only	unclear_b	кунтIекIващуб	кунтIекIващуб		кунтIекIващуб			кунтIекIващуб	attested	shape		мужественный	SA2012	46188	кунтIе́кIващуб	
class_suffix	xa	кунчIелахаб	кунчIелаха		кунчIелахоб		б	кунчIелахо=б	attested	notation	o-stem read as a-stem	блестящий	AA2019	46206	кунчIе́лахо=б	
class_suffix	a	кунчIидаб	кунчIида		кунчIидаб		б	кунчIида=б	attested	notation		блестящий	AA2019	46207	ку́нчIида=б	
cited_only	gen_relational	курдалуб	курдалуб		курдалуб			курдалуб	attested	shape		курдский	AA2019	46224	ку́рдалуб	
class_suffix	a	кутакаб	кутака		кутакаб		б	кутака/б	attested	notation		сильный	SA2012	46263	кута́ка/б	
class_suffix	a	кутакаб	кутака		кутакаб		б	кутака/б	attested	notation		громкий	SA2012	46264	кута́ка/б	
class_suffix	a	кутакаб	кутака		кутакаб		б	кутакаб	attested	hint		здоровый	AA2019	46265	кута́каб	-ав, -ал, -ай
no_class	plain	кутакасар	кутакасар		кутакасар			кутакасар	attested	shape		малосильный	AA2019	46268	кутакаса́р	
class_suffix	a	кутакгучIаб	кутакгучIа		кутакгучIаб		б	кутакгучIаб	attested	shape		немощный	AA2019	46269	кута́кгучIаб	
no_class	lli	кутаклълъи	кутаклълъи		кутаклълъи			кутаклълъи	attested	shape		сильный	AA2019	46272	кута́клълъи	
no_class	lli	куц-мухъилълъи	куц-мухъилълъи		куц-мухъилълъи			куц-мухъилълъи	attested	shape		симпатичный	AA2019	46283	куц-му́хъилълъи	
no_class	lli	куц-мухъилълъи	куц-мухъилълъи		куц-мухъилълъи			куц-мухъилълъи	attested	shape		симпатичный	SA2012	46284	ку́ц-мухъилълъи	
class_suffix	a	куцгучIаб	куцгучIа		куцгучIаб		б	куцгучIа=б	attested	notation		неприглядный	AA2019	46287	ку́цгучIа=б	
class_suffix	a	къабихIаб	къабихIа		къабихIаб		б	къабихIа/б	attested	notation		скверный	SA2012	46304	къаби́хIа/б	
class_suffix	a	къабихIаб	къабихIа		къабихIаб		б	къабихIа/б	attested	notation		унизительный	SA2012	46305	къаби́хIа/б	
class_suffix	a	къабихIаб	къабихIа		къабихIаб		б	къабихIаб	attested	hint		подлый	AA2019	46306	къаби́хIаб	-ав, -ай, -ал
no_class	plain	къабкъи	къабкъи		къабкъи			къабкъи	attested	shape		плоский	AA2019	46314	къабкъи	
no_class	plain	къабкъи	къабкъи		къабкъи			къабкъи	attested	shape		плоский	SA2012	46318	къа́бкъи	
class_suffix	a	къабулаб	къабула		къабулаб		б	къабула/б	attested	notation		согласный	SA2012	46325	къабу́ла/б	
class_suffix	a	къагьаличIаб	къагьаличIа		къагьаличIаб		б	къагьаличI/аб	attested	notation		непокоримый	SA2012	46338	къагьаличI/а́б	
class_suffix	a	къагьарачIаб	къагьарачIа		къагьарачIаб		б	къагьарачIаб	attested	shape		см. къагьаличIа́б	SA2012	46339	къагьара́чIаб	
class_suffix	a	къада-мадараб	къада-мадара		къада-мадараб		б	къада-мадараб	attested	shape		плоховатый	AA2019	46341	къада-мада́раб	
class_suffix	a	къадараб	къадара		къадараб		б	къадара/б	attested	notation		плохой	SA2012	46352	къада́ра/б	
class_suffix	a	къадараб	къадара		къадараб		б	къадара/б	attested	notation		скверный	SA2012	46353	къада́ра/б	
class_suffix	a	къадараб	къадара		къадараб		б	къадара/б	attested	notation		тощий	SA2012	46354	къада́ра/б	
class_suffix	a	къадараб	къадара		къадараб		б	къадараб	attested	hint		плохой	AA2019	46355	къада́раб	-ав, -ай, -ал
class_suffix	a	къадараб	къадара		къадараб		б	къадараб	attested	hint		недостойный	AA2019	46356	къада́раб	-ав, -ай, -ал
no_class	plain	къаджар	къаджар		къаджар			къаджар	attested	shape		азербайджанский	AA2019	46363	къаджа́р	
cited_only	gen_relational	къаджаралуб	къаджаралуб		къаджаралуб			къаджаралуб	attested	shape		азербайджанский	AA2019	46366	къаджа́ралуб	
cited_only	f_cited	къадилай	къадилай		къадилай			къадилай	attested	shape		жадная	AA2019	46367	къадилай	
no_class	lli	къадрулълъи	къадрулълъи		къадрулълъи			къадрулълъи	attested	shape		авторитетный	SA2012	46374	къадрулълъи	
class_suffix	a	къайдаб	къайда		къайдаб		б	къайда/б	attested	notation		нарядный	SA2012	46405	къайда́/б	
class_suffix	a	къайдаб	къайда		къайдаб		б	къайда/б	attested	notation		завершенный	SA2012	46406	къайда́/б	
class_suffix	a	къайдаб	къайда		къайдаб		б	къайда=б	attested	notation		нарядный	AA2019	46407	къайда́=б	-ав, -ай, -ал
class_suffix	a	къайдаб	къайда		къайдаб		б	къайда=б	attested	notation		чинёный	AA2019	46408	къайда́=б	-ав, -ай, -ал
class_suffix	a	къайдаймалаб	къайдаймала		къайдаймалаб		б	къайдаймал/аб	attested	notation		нарядный	SA2012	46413	къайда́ймал/аб	
class_suffix	a	къайдаймалаб	къайдаймала		къайдаймалаб		б	къайдаймал/аб	attested	notation		отремонтированный	SA2012	46414	къайда́ймал/аб	
class_suffix	a	къайдамалаб	къайдамала		къайдамалаб		б	къайдамалаб	attested	shape		благоустроенный	AA2019	46416	къайда́малаб	
class_suffix	a	къайду-чIайдаб	къайду-чIайда		къайду-чIайдаб		б	къайду-чIайд/аб	attested	notation		наряженный	SA2012	46421	къа́йду-чIайд/аб	
no_class	plain	къайлIи	къайлIи		къайлIи			къайлIи	attested	shape		с грузом	AA2019	46425	къа́йлIи	
no_class	lli	къайлъи	къайлъи		къайлъи			къайлъи	attested	shape		вещественный	AA2019	46426	къа́йлъи	
no_class	lli	къайлъи	къайлъи		къайлъи			къайлъи	attested	shape		грузовой	AA2019	46427	къа́йлъи	
class_suffix	u	къайчIвессуб	къайчIвессу		къайчIвессуб		б	къайчIвессуб	attested	shape		поимущественный	AA2019	46428	къа́йчIвессуб	
class_suffix	a	къамакваб	къамаква		къамакваб		б	къамакваб	attested	shape		чёрствый	AA2019	46444	къа́макваб	къамакваб
class_suffix	a	къамакваб	къамаква		къамакваб		б	къамакваб	attested	shape		пригорелый	AA2019	46445	къа́макваб	къамакваб
class_suffix	a	къамакваб	къамаква		къамакваб		б	къамакваб	attested	shape		подгорелый	SA2012	46446	къа́макваб	
class_suffix	a	къамдаймалаб	къамдаймала		къамдаймалаб		б	къамдаймалаб	attested	shape		отчётливый	AA2019	46458	къамда́ймалаб	
mwe					къамкъа багьаб				attested	space		побродившийся	AA2019	46467	къа́мкъа багьа́б	
class_suffix	xa	къамкъахаб	къамкъаха		къамкъахоб		б	къамкъахоб	attested	shape		бродящий	SA2012	46472	къамкъахо́б	
class_suffix	xa	къамкъахаб	къамкъаха		къамкъахоб		б	къамкъахоб	attested	shape		газированный	SA2012	46473	къамкъахо́б	
class_suffix	a	къанагIатаб	къанагIата		къанагIатаб		б	къанагIата/б	attested	notation		редкий	SA2012	46483	къана́гIата/б	
class_suffix	a	къанагIатаб	къанагIата		къанагIатаб		б	къанагIатаб	attested	shape		необыкновенный	AA2019	46484	къана́гIатаб	
class_suffix	a	къаркъадаб	къаркъада		къаркъадаб		б	къаркъадаб	attested	shape		морщинистый	AA2019	46513	къа́ркъадаб	
class_suffix	a	къаркъатIаб	къаркъатIа		къаркъатIаб		б	къаркъатIаб	attested	shape		помятый	SA2012	46523	къа́ркъатIаб	
cited_only	gen_relational	къачагъалуб	къачагъалуб		къачагъалуб			къачагъалуб	attested	shape		грабительский	AA2019	46556	къача́гъалуб	
class_suffix	a	къвагъаб	къвагъа		къвагъаб		б	къвагъаб	attested	shape		подгорелый	SA2012	46566	къвагъа́б	
no_class	lli	къвалъилъи	къвалъилъи		къвалъилъи			къвалъилъи	attested	shape		пиковый	AA2019	46591	къва́лъилъи	
no_class	plain	къвара	къвара		къвара			къвара	attested	shape		узкий	AA2019	46614	къва́ра	
no_class	plain	къвара	къвара		къвара			къвара	attested	shape		тесный	AA2019	46615	къва́ра	
no_class	plain	къвара	къвара		къвара			къвара	attested	shape		тесный	SA2012	46616	къва́ра	
no_class	plain	къвара	къвара		къвара			къвара	attested	shape		густой	SA2012	46617	къва́ра	
no_class	plain	къвара	къвара		къвара			къвара	attested	shape		узкий	SA2012	46618	къва́ра	
class_suffix	xa	къварайхаб	къварайха		къварайхаб		б	къварайхаб	attested	shape		огорчительный	AA2019	46630	къвара́йхаб	
class_suffix	xa	къварихаб	къвариха		къварихаб		б	къварих/аб	attested	notation		нужный	SA2012	46663	къварих/а́б	
class_suffix	xa	къварихаб	къвариха		къварихаб		б	къвариха=б	attested	notation		нужный	AA2019	46664	къвариха́=б	
class_suffix	xa	къварихаб	къвариха		къварихаб		б	къвариха=б	attested	notation		пригодный	AA2019	46665	къвариха́=б	
class_suffix	a	къварихичIаб	къварихичIа		къварихичIаб		б	къварихичIа=б	attested	notation		нежелательный	AA2019	46667	къварихичIа́=б	
class_suffix	a	къварихичIаб	къварихичIа		къварихичIаб		б	къварихичIа=б	attested	notation		неприятный	AA2019	46668	къварихичIа́=б	
no_class	lli	къватIелъи	къватIелъи		къватIелъи			къватIелъи	attested	shape		уличный	SA2012	46688	къватIе:лъи	
no_class	lli	къебелъирлъи	къебелъирлъи		къебелъирлъи			къебелъирлъи	attested	shape		кузнечный	AA2019	46700	къебе́лъирлъи	
class_suffix	u	къегьенццуб	къегьенццу		къегьенццуб		б	къегьенццуб	attested	shape		мешковатый	AA2019	46706	къегье́нццуб	
mwe					къей ккихичIо				attested	space		непоколебимый	AA2019	46707	къей ккихичIо́	
class_suffix	u	къенулъиссуб	къенулъиссу		къенулъиссуб		б	къенулъиссуб	attested	shape		летний	AA2019	46715	къену́лъиссуб	
class_suffix	u	къенулъиссуб	къенулъиссу		къенулъиссуб		б	къенулъиссуб	attested	shape		летний	SA2012	46717	къену́лъиссуб	
class_suffix	a	къеролъаб	къеролъа		къеролъаб		б	къеролъ/аб	attested	notation		раненый	SA2012	46724	къеро:лъ/аб	
no_class	lli	къерулъи	къерулъи		къерулъи			къерулъи	attested	shape		пшеничный	SA2012	46730	къеру́лъи	
mwe					къетIеналъи цIаб				attested	space		закоптелый	AA2019	46735	къетIе́налъи цIаб	
class_suffix	a	къиматаб	къимата		къиматаб		б	къимата/б	attested	notation		ценный	SA2012	46753	къима́та/б	
class_suffix	a	къиматаб	къимата		къиматаб		б	къимата=б	attested	notation		достойный	AA2019	46754	къима́та=б	
cited_only	f_cited	къинай	къинай		къинай			къинай	attested	shape		беременная	SA2012	46755	къи́най	
class_suffix	a	къиндаб	къинда		къиндаб		б	къинда/б	attested	notation		тесный	SA2012	46771	къинда́/б	
class_suffix	a	къиндаб	къинда		къиндаб		б	къинда/б	attested	notation		жадный	SA2012	46772	къинда́/б	
class_suffix	a	къиндаб	къинда		къиндаб		б	къинда/б	attested	notation		собранный	SA2012	46773	къинда́/б	
class_suffix	a	къиндаймалаб	къиндаймала		къиндаймалаб		б	къиндаймалаб	attested	shape		забитый	AA2019	46779	къинда́ймалаб	
class_suffix	xa	къиндихаб	къиндиха		къиндихаб		б	къиндихаб	attested	shape		колкий	AA2019	46790	къи́ндихаб	
class_suffix	a	къиндихичIаб	къиндихичIа		къиндихичIо		в	къиндихичIо	attested	shape		неотступный	AA2019	46792	къиндихичIо́	
no_class	lli	къирбалъи	къирбалъи		къирбалъи			къирбалъи	attested	shape		южный	AA2019	46827	къирба́лъи	
class_suffix	xa	къиркъахаб	къиркъаха		къиркъахоб		б	къиркъахоб	attested	shape		скрипучий	AA2019	46839	къиркъахо́б	
no_class	plain	къиркъи	къиркъи		къиркъи			къиркъи	attested	shape		острый	AA2019	46840	къи́ркъи	
class_suffix	xa	къиркъирисахаб	къиркъирисаха		къиркъирисахоб		б	къиркъирисахоб	attested	shape		скрипучий	SA2012	46844	къиркъирисахо́б	
class_suffix	a	къисматаб	къисмата		къисматаб		б	къисмата/б	attested	notation		предопределённый	SA2012	46850	къисма́та/б	
class_suffix	a	къичаб	къича		къичаб		б	къичаб	attested	shape		тайный	SA2012	46864	къича́б	
class_suffix	u	къичадассуб	къичадассу		къичадассуб		б	къичадассу/б	attested	notation		тайный	SA2012	46867	къича́дассу/б	
class_suffix	u	къичассуб	къичассу		къичассуб		б	къичассуб	attested	shape		потаённый	AA2019	46870	къича́ссуб	къичассуб
class_suffix	a	къоролъаб	къоролъа		къоролъо		в	къоролъо	attested	shape		желающий	AA2019	46896	къоро́лъо	
class_suffix	xa	къорохаб	къороха		къорохоб		б	къорохоб	attested	shape		желательный	AA2019	46897	къоро́хоб	
no_class	lli	къотIелъи	къотIелъи		къотIелъи			къотIелъи	attested	shape		нарезной	AA2019	46900	къо́тIелъи	
class_suffix	a	къуватаб	къувата		къуватаб		б	къувата/б	attested	notation		сильный	SA2012	46920	къува́та/б	
class_suffix	a	къуватаб	къувата		къуватав		в	къувата=в	attested	notation		сильный	AA2019	46921	къува́та=в	
class_suffix	a	къудратаб	къудрата		къудратав		в	къудрата=в	attested	notation		сильный	AA2019	46935	къудра́та=в	
class_suffix	a	къудратаб	къудрата		къудратав		в	къудратав	attested	shape		всесильный	SA2012	46936	къудра́тав	
class_suffix	a	къулаб	къула		къулов		в	къул/ов	attested	notation		горбатый	SA2012	46945	къул/о́в	
class_suffix	a	къуссаб	къусса		къуссаб		б	къуссаб	attested	shape		запутанный	AA2019	47028	къу́ссаб	
no_class	lli	кьамулъи	кьамулъи		кьамулъи			кьамулъи	attested	shape		ржавый	SA2012	47047	кьа́мулъи	
no_class	plain	кьана	кьана		кьана			кьана	attested	shape		припухлый	AA2019	47048	кьана́	
class_suffix	a	кьанигучIаб	кьанигучIа		кьанигучIаб		б	кьанигучIаб	attested	shape		незначительный	AA2019	47058	кьани́гучIаб	
no_class	plain	кьанилIи	кьанилIи		кьанилIи			кьанилIи	attested	shape		множественный	AA2019	47060	кьани́лIи	
class_suffix	a	кьантIаб	кьантIа		кьантIаб		б	кьантIаб	attested	shape		отверделый	AA2019	47069	кьантIа́б	
class_suffix	a	кьантIаймалигьаб	кьантIаймалигьа		кьантIаймалигьаб		б	кьантIаймалигьаб	attested	shape		затверделый	AA2019	47072	кьантIа́ймалигьаб	
no_class	plain	кьантIи	кьантIи		кьантIи			кьантIи	attested	shape		мужественный	AA2019	47081	кьа́нтIи	
no_class	plain	кьантIи	кьантIи		кьантIи			кьантIи	attested	shape		крепкий	SA2012	47082	кьа́нтIи	
no_class	plain	кьантIи-кьантIи	кьантIи-кьантIи		кьантIи-кьантIи			кьантIи-кьантIи	attested	shape		неробкий	AA2019	47083	кьа́нтIи-кьа́нтIи	
class_suffix	a	кьаркьадаб	кьаркьада		кьаркьадаб		б	кьаркьадаб	attested	shape		обшарпанный	AA2019	47106	кьаркьада́б	
class_suffix	xa	кьатахаб	кьатаха		кьатахоб		б	кьатахоб	attested	shape		вступительный	AA2019	47111	кьатахоб	
class_suffix	a	кьвагьадаб	кьвагьада		кьвагьадаб		б	кьвагьадаб	attested	shape		взорванный	AA2019	47121	кьвагьадаб	
class_suffix	xa	кьвагьадихаб	кьвагьадиха		кьвагьадихаб		б	кьвагьадихаб	attested	shape		разрывной	AA2019	47126	кьвагьадихаб	
class_suffix	a	кьватIадаб	кьватIада		кьватIадаб		б	кьватIадаб	attested	shape		треснутый	SA2012	47143	кьва́тIадаб	
class_suffix	a	кьерекъаб	кьерекъа		кьерекъаб		б	кьерекъа=б	attested	notation		бесцветный	AA2019	47160	кьерекъа=б	
class_suffix	a	кьерссаб	кьерсса		кьерссаб		б	кьерссаб	attested	shape		линялый	SA2012	47168	кьерсса́б	
class_suffix	a	кьерссаб	кьерсса		кьерссаб		б	кьерссаб	attested	shape		изношенный	SA2012	47169	кьерсса́б	
class_suffix	a	кьерссаххваб	кьерссаххва		кьерссаххваб		б	кьерссаххваб	attested	shape		выцветший	AA2019	47170	кье́рссаххваб	
class_suffix	xa	кьерссихаб	кьерссиха		кьерссихаб		б	кьерссихаб	attested	shape		линючий	AA2019	47174	кье́рссихаб	
class_suffix	xa	кьерххаб	кьерхха		кьерххаб		б	кьерххаб	attested	shape		пасмурный	SA2012	47178	кье́рххаб	
no_class	lli	кьибдарлъи	кьибдарлъи		кьибдарлъи			кьибдарлъи	attested	shape		плясовой	AA2019	47189	кьибда́рлъи	
no_class	plain	кьира	кьира		кьира			кьира	attested	shape		изношенный	SA2012	47218	кьи́ра	
no_class	plain	кьира	кьира		кьира			кьира	attested	shape		старый	SA2012	47219	кьи́ра	
no_class	plain	кьира-сира	кьира-сира		кьира-сира			кьира-сира	attested	shape		ветхий	AA2019	47220	кьи́ра-си́ра	
class_suffix	a	кьудаб	кьуда		кьудаб		б	кьудаб	attested	shape		опухший	AA2019	47247	кьуда́б	кьудаб
class_suffix	a	кьудаб	кьуда		кьудаб		б	кьудаб	attested	shape		надутый	AA2019	47248	кьуда́б	кьудаб
class_suffix	a	кьудаб	кьуда		кьудаб		б	кьудаб	attested	shape		набухший	AA2019	47249	кьуда́б	кьудаб
no_class	lli	кьуделълъи	кьуделълъи		кьуделълъи			кьуделълъи	attested	shape		скалистый	AA2019	47254	кьу́делълъи	
no_class	lli	кьудилъи	кьудилъи		кьудилъи			кьудилъи	attested	shape		скальный	AA2019	47265	кьу́дилъи	
class_suffix	a	кьукьудаб	кьукьуда		кьукьудаб		б	кьукьудаб	attested	shape		опухший	AA2019	47272	кьукьуда́б	
no_class	lli	кьундилъилъи	кьундилъилъи		кьундилъилъи			кьундилъилъи	attested	shape		костистый	AA2019	47273	кьу́ндилъилъи	
class_suffix	u	кьунччурццуб	кьунччурццу		кьунччурццуб		б	кьунччурццу=б	attested	notation		пухлый	AA2019	47275	кьунччурццу=б	
class_suffix	a	кьурараб	кьурара		кьурараб		б	кьурараб	attested	shape		вьющийся	SA2012	47288	кьурара́б	
class_suffix	a	кьурараб	кьурара		кьурараб		б	кьурараб	attested	shape		скрученный	SA2012	47289	кьурара́б	
mwe					кьурир гучIаб				attested	space		непременный	AA2019	47294	кьурир гучIаб	
class_suffix	a	кьурихичIаб	кьурихичIа		кьурихичIаб		б	кьурихичIаб	attested	shape		неуклонный	AA2019	47295	кьурихичIа́б	
class_suffix	a	кьучIчIаб	кьучIчIа		кьучIчIаб		б	кьучIчIа/б	attested	notation		достоверный	SA2012	47306	кьу́чIчIа/б	
class_suffix	a	кьучIчIаб	кьучIчIа		кьучIчIаб		б	кьучIчIа/б	attested	notation		надежный	SA2012	47307	кьу́чIчIа/б	
class_suffix	a	кьучIчаб	кьучIча		кьучIчаб		б	кьучIча=б	attested	notation		основательный	AA2019	47309	кьу́чIча=б	
class_suffix	a	кьучIчаб	кьучIча		кьучIчаб		б	кьучIча=б	attested	notation		достоверный	AA2019	47310	кьу́чIча=б	
class_suffix	a	кьучIчаб	кьучIча		кьучIчаб		б	кьучIча=б	attested	notation		конкретный	AA2019	47311	кьу́чIча=б	
no_class	plain	лIеникьани	лIеникьани		лIеникьани			лIеникьани	attested	shape		многоводный	AA2019	47330	лIе́никьани	
class_suffix	a	лIимдаб	лIимда		лIимдо		в	лIимд=о	attested	notation		неживой	AA2019	47337	лIи́мд=о	
class_suffix	a	лIирлIаххваб	лIирлIаххва		лIирлIаххваб		б	лIирлIаххваб	attested	shape		жирный	SA2012	47348	лIирлIаххва́б	
class_suffix	xa	лIурдайхаб	лIурдайха		лIурдайхаб		б	лIурдайхаб	attested	shape		выдвижной	AA2019	47359	лIу́рдайхаб	
class_suffix	a	лIурлIадаб	лIурлIада		лIурлIадаб		б	лIурлIадаб	attested	shape		потёртый	AA2019	47367	лIурлIада́б	
class_suffix	xa	лIурщидихаб	лIурщидиха		лIурщидихаб		б	лIурщидихаб	attested	shape		скользкий	AA2019	47373	лIурщидиха́б	
class_suffix	xa	лIущидихаб	лIущидиха		лIущидихаб		б	лIущидихаб	attested	shape		скользкий	SA2012	47377	лIущидиха́б	
class_suffix	a	лабалаб	лабала		лабалаб		б	лабалаб	attested	shape		склонистый	AA2019	47378	лабалаб	
class_suffix	xa	лабххущихаб	лабххущиха		лабххущихал		л	лабххущихал	attested	hint		жвачные	AA2019	47397	ла́бххущихал	-аб
no_class	plain	лабщу	лабщу		лабщу			лабщу	attested	shape		вросший	SA2012	47402	ла́бщу	
no_class	plain	лага-бечIер	лага-бечIер		лага-бечIер			лага-бечIер	attested	shape		чернокожий	AA2019	47411	ла́га-бечIе́р	
no_class	plain	лага-чергес	лага-чергес		лага-чергес			лага-чергес	attested	shape		осанистый	AA2019	47412	ла́га-че́ргес	
no_class	plain	лайгъубечIер	лайгъубечIер		лайгъубечIер			лайгъубечIер	attested	shape		черный	SA2012	47438	ла́йгъубечIер	
class_suffix	a	ламусаб	ламуса		ламусав		в	ламуса/в	attested	notation		совестливый	SA2012	47475	ламу́са/в	
class_suffix	a	ламусгучIаб	ламусгучIа		ламусгучIо		в	ламусгучIо	attested	hint		нескромный	AA2019	47477	ламу́сгучIо	-ай, -аб, -ал
no_class	plain	ламуслIи	ламуслIи		ламуслIи			ламуслIи	attested	shape		добросовестный	AA2019	47478	ламу́слIи	
no_class	lli	ламуслълъи	ламуслълъи		ламуслълъи			ламуслълъи	attested	shape		приличный	AA2019	47480	ламу́слълъи	
no_class	lli	ламуслълъи	ламуслълъи		ламуслълъи			ламуслълъи	attested	shape		совестливый	SA2012	47482	ламу́слълъи	
cited_only	gen_relational	латвийалуб	латвийалуб		латвийалуб			латвийалуб	attested	shape		латвийский	AA2019	47491	ла́твийалуб	
cited_only	gen_relational	латишалуб	латишалуб		латишалуб			латишалуб	attested	shape		латышский	AA2019	47506	лати́шалуб	
class_suffix	u	лахIтIу-боццуб	лахIтIу-боццу		лахIтIу-боццу		в	лахIтIу-боццу	attested	shape		непроглядный	AA2019	47510	ла́хIтIу-бо́ццу	
mwe					лахIтIуццуб боццу				attested	space		непроглядная	AA2019	47511	ла́хIтIуццуб бо́ццу	
class_suffix	a	лебалаб	лебала		лебалаб		б	лебала/б	attested	notation		живой	SA2012	47523	ле́бала/б	
class_suffix	a	лебалаб	лебала		лебалаб		б	лебала/б	attested	notation		мужественный	SA2012	47524	ле́бала/б	
class_suffix	a	лебалаб	лебала		лебалаб		б	лебалаб	attested	hint		бойкий	AA2019	47525	ле́балаб	-ав, -ай
class_suffix	a	лебалаб	лебала		лебалаб		б	лебалаб	attested	hint		живучий	AA2019	47526	ле́балаб	-ав, -ай
class_suffix	a	лебаллъигучIаб	лебаллъигучIа		лебаллъигучIаб		б	лебаллъигучIаб	attested	shape		неловкий	AA2019	47535	ле́баллъигучIаб	
cited_only	gen_relational	лезгиналуб	лезгиналуб		лезгиналуб			лезгиналуб	attested	shape		лезгинский	AA2019	47546	лезги́налуб	
cited_only	unclear_b	лениниб	лениниб		лениниб			лениниб	attested	shape		ленинский	AA2019	47555	ле́ниниб	
no_class	plain	лехкавой	лехкавой		лехкавой			лехкавой	attested	shape		леговой	AA2019	47559	лехкаво́й	
cited_only	gen_relational	литовцалуб	литовцалуб		литовцалуб			литовцалуб	attested	shape		литовский	AA2019	47585	лито́вцалуб	
no_class	plain	лъайикъ	лъайикъ		лъайикъ			лъайикъ	attested	shape		безграмотный	AA2019	47606	лъа́йикъ	
no_class	lli	лъайлълъи	лъайлълъи		лъайлълъи			лъайлълъи	attested	shape		образованный	SA2012	47607	лъа́йлълъи	
no_class	lli	лъайлълъи	лъайлълъи		лъайлълъи			лъайлълъи	attested	shape		грамотный	SA2012	47608	лъа́йлълъи	
cited_only	gen_relational	лъарагIалуб	лъарагIалуб		лъарагIалуб			лъарагIалуб	attested	shape		кумыцкий	AA2019	47633	лъара́гIалуб	
class_suffix	a	лъелаб	лъела		лъелав		в	лъела/в	attested	notation		пеший	SA2012	47638	лъе́ла/в	
class_suffix	a	лъелгойаб	лъелгойа		лъелгойаб		б	лъелгойа=б	attested	notation		пеший	AA2019	47639	лъе́лгойа=б	
class_suffix	a	лъелгойаб	лъелгойа		лъелгойаб		б	лъелгойа=б	attested	notation		пешеходный	AA2019	47640	лъе́лгойа=б	
no_class	plain	лъелъер	лъелъер		лъелъер			лъелъер	attested	shape		редкий	SA2012	47642	лъелъе́р	
class_suffix	a	лълъамийаб	лълъамийа		лълъамийаб		б	лълъамийаб	attested	shape		жидкий	AA2019	47652	лълъами́йаб	
class_suffix	a	лълъамийаб	лълъамийа		лълъамийаб		б	лълъамийаб	attested	shape		жидковатый	SA2012	47654	лълъами́йаб	
mwe					лълъенилъинуку хьвадихаб				attested	space		подводный	AA2019	47675	лълъенилъи́нуку хьвадиха́б	
class_suffix	u	лълъенилъинуссуб	лълъенилъинуссу		лълъенилъинуссуб		б	лълъенилъинуссуб	attested	shape		подводный	AA2019	47676	лълъенилъи́нуссуб	
class_suffix	a	лълъениххваб	лълъениххва		лълъениххваб		б	лълъениххваб	attested	shape		водянистый	SA2012	47678	лълъениххва́б	
class_suffix	a	лълъениххваб	лълъениххва		лълъениххваб		б	лълъениххваб	attested	shape		сочный	SA2012	47679	лълъениххва́б	
class_suffix	u	лълъениццуб	лълъениццу		лълъениццуб		б	лълъениццуб	attested	shape		жидкий	AA2019	47680	лълъениццу́б	
class_suffix	u	лълъениццуб	лълъениццу		лълъениццуб		б	лълъениццуб	attested	shape		сочный	AA2019	47681	лълъениццу́б	
class_suffix	u	лълъеничIвессуб	лълъеничIвессу		лълъеничIвессуб		б	лълъеничIвессуб	attested	shape		надводный	AA2019	47683	лълъеничIве́ссуб	
no_class	plain	лълъехакIвала	лълъехакIвала		лълъехакIвала			лълъехакIвала	attested	shape		независимый	AA2019	47687	лълъехакIва́ла	
no_class	plain	лълъундикIвала	лълъундикIвала		лълъундикIвала			лълъундикIвала	attested	shape		независящий	AA2019	47707	лълъундикIва́ла	
class_suffix	xa	лълъурдайхаб	лълъурдайха		лълъурдайхоб		б	лълъурдайхоб	attested	shape		подвижной	AA2019	47713	лълъурда́йхоб	лълъурдайхаб
no_class	plain	магIарул	магIарул		магIарул			магIарул	attested	shape		аварский	AA2019	47742	магIа́рул	
no_class	plain	магIарул	магIарул		магIарул			магIарул	attested	shape		аварский	SA2012	47744	магIа́рул	
no_class	plain	магIарул	магIарул		магIарул			магIарул	attested	shape		горный	SA2012	47745	магIа́рул	
no_class	plain	магIарул	магIарул		магIарул			магIарул	attested	shape		горский	SA2012	47746	магIа́рул	
cited_only	gen_relational	магIарулалуб	магIарулалуб		магIарулалуб			магIарулалуб	attested	shape		аварский	SA2012	47759	магIарулалу́б	
cited_only	gen_relational	магIарулалуб	магIарулалуб		магIарулалуб			магIарулалуб	attested	shape		горный	SA2012	47760	магIарулалу́б	
cited_only	gen_relational	магIарулалуб	магIарулалуб		магIарулалуб			магIарулалуб	attested	shape		горский	SA2012	47761	магIарулалу́б	
class_suffix	u	магIданессуб	магIданессу		магIданессуб		б	магIданессу/б	attested	notation		прекрасный	SA2012	47767	магIдане́ссу/б	
class_suffix	a	магIдинаб	магIдина		магIдинаб		б	магIдина/б	attested	notation		тактичный	SA2012	47768	магIди́на/б	
no_class	plain	магIнабалъикьани	магIнабалъикьани		магIнабалъикьани			магIнабалъикьани	attested	shape		многозначный	AA2019	47777	магIна́балъикьани	
no_class	plain	магIнабочIуха	магIнабочIуха		магIнабочIуха			магIнабочIуха	attested	shape		многозначительный	AA2019	47778	магIна́бочIуха	
class_suffix	a	магIнагучIаб	магIнагучIа		магIнагучIаб		б	магIнагучIаб	attested	shape		неясный	AA2019	47779	магIна́гучIаб	
no_class	plain	магIналIи	магIналIи		магIналIи			магIналIи	attested	shape		значащий	AA2019	47780	магIна́лIи	
no_class	lli	магIналълъи	магIналълъи		магIналълъи			магIналълъи	attested	shape		благовоспитанный	SA2012	47781	магIна́лълъи	
no_class	lli	магIналълъи	магIналълъи		магIналълъи			магIналълъи	attested	shape		осмысленный	SA2012	47782	магIна́лълъи	
class_suffix	a	мадараб	мадара		мадараб		б	мадара/б	attested	notation		сносный	SA2012	47820	мада́ра/б	
mwe					мадрасаллъи орссуссуб				attested	space		внешкольный	AA2019	47822	мадра́саллъи о́рссуссуб	
class_suffix	u	мадухалессуб	мадухалессу		мадухалессуб		б	мадухалессу/б	attested	notation		соседний	SA2012	47828	ма́духалессу/б	
class_suffix	u	мадухалессуб	мадухалессу		мадухалессуб		б	мадухалессуб	attested	shape		соседский	AA2019	47829	мадухале́ссуб	
no_class	plain	макIилкьани	макIилкьани		макIилкьани			макIилкьани	attested	shape		многодетный	AA2019	47873	макIилкьани́	
class_suffix	u	макIилуб	макIилу		макIилуб		б	макIилу/б	attested	notation		детский	SA2012	47875	макIи́лу/б	
class_suffix	u	макIилубццуб	макIилубццу		макIилубццуб		б	макIилубццуб	attested	shape		ребяческий	AA2019	47876	макIи́лубццуб	
class_suffix	u	макIилъиццуб	макIилъиццу		макIилъиццуб		б	макIилъиццуб	attested	shape		наивный	AA2019	47879	макIи́лъиццуб	
class_suffix	u	макIиццуб	макIиццу		макIиццу		в	макIиццу	attested	shape		наивный	AA2019	47880	макIиццу	
mwe					макIкIвата багьихаб				attested	space		вышивальный	AA2019	47886	ма́кIкIвата багьиха́б	
class_suffix	xa	макIкIватабагьихаб	макIкIватабагьиха		макIкIватабагьихаб		б	макIкIватабагьиха/б	attested	notation		швейный	SA2012	47887	макIкIватабагьиха́/б	
class_suffix	xa	макIкIуйхаб	макIкIуйха		макIкIуйхаб		б	макIкIуйхаб	attested	shape		швейный	AA2019	47894	макIкIу́йхаб	
class_suffix	xa	макIкIуйхаб	макIкIуйха		макIкIуйхаб		б	макIкIуйхаб	attested	shape		вшивной	AA2019	47895	макIкIу́йхаб	
class_suffix	a	маквасаб	макваса		маквасаб		б	маквасаб	attested	shape		голодный	SA2012	47904	маква́саб	
class_suffix	a	маквасалъаб	маквасалъа		маквасалъаб		б	маквасалъаб	attested	hint		голодный	AA2019	47906	маква́салъаб	-ай, -о, -ал
no_class	lli	макрулълъи	макрулълъи		макрулълъи			макрулълъи	attested	shape		коварный	SA2012	47914	ма́крулълъи	
no_class	plain	макъабчIиквар	макъабчIиквар		макъабчIиквар			макъабчIиквар	attested	shape		мелодичный	AA2019	47918	макъа́бчIиквар	
no_class	plain	малалитражни	малалитражни		малалитражни			малалитражни	attested	shape		малолитражный	AA2019	47949	малалитра́жни	
class_suffix	a	малъикъаб	малъикъа		малъикъав		в	малъикъ=ав	attested	notation		бездарный	AA2019	47961	малъикъ=ав	
class_suffix	xa	малълъабигьихаб	малълъабигьиха		малълъабигьихаб		б	малълъабигьиха/б	attested	notation		послушный	SA2012	47967	ма́лълъабигьиха/б	
class_suffix	a	малълъикъаб	малълъикъа		малълъикъаб		б	малълъикъа/б	attested	notation		плохой	SA2012	47973	малълъи́къа/б	
cited_only	gen_relational	манголалуб	манголалуб		манголалуб			манголалуб	attested	shape		монгольский	AA2019	47990	манго́лалуб	
class_suffix	u	маркIачIуссуб	маркIачIуссу		маркIачIуссуб		б	маркIачIуссу/б	attested	notation		вечерний	SA2012	48018	ма́ркIачIуссу/б	
cited_only	gen_relational	марксисталуб	марксисталуб		марксисталуб			марксисталуб	attested	shape		марксистский	AA2019	48023	маркси́сталуб	
class_suffix	a	масаб	маса		масаб		б	масаб	attested	shape		расказанное	SA2012	48049	маса́б	
class_suffix	a	масаб	маса		масаб		б	масаб	attested	shape		измеренный	SA2012	48050	ма́саб	
class_suffix	a	масабажарихичIаб	масабажарихичIа		масабажарихичIаб		б	масабажарихичIаб	attested	shape		неописуемый	AA2019	48051	масабажарихичIа́б	
class_suffix	a	масинагучIаб	масинагучIа		масинагучIаб		б	масинагучIаб	attested	shape		незначительный	AA2019	48069	масина́гучIаб	
class_suffix	xa	масихаб	масиха		масихаб		б	масиха/б	attested	notation		измерительный	SA2012	48083	ма́сиха/б	
class_suffix	xa	масихаб	масиха		масихаб		б	масихаб	attested	shape		измерительный	AA2019	48084	ма́сихаб	масихаб
class_suffix	xa	масихаб	масиха		масихаб		б	масихаб	attested	shape		разговорный	AA2019	48085	ма́сихаб	масихаб
class_suffix	xa	массихаб	массиха		массихаб		б	массихаб	attested	shape		укладочный	AA2019	48111	массиха́б	
no_class	lli	масхъаралълъи	масхъаралълъи		масхъаралълъи			масхъаралълъи	attested	shape		шутливый	SA2012	48126	масхъа́ралълъи	
no_class	lli	масхъаралълъи	масхъаралълъи		масхъаралълъи			масхъаралълъи	attested	shape		шуточный	SA2012	48127	масхъа́ралълъи	
no_class	lli	матIулъи	матIулъи		матIулъи			матIулъи	attested	shape		стеклянный	SA2012	48141	ма́тIулъи	
no_class	lli	матIулъи	матIулъи		матIулъи			матIулъи	attested	shape		зеркальный	SA2012	48142	ма́тIулъи	
class_suffix	a	махилъаб	махилъа		махилъаб		б	махилъаб	attested	shape		жерёбая	AA2019	48179	ма́хилъаб	
class_suffix	a	махилъаб	махилъа		махилъаб		б	махилъаб	attested	shape		беременная	SA2012	48181	ма́хилъаб	
class_suffix	a	махъаб	махъа		махъаб		б	махъаб	attested	shape		ломанный	AA2019	48194	махъа́б	
class_suffix	xa	махъихаб	махъиха		махъихаб		б	махъихаб	attested	shape		ломкий	AA2019	48205	махъиха́б	
no_class	lli	маччулълъи	маччулълъи		маччулълъи			маччулълъи	attested	shape		состоятельный	SA2012	48236	маччу́лълъи	
class_suffix	a	машгьураб	машгьура		машгьураб		б	машгьура/б	attested	notation		популярный	SA2012	48250	машгьу́ра/б	
class_suffix	xa	машихаб	машиха		машихаб		б	машихаб	attested	shape		привязной	AA2019	48271	машиха́б	
class_suffix	xa	машихаб	машиха		машихаб		б	машихаб	attested	shape		перевязочный	AA2019	48272	машиха́б	
no_class	plain	машхъелIи	машхъелIи		машхъелIи			машхъелIи	attested	shape		искусный	AA2019	48280	ма́шхъелIи	
no_class	lli	машхъеллълъи	машхъеллълъи		машхъеллълъи			машхъеллълъи	attested	shape		искусный	SA2012	48281	ма́шхъеллълъи	
class_suffix	a	маъаб	маъа		маъаб		б	маъаб	attested	shape		истекший	AA2019	48283	маъа́б	
class_suffix	a	маъаб	маъа		маъаб		б	маъаб	attested	shape		ушедший	SA2012	48285	маъа́б	
class_suffix	xa	маъайхаб	маъайха		маъайхаб		б	маъайхаб	attested	shape		двигательный	AA2019	48293	ма́ъайхаб	
class_suffix	xa	маъихаб	маъиха		маъихаб		б	маъихаб	attested	shape		ходовой	AA2019	48308	маъиха́б	
class_suffix	xa	маъихаб	маъиха		маъихаб		б	маъихаб	attested	shape		вместительный	AA2019	48309	ма́ъихаб	
class_suffix	a	маъаб	маъа		маъо		в	маъо	attested	shape	guess_o	изнеможенный	AA2019	48310	ма́ъо	
no_class	plain	мекъи	мекъи		мекъи			мекъи	attested	shape		капризный	SA2012	48321	ме́къи	
no_class	plain	мекъи	мекъи		мекъи			мекъи	attested	shape		неправильный	SA2012	48322	ме́къи	
no_class	plain	мекъисса	мекъисса		мекъисса			мекъисса	attested	shape		ложный	AA2019	48331	ме́къисса	
class_suffix	a	мерхьваб	мерхьва		мерхьваб		б	мерхьваб	attested	shape		затоптанный	SA2012	48341	мерхьва́б	
class_suffix	a	метаб	мета		метаб		б	метаб	attested	shape		оттаяный	SA2012	48354	мета́б	
no_class	lli	метралъи	метралъи		метралъи			метралъи	attested	shape		метровый	AA2019	48363	ме́тралъи	
no_class	lli	механизмалъи	механизмалъи		механизмалъи			механизмалъи	attested	shape		механический	AA2019	48371	механи́змалъи	
class_suffix	a	мигъаб	мигъа		мигъаб		б	мигъаб	attested	shape		побежденный	SA2012	48395	мигъа́б	
class_suffix	a	мигьаб	мигьа		мигьаб		б	мигьаб	attested	shape		крашеный	SA2012	48415	мигьа́б	
class_suffix	a	мигьаб	мигьа		мигьаб		б	мигьаб	attested	shape		вареный	SA2012	48417	мигьа́б	
class_suffix	a	мигьаб	мигьа		мигьаб		б	мигьаб	attested	shape		крашеный	AA2019	48419	ми́гьаб	
class_suffix	a	мигьаб	мигьа		мигьаб		б	мигьаб	attested	shape		варёный	AA2019	48420	ми́гьаб	
class_suffix	a	мигьаймалаб	мигьаймала		мигьаймалаб		б	мигьаймалаб	attested	shape		отварной	AA2019	48422	мигьа́ймалаб	
class_suffix	xa	мигьайхаб	мигьайха		мигьайхаб		б	мигьайхаб	attested	shape		выварочный	AA2019	48423	мигьайхаб	
class_suffix	a	мигьайчIаб	мигьайчIа		мигьайчIаб		б	мигьайчIаб	attested	shape		недоваренный	SA2012	48424	мигьайчIа́б	
no_class	lli	мигьилалъи	мигьилалъи		мигьилалъи			мигьилалъи	attested	shape		солнечный	SA2012	48440	мигьи́лалъи//ми́гьилъи	
no_class	lli	мигьилъи	мигьилъи		мигьилъи			мигьилъи	variant	shape		солнечный	SA2012	48440	мигьи́лалъи//ми́гьилъи	
class_suffix	xa	мигьихаб	мигьиха		мигьихаб		б	мигьихаб	attested	shape		красильный	AA2019	48450	мигьихаб	
class_suffix	a	мигьичIаб	мигьичIа		мигьичIаб		б	мигьичIа/б	attested	notation		недоваренный	SA2012	48451	ми́гьичIа/б	
class_suffix	a	мигьичIаб	мигьичIа		мигьичIаб		б	мигьичIа/б	attested	notation		сырой	SA2012	48452	ми́гьичIа/б	
class_suffix	a	микIаб	микIа		микIаб		б	микIа/б	attested	notation		наклоненный	SA2012	48473	микIа́/б	
class_suffix	a	микIаб	микIа		микIаб		б	микIа/б	attested	notation		подвернутый	SA2012	48474	микIа́/б	
no_class	lli	микрапонилъи	микрапонилъи		микрапонилъи			микрапонилъи	attested	shape		микрофонный	AA2019	48487	микрапо́нилъи	
class_suffix	a	микъаймалаб	микъаймала		микъаймалаб		б	микъаймалаб	attested	shape		долевой	AA2019	48500	микъа́ймалаб	
class_suffix	a	микъаймалаб	микъаймала		микъаймалаб		б	микъаймалаб	attested	shape		поделенный	SA2012	48502	микъа́ймалаб	
class_suffix	xa	микъайхаб	микъайха		микъайхаб		б	микъайхаб	attested	shape		разделительный	AA2019	48505	микъайха́б	
class_suffix	a	микъайхичIаб	микъайхичIа		микъайхичIаб		б	микъайхичIаб	attested	shape		неделимый	AA2019	48506	микъа́йхичIаб	
no_class	plain	микъилIи	микъилIи		микъилIи			микъилIи	attested	shape		доступный	AA2019	48541	ми́къилIи	
no_class	lli	микъилъи	микъилъи		микъилъи			микъилъи	attested	shape		дорожный	AA2019	48542	микъи́лъи	
class_suffix	u	микъиссуб	микъиссу		микъиссуб		б	микъиссуб	attested	shape		подорожный	AA2019	48544	микъи́ссуб	
class_suffix	a	микьаб	микьа		микьаб		б	микьаб	attested	shape		надёванный	AA2019	48556	микьа́б	
class_suffix	xa	микьихаб	микьиха		микьихаб		б	микьихаб	attested	shape		вместительный	AA2019	48574	ми́кьихаб	
no_class	plain	минда	минда		минда			минда	attested	shape		сам	AA2019	48618	минда	
no_class	plain	минда-цевда	минда-цевда		минда-цевда			минда-цевда	attested	shape		сам	SA2012	48619	ми́нда-це́вда	
no_class	lli	минуталъи	минуталъи		минуталъи			минуталъи	attested	shape		минутный	AA2019	48633	мину́талъи	
class_suffix	u	минутеру-минутассуб	минутеру-минутассу		минутеру-минутассуб		б	минутеру-минутассуб	attested	shape		поминутный	AA2019	48635	минуте́ру-минута́ссуб	
class_suffix	a	мисалийаб	мисалийа		мисалийаб		б	мисалийа/б	attested	notation		образцовый	SA2012	48655	мисали́йа/б	
class_suffix	a	мисалийаб	мисалийа		мисалийаб		б	мисалийа=б	attested	notation		образцовый	AA2019	48656	мисали́йа=б	
no_class	lli	мисидилъи	мисидилъи		мисидилъи			мисидилъи	attested	shape		золотой	SA2012	48666	миси́дилъи	
no_class	plain	мискин	мискин		мискин			мискин	attested	shape		бедный	AA2019	48671	мискин	-ав, -ай
class_suffix	a	мискинаб	мискина		мискинаб		б	мискина/б	attested	notation		бедный	SA2012	48674	миски́на/б	
class_suffix	a	мискинаб	мискина		мискино		в	мискино	attested	shape	guess_o	обедневший	AA2019	48687	мискино́	
no_class	lli	миссрийалъи	миссрийалъи		миссрийалъи			миссрийалъи	attested	shape		египетский	AA2019	48694	ми́ссрийалъи	
no_class	lli	митингалъи	митингалъи		митингалъи			митингалъи	attested	shape		митинговый	AA2019	48696	ми́тингалъи	
class_suffix	xa	михаб	миха		михаб		б	миха=б	attested	notation		негодующий	AA2019	48708	миха́=б	
class_suffix	a	михалъаб	михалъа		михалъо		в	михалъо	attested	shape		обиженный	AA2019	48716	михалъо́	
class_suffix	xa	михихаб	михиха		михихаб		б	михихаб	attested	shape		обидный	AA2019	48724	михиха́б	
class_suffix	xa	михихаб	михиха		михихаб		б	михихаб	attested	shape		обидный	SA2012	48726	михиха́б	
no_class	lli	михъабалъилълъи	михъабалъилълъи		михъабалъилълъи			михъабалъилълъи	attested	shape		усатый	SA2012	48744	михъа́балъилълъи	
no_class	plain	мицIцIа	мицIцIа		мицIцIа			мицIцIа	attested	shape		вкусный	AA2019	48770	ми́цIцIа	
no_class	plain	мицIцIа	мицIцIа		мицIцIа			мицIцIа	attested	shape		сладкий	SA2012	48772	ми́цIцIа	
no_class	plain	мицIцIа	мицIцIа		мицIцIа			мицIцIа	attested	shape		вкусный	SA2012	48773	ми́цIцIа	
class_suffix	a	мицIцIаб	мицIцIа		мицIцIаб		б	мицIцIаб	attested	shape		считанный	SA2012	48774	мицIцIа́б	
class_suffix	a	мицIцIакваб	мицIцIаква		мицIцIакваб		б	мицIцIакваб	attested	shape		слащавый	AA2019	48777	мицIцIаква́б	
no_class	lli	мицIцIарлъи	мицIцIарлъи		мицIцIарлъи			мицIцIарлъи	attested	shape		вкусовой	AA2019	48782	ми́цIцIарлъи	
class_suffix	a	мицIцIибегъихичIаб	мицIцIибегъихичIа		мицIцIибегъихичIов		в	мицIцIибегъихичI/ов	attested	notation		немой	SA2012	48790	мицIцIибегъихичI/о́в	
no_class	plain	мицIцIикIварлIи	мицIцIикIварлIи		мицIцIикIварлIи			мицIцIикIварлIи	attested	shape		кляузнический	AA2019	48799	мицIцIикIва́рлIи	
no_class	lli	мицIцIилъи	мицIцIилъи		мицIцIилъи			мицIцIилъи	attested	shape		клеветнический	AA2019	48802	мицIцIи́лъи	
class_suffix	xa	мицIцIихаб	мицIцIиха		мицIцIихаб		б	мицIцIихаб	attested	shape		легальный	AA2019	48805	мицIцIиха́б	мицIцIихаб
class_suffix	a	мишаб	миша		мишаб		б	мишаб	attested	shape		победивший	SA2012	48811	миша́б	
class_suffix	a	мишаб	миша		мишаб		б	мишаб	attested	shape		выигранный	SA2012	48812	миша́б	
class_suffix	a	мищаб	мища		мищаб		б	мищаб	attested	shape		погасший	SA2012	48821	мища́б	
class_suffix	a	мищаб	мища		мищаб		б	мищаб	attested	shape		спущенный	SA2012	48822	мища́б	
class_suffix	a	мищайлалаб	мищайлала		мищайлалаб		б	мищайлалаб	attested	shape		потухший	AA2019	48824	мища́йлалаб	
class_suffix	a	мугъаб	мугъа		мугъаб		б	мугъаб	attested	shape		достаточный	SA2012	48867	мугъа́б	
class_suffix	a	мугъаб	мугъа		мугъаб		б	мугъаб	attested	shape		достаточный	AA2019	48869	му́гъаб	
class_suffix	a	мугъаймалаб	мугъаймала		мугъаймалаб		б	мугъаймалаб	attested	shape		отнесенный	SA2012	48872	мугъа́ймалаб	
class_suffix	xa	мугъайхаб	мугъайха		мугъайхаб		б	мугъайхаб	attested	shape		вывозной	AA2019	48875	му́гъайхаб	
class_suffix	a	мугъихичIаб	мугъихичIа		мугъихичIаб		б	мугъихичIаб	attested	shape		невообразимый	AA2019	48891	мугъихичIа́б	
class_suffix	a	мугъичIаб	мугъичIа		мугъичIаб		б	мугъичIаб	attested	shape		недостаточный	SA2012	48893	мугъичIа́б	
class_suffix	a	мугъичIаб	мугъичIа		мугъичIаб		б	мугъичIаб	attested	shape		недостаточный	AA2019	48894	му́гъичIа́б	
class_suffix	a	мугъичIаб	мугъичIа		мугъичIаб		б	мугъичIаб	attested	shape		неполный	AA2019	48895	му́гъичIа́б	
class_suffix	u	мугъичIвессуб	мугъичIвессу		мугъичIвессуб		б	мугъичIвессуб	attested	shape		надстрочный	AA2019	48896	му́гъичIвессуб	
class_suffix	u	мужикIццуб	мужикIццу		мужикIццу		в	мужикIццу	attested	shape		мужиковатый	AA2019	48914	мужи́кIццу	
mwe					мукIура бигьа				attested	space		сговорчивый	AA2019	48929	мукIура́ бигьа́	
class_suffix	a	мукIураб	мукIура		мукIураб		б	мукIура/б	attested	notation		послушный	SA2012	48930	мукIу́ра/б	
class_suffix	a	мукIураб	мукIура		мукIуро		в	мукIуро	attested	shape	guess_o	смиренный	AA2019	48941	мукIуро́	
class_suffix	a	мукъсанаб	мукъсана		мукъсанаб		б	мукъсанаб	attested	shape		скверный	AA2019	48950	мукъса́наб	
class_suffix	a	мукъсанаб	мукъсана		мукъсанаб		б	мукъсанаб	attested	shape		мизерный	SA2012	48952	мукъса́наб	
no_class	plain	мунагьлIи	мунагьлIи		мунагьлIи			мунагьлIи	attested	shape		греховный	AA2019	48964	муна́гьлIи	
no_class	lli	мунагьлълъи	мунагьлълъи		мунагьлълъи			мунагьлълъи	attested	shape		грешный	SA2012	48965	муна́гьлълъи	
class_suffix	a	мурадийаб	мурадийа		мурадийаб		б	мурадийаб	attested	shape		желательный	AA2019	48979	муради́йаб	
no_class	plain	мурадлIи	мурадлIи		мурадлIи			мурадлIи	attested	shape		желающий	AA2019	48980	мура́длIи	
class_suffix	u	мусессуб	мусессу		мусессу		в	мусессу	attested	hint		местный	AA2019	48998	мусе́ссу	-й, -б, -л
class_suffix	a	мустахIикълъигучаб	мустахIикълъигуча		мустахIикълъигучаб		б	мустахIикълъигучаб	attested	shape		незаслуженный	AA2019	49014	мустахIи́кълъигучаб	
class_suffix	a	мутIигIаб	мутIигIа		мутIигIаб		б	мутIигIа/б	attested	notation		покорный	SA2012	49017	мутIи́гIа/б	
class_suffix	a	мутIигIаб	мутIигIа		мутIигIаб		б	мутIигIа/б	attested	notation		преданный	SA2012	49018	мутIи́гIа/б	
class_suffix	a	мутIигаб	мутIига		мутIигав		в	мутIига=в	attested	notation		покорный	AA2019	49020	мутIи́га=в	
class_suffix	a	мухIканаб	мухIкана		мухIканаб		б	мухIкана/б	attested	notation		тщательный	SA2012	49030	мухIка́на/б	
class_suffix	a	мухIканаб	мухIкана		мухIканаб		б	мухIкана/б	attested	notation		пунктуальный	SA2012	49031	мухIка́на/б	
class_suffix	a	мухIканаб	мухIкана		мухIканаб		б	мухIкана/б	attested	notation		подробный	SA2012	49032	мухIка́на/б	
class_suffix	a	мухIканаб	мухIкана		мухIканаб		б	мухIканаб	attested	shape		определённый	AA2019	49033	му́хIканаб	
class_suffix	a	мухIканлъигучIаб	мухIканлъигучIа		мухIканлъигучIаб		б	мухIканлъигучIаб	attested	shape		неопределённый	AA2019	49046	мухIка́нлъигучIаб	
class_suffix	a	мухекугучIаб	мухекугучIа		мухекугучIаб		б	мухекугучIаб	attested	shape		нетрудовой	AA2019	49052	мухе́кугучIаб	
no_class	plain	мухессув	мухессув		мухессув			мухессув	attested	shape		высокопоставленный	AA2019	49053	мухе́ссув	
no_class	lli	мухулъи	мухулъи		мухулъи			мухулъи	attested	shape		грубошёрстный	AA2019	49063	муху́лъи	
class_suffix	a	мухулъигучIаб	мухулъигучIа		мухулъигучIаб		б	мухулъигучIаб	attested	shape		нетрудовой	AA2019	49064	муху́лъигучIаб	
class_suffix	xa	муххихаб	муххиха		муххихаб		б	муххихаб	attested	shape		выгребной	AA2019	49080	му́ххихаб	
class_suffix	u	муххиццуб	муххиццу		муххиццуб		б	муххиццуб	attested	shape		линейный	AA2019	49081	му́ххиццуб	
no_class	lli	мухъелълъи	мухъелълъи		мухъелълъи			мухъелълъи	attested	shape		полосатый	SA2012	49082	му́хъелълъи	
class_suffix	a	мухъигучIаб	мухъигучIа		мухъигучIаб		б	мухъигучIаб	attested	shape		непоследовательный	AA2019	49095	му́хъигучIаб	
no_class	plain	муцIцIе	муцIцIе		муцIцIе			муцIцIе	attested	shape		см. кIе́ххва	SA2012	49100	муцIцIе́	
class_suffix	a	мучаб	муча		мучаб		б	мучаб	attested	shape		стираный	AA2019	49116	муча́б	
class_suffix	a	мучаб	муча		мучаб		б	мучаб	attested	shape		стиранный	SA2012	49118	муча́б	
class_suffix	xa	мучихаб	мучиха		мучихаб		б	мучихаб	attested	shape		стиральный	AA2019	49130	мучиха́б	
class_suffix	a	муъминаб	муъмина		муъминав		в	муъмина/в	attested	notation		благочестивый	SA2012	49142	муъми́на/в	
class_suffix	a	муъминаб	муъмина		муъминав		в	муъмина=в	attested	notation		правоверный	AA2019	49143	му́ъмина=в	
class_suffix	a	нагучIаб	нагучIа		нагучIаб		б	нагучIаб	attested	shape		ничтожный	AA2019	49164	на́гучIаб	
class_suffix	xa	накIуйхаб	накIуйха		накIуйхаб		б	накIуйхаб	attested	shape		проездной	AA2019	49188	накIу́йхаб	накIуйхаб
class_suffix	xa	накIуйхаб	накIуйха		накIуйхаб		б	накIуйхаб	attested	shape		ездовой	AA2019	49189	накIу́йхаб	накIуйхаб
class_suffix	a	намусаб	намуса		намусаб		б	намуса/б	attested	notation		совестливый	SA2012	49210	наму́са/б	
class_suffix	a	намусаб	намуса		намусаб		б	намуса/б	attested	notation		стеснительный	SA2012	49211	наму́са/б	
class_suffix	xa	нахаб	наха		нахаб		б	нахаб	attested	shape		родимый	AA2019	49257	наха́б	
cited_only	plural_cited	нахилъал	нахилъал		нахилъал			нахилъал	attested	shape		беременные	SA2012	49260	на́хилъал	
class_suffix	xa	нахихаб	нахиха		нахихаб		б	нахихаб	attested	shape		родильный	AA2019	49266	нахиха́б	
class_suffix	a	нахъегIанаб	нахъегIана		нахъегIанав		в	нахъегIанав	attested	hint		низменный	AA2019	49267	нахъе́гIанав	-ай, -аб, -ал
class_suffix	u	началникIибццуб	началникIибццу		началникIибццуб		б	началникIибццуб	attested	shape		начальственный	AA2019	49279	нача́лникIибццуб	
class_suffix	a	началникIлъунлъаб	началникIлъунлъа		началникIлъунлъо		в	началникIлъунлъо	attested	shape		начальствующий	AA2019	49281	нача́лникIлъунлъо	
cited_only	gen_relational	немцалуб	немцалуб		немцалуб			немцалуб	attested	shape		немецкий	AA2019	49312	не́мцалуб	
mwe					никIа-гьирчIу рагьи бегъихал				attested	space		воспитанные	AA2019	49330	никIа-гьи́рчIу ра́гьи бегъиха́л	
no_class	plain	никIиси	никIиси		никIиси			никIиси	attested	shape		маленький	AA2019	49332	никIиси	
mwe					никкулъи гъванилълъи				attested	space		пустоголовый	AA2019	49336	никку́лъи гъва́нилълъи	
class_suffix	u	нихилалъиссуб	нихилалъиссу		нихилалъиссуб		б	нихилалъиссуб	attested	shape		нагрудный	SA2012	49345	ни́хилалъиссуб	
class_suffix	a	нишаб	ниша		нишаб		б	нишаб	attested	shape		победный	AA2019	49354	ни́шаб	
class_suffix	a	ниширгучIаб	ниширгучIа		ниширгучIаб		б	ниширгучIаб	attested	shape		непобедимый	AA2019	49360	ни́ширгучIаб	
class_suffix	xa	нишихаб	нишиха		нишихаб		б	нишихаб	attested	shape		победоносный	AA2019	49361	нишиха́б	
class_suffix	a	нормагучIаб	нормагучIа		нормагучIаб		б	нормагучIаб	attested	shape		ненормальный	AA2019	49369	но́рмагучIаб	
mwe					нукIада булълъаб				attested	space		давнопрошедший	AA2019	49391	ну́кIада бу́лълъаб	
class_suffix	u	нукулачIвессуб	нукулачIвессу		нукулачIвессуб		б	нукулачIвессуб	attested	shape		надклассовый	AA2019	49405	нукулачIвессуб	
class_suffix	u	нукучIессуб	нукучIессу		нукучIессуб		б	нукучIессуб	attested	shape		наколенный	AA2019	49406	нукучIе́ссуб	
class_suffix	xa	нунусахаб	нунусаха		нунусахоб		б	нунусахоб	attested	shape		невнятный	AA2019	49418	ну́нусахоб	
no_class	lli	нупагIалъилълъи	нупагIалъилълъи		нупагIалъилълъи			нупагIалъилълъи	attested	shape		полезный	SA2012	49420	нупа́гIалъилълъи	
no_class	plain	нурлIи	нурлIи		нурлIи			нурлIи	attested	shape		лучистый	AA2019	49425	ну́рлIи	
class_suffix	u	нурццуб	нурццу		нурццуб		б	нурццуб	attested	shape		лучевой	AA2019	49426	ну́рццуб	
no_class	lli	оващалъи	оващалъи		оващалъи			оващалъи	attested	shape		овощной	AA2019	49468	оваща́лъи	
no_class	plain	одоман	одоман		одоман			одоман	attested	shape		дальновидный	AA2019	49473	одоман	
class_suffix	u	орссукуссуб	орссукуссу		орссукуссуб		б	орссукуссу=б	attested	notation		внешний	AA2019	49494	о́рссукуссу=б	
class_suffix	u	орссуссуб	орссуссу		орссуссуб		б	орссуссу=б	attested	notation		внешний	AA2019	49495	о́рссуссу=б	
no_class	plain	падар	падар		падар			падар	attested	shape		азербайджанский	SA2012	49542	пада́р	
class_suffix	a	пайда-гучIаб	пайда-гучIа		пайда-гучIаб		б	пайда-гучIаб	attested	shape		невыгодный	AA2019	49557	пайда́-гучIаб	
class_suffix	a	пайда-гучIаб	пайда-гучIа		пайда-гучIаб		б	пайда-гучIаб	attested	shape		мелочный	AA2019	49558	пайда́-гучIаб	
class_suffix	a	пайда-гучIаб	пайда-гучIа		пайда-гучIаб		б	пайда-гучIаб	attested	shape		напрасный	AA2019	49559	пайда́-гучIаб	
no_class	plain	пайдалIи	пайдалIи		пайдалIи			пайдалIи	attested	shape		выгодный	AA2019	49562	пайда́лIи	
no_class	lli	пайдалълъи	пайдалълъи		пайдалълъи			пайдалълъи	attested	shape		полезный	SA2012	49564	пайда́лълъи	
class_suffix	a	пакъираб	пакъира		пакъираб		б	пакъира/б	attested	notation		бедный	SA2012	49570	пакъи́ра/б	
no_class	plain	палитически	палитически		палитически			палитически	attested	shape		политический	AA2019	49607	палити́чески	
class_suffix	xa	паналъихаб	паналъиха		паналъихаб		б	паналъиха/б	attested	notation		чарующий	SA2012	49635	паналъиха́/б	
no_class	plain	папа	папа		папа			папа	attested	shape		лёгкий	AA2019	49649	па́па	
no_class	plain	папа	папа		папа			папа	attested	shape		легкий	SA2012	49651	па́па	
no_class	plain	папа	папа		папа			папа	attested	shape		легкоусвояемый	SA2012	49652	па́па	
no_class	plain	папа	папа		папа			папа	attested	shape		чуткий	SA2012	49654	па́па	
no_class	plain	папа	папа		папа			папа	attested	shape		несерьёзный	SA2012	49655	па́па	
class_suffix	a	паразийаб	паразийа		паразийаб		б	паразийаб	attested	shape		обязательный	SA2012	49676	парази́йаб	
class_suffix	a	паракъатаб	паракъата		паракъатаб		б	паракъата/б	attested	notation		спокойный	SA2012	49690	пара́къата/б	
no_class	plain	парсс	парсс		парсс			парсс	attested	shape		персидский	SA2012	49745	парсс	
cited_only	gen_relational	парссакалуб	парссакалуб		парссакалуб			парссакалуб	attested	shape		босяцкий	SA2012	49749	парсса́калуб	
cited_only	gen_relational	партизаналуб	партизаналуб		партизаналуб			партизаналуб	attested	shape		партизанский	AA2019	49761	партиза́налуб	
mwe					партилъи гучIо				attested	space		беспартийный	AA2019	49763	партилъи гучIо	
class_suffix	a	пасатаб	пасата		пасатаб		б	пасатаб	attested	shape		испорченный	SA2012	49795	паса́таб	
class_suffix	a	пассихIаб	пассихIа		пассихIаб		б	пассихIа/б	attested	notation		красноречивый	SA2012	49802	пасси́хIа/б	
class_suffix	a	пассихIаб	пассихIа		пассихIаб		б	пассихIа/б	attested	notation		выразительный	SA2012	49803	пасси́хIа/б	
no_class	lli	пассихIлъи	пассихIлъи		пассихIлъи			пассихIлъи	attested	shape		красноречие	SA2012	49804	пасси́хIлъи	
no_class	lli	пахрулъи	пахрулъи		пахрулъи			пахрулъи	attested	shape		двусмысленный	AA2019	49830	пахрулъи	
no_class	lli	пахрулълъи	пахрулълъи		пахрулълъи			пахрулълъи	attested	shape		высокомерный	SA2012	49831	па́хрулълъи	
class_suffix	a	пашманаб	пашмана		пашманаб		б	пашмана/б	attested	notation		печальный	SA2012	49854	пашма́на/б	
class_suffix	a	пашманаб	пашмана		пашманаб		б	пашманаб	attested	shape		грустный	AA2019	49855	пашма́наб	
class_suffix	xa	пашманихаб	пашманиха		пашманихаб		б	пашманихаб	attested	shape		огорчительный	AA2019	49862	пашма́нихаб	
no_class	plain	педеративный	педеративный		педеративный			педеративный	attested	shape		федеративный	AA2019	49867	педеративный	
cited_only	gen_relational	персалуб	персалуб		персалуб			персалуб	attested	shape		персидский	AA2019	49922	пе́рсалуб	
class_suffix	u	пигIаниралуб	пигIаниралу		пигIаниралуб		б	пигIаниралу=б	attested	notation		пионерский	AA2019	49951	пигIани́ралу=б	
class_suffix	a	пикругучIаб	пикругучIа		пикругучIо		в	пикругучIо	attested	shape		нерассудительный	AA2019	49960	пи́кругучIо	
class_suffix	a	пиргIанаххваб	пиргIанаххва		пиргIанаххваб		б	пиргIанаххваб	attested	shape		смрадный	AA2019	49992	пиргIа́наххваб	
no_class	plain	пиригъуирхха	пиригъуирхха		пиригъуирхха			пиригъуирхха	attested	shape		яркокрасный	SA2012	49996	пири́гъуирхха	
class_suffix	u	пириццуб	пириццу		пириццуб		б	пириццуб	attested	shape		молниеносный	AA2019	49998	пири́ццуб	
class_suffix	xa	пирххелахаб	пирххелаха		пирххелахоб		б	пирххелахоб	attested	shape		искристый	AA2019	50016	пирххе́лахоб	
no_class	lli	питналълъи	питналълъи		питналълъи			питналълъи	attested	shape		скандальный	SA2012	50036	питна́лълъи	
no_class	lli	пишенолъи	пишенолъи		пишенолъи			пишенолъи	attested	shape		пшённый	AA2019	50050	пишено́лъи	
class_suffix	u	постилъиссуб	постилъиссу		постилъиссу		в	постилъиссу	attested	shape		постовой	AA2019	50079	постилъи́ссу	
no_class	lli	похрулъи	похрулъи		похрулъи			похрулъи	attested	shape		двусмысленный	AA2019	50082	похрулъи	
class_suffix	a	пудаб	пуда		пудаб		б	пудаб	attested	shape		дутый	AA2019	50102	пудаб	
class_suffix	xa	пудихаб	пудиха		пудихаб		б	пудихаб	attested	shape		духовой	AA2019	50122	пу́дихаб	
class_suffix	xa	пудуцIайхаб	пудуцIайха		пудуцIайхаб		б	пудуцIайхаб	attested	shape		надувной	AA2019	50128	пу́дуцIайхаб	
no_class	plain	пулан	пулан		пулан			пулан	attested	shape		немощный	SA2012	50132	пула́н//пула́на/б	
class_suffix	a	пуланаб	пулана		пуланаб		б	пулана/б	variant	notation		немощный	SA2012	50132	пула́н//пула́на/б	
class_suffix	a	пунцIидаб	пунцIида		пунцIидаб		б	пунцIида=б	attested	notation		выпуклый	AA2019	50150	пу́нцIида=б	
class_suffix	a	пунцIидаб	пунцIида		пунцIидаб		б	пунцIида=б	attested	notation		пухлый	AA2019	50151	пу́нцIида=б	
class_suffix	u	пуржинаццуб	пуржинаццу		пуржинаццуб		б	пуржинаццуб	attested	shape		пружинистый	AA2019	50171	пуржи́наццуб	
cited_only	gen_relational	пурссумадулуб	пурссумадулуб		пурссумадулуб			пурссумадулуб	attested	shape		магометанский	AA2019	50177	пурссу́мадулуб	
no_class	plain	пурссуман	пурссуман		пурссуман			пурссуман	attested	shape		мусульманский	AA2019	50178	пурссу́ман	
no_class	lli	пурчлълъи	пурчлълъи		пурчлълъи			пурчлълъи	attested	shape		перченый	AA2019	50186	пу́рчлълъи	
class_suffix	u	рагъ-булълъарудиссуб	рагъ-булълъарудиссу		рагъ-булълъарудиссуб		б	рагъ-булълъарудиссуб	attested	shape		послевоенный	AA2019	50233	рагъ-булълъару́диссуб	
mwe					рагъи бажарирлъилъи				attested	space		боеспособный	AA2019	50248	ра́гъи бажа́рирлъилъи	
class_prefix_suffix	a	багьаб	агьа		рагьаб	р	б	рагьаб	attested	shape+sibling		играный	AA2019	50259	рагьа́б	
class_prefix_suffix	a	багьаб	агьа		рагьаб	р	б	рагьаб	attested	shape+sibling		влажный	SA2012	50261	рагьа́б	
class_prefix_suffix	xa	багьихаб	агьиха		рагьихаб	р	б	рагьихаб	attested	shape+sibling		игорный	AA2019	50269	рагьиха́б	
no_class	plain	рази	рази		рази			рази	attested	shape		блаженный	AA2019	50302	рази	
class_suffix	a	рази-ракийаб	рази-ракийа		рази-ракийаб		б	рази-ракийаб	attested	shape		одобрительный	AA2019	50313	рази-раки́йаб	
class_suffix	a	разигучIаб	разигучIа		разигучIаб		б	разигучIаб	attested	hint		недовольный	AA2019	50316	рази́гучIаб	-ай, -о, -ал
class_suffix	a	разийаб	разийа		разийаб		б	разийа/б	attested	notation		довольный	SA2012	50318	рази́йа/б	
class_suffix	a	разийаб	разийа		разийаб		б	разийа/б	attested	notation		жизнерадостный	SA2012	50319	рази́йа/б	
class_suffix	a	разилъаб	разилъа		разилъо		в	разилъо	attested	hint		довольный	AA2019	50328	рази́лъо	-ай, -аб, -ал
class_suffix	xa	разихаб	разиха		разихоб		б	разихоб	attested	shape		согласованный	AA2019	50330	рази́хоб	
class_suffix	xa	ракIарихаб	ракIариха		ракIарихаб		б	ракIарихаб	attested	shape		сборный	AA2019	50356	ракIа́рихаб	
class_suffix	a	ракIва-бишаб	ракIва-биша		ракIва-бишо		в	ракIва-бишо	attested	shape	guess_o	отчаянный	AA2019	50363	ра́кIва-бишо́	
no_class	plain	ракIва-цIцIинкIкIи	ракIва-цIцIинкIкIи		ракIва-цIцIинкIкIи			ракIва-цIцIинкIкIи	attested	shape		непритворный	AA2019	50368	ра́кIва-цIцIинкIкIи	
class_suffix	xa	ракIвакъиндихаб	ракIвакъиндиха		ракIвакъиндихаб		б	ракIвакъиндих/аб	attested	notation		брезгливый	SA2012	50388	ракIвакъиндих/а́б	
no_class	lli	ракIвалалъи	ракIвалалъи		ракIвалалъи			ракIвалалъи	attested	shape		тряпичный	SA2012	50391	ракIвала́лъи	
no_class	lli	ракIвалкIанчIулъи	ракIвалкIанчIулъи		ракIвалкIанчIулъи			ракIвалкIанчIулъи	attested	shape		тряпичный	SA2012	50393	ракIвалкIанчIу́лъи	
mwe					ракIвалъи-къварар гучIаб				attested	space		беспечальный	AA2019	50394	ракIвалъи-къварар гучIаб	-ай, -ав
class_suffix	xa	ракIвамисайхаб	ракIвамисайха		ракIвамисайхов		в	ракIвамисайх/ов	attested	notation		приятный	SA2012	50396	ракIвамиса́йх/ов	
no_class	plain	ракIварти	ракIварти		ракIварти			ракIварти	attested	shape		приторный	AA2019	50400	ракIва́рти	
no_class	plain	ракIварти	ракIварти		ракIварти			ракIварти	attested	shape		слащавый	SA2012	50402	ракIва́рти	
no_class	plain	ракIварти	ракIварти		ракIварти			ракIварти	attested	shape		приторный	SA2012	50403	ракIва́рти	
class_suffix	a	ракIварчIугучIаб	ракIварчIугучIа		ракIварчIугучIаб		б	ракIварчIугучIаб	attested	shape		неожиданный	AA2019	50411	ракIва́рчIугучIаб	
class_suffix	u	ракIварчIуссуб	ракIварчIуссу		ракIварчIуссуб		б	ракIварчIуссуб	attested	shape		мысленный	AA2019	50412	ракIва́рчIуссуб	
no_class	plain	ракIвахъупи	ракIвахъупи		ракIвахъупи			ракIвахъупи	attested	shape		завистливый	SA2012	50414	ракIвахъу́пи	
class_suffix	a	ракIвахьоъаб	ракIвахьоъа		ракIвахьоъо		в	ракIвахьоъо	attested	shape	guess_o	милосердный	AA2019	50416	ра́кIвахьоъо́	
class_suffix	a	ракIвачIаᴴгьаб	ракIвачIаᴴгьа		ракIвачIаᴴгьаб		б	ракIвачIаᴴгь/аб	attested	notation		радостный	SA2012	50422	ракIвачIаᴴгь/а́б	
class_suffix	a	ракIвачIаᴴгьаб	ракIвачIаᴴгьа		ракIвачIаᴴгьаб		б	ракIвачIаᴴгь/аб	attested	notation		счастливый	SA2012	50423	ракIвачIаᴴгь/а́б	
class_suffix	xa	ракIвачIаᴴгьайхаб	ракIвачIаᴴгьайха		ракIвачIаᴴгьайхаб		б	ракIвачIаᴴгьайх/аб	attested	notation		способный развлекать	SA2012	50427	ракIвачIаᴴгьайх/а́б	
class_suffix	xa	ракIвачIаᴴгьихаб	ракIвачIаᴴгьиха		ракIвачIаᴴгьихаб		б	ракIвачIаᴴгьихаб	attested	shape		см. ракIвачIаᴴгьайха́б	SA2012	50429	ракIвачIаᴴгьиха́б	
class_suffix	xa	ракIунайхаб	ракIунайха		ракIунайхоб		б	ракIунайхоб	attested	shape		тошный	AA2019	50432	ракIуна́йхоб	
cited_only	plural_cited	ракъал	ракъал		ракъал			ракъал	attested	shape		дружный	AA2019	50444	ракъа́л	
class_suffix	a	ракъдалаб	ракъдала		ракъдалаб		б	ракъдалаб	attested	shape		засушливый	AA2019	50452	ракъда́лаб	
class_suffix	a	ракъдалаб	ракъдала		ракъдалаб		б	ракъдалаб	attested	shape		засушливый	SA2012	50454	ракъда́лаб	
no_class	plain	ракъирлIи	ракъирлIи		ракъирлIи			ракъирлIи	attested	shape		миролюбивый	AA2019	50474	ракъи́рлIи	
no_class	lli	ракъирлъи	ракъирлъи		ракъирлъи			ракъирлъи	attested	shape		мирный	AA2019	50475	ракъи́рлъи	
mwe					ракьи-рагIанда бацIаб				attested	space		исчерпывающий	AA2019	50479	ракьи́-рагIа́нда бацIа́б	ракьи-раганда бацIаб
mwe					ракьи-рагIанда бацаб				attested	space		подробный	AA2019	50480	ракьи-рагIа́нда баца́б	
no_class	lli	ракьилалъи	ракьилалъи		ракьилалъи			ракьилалъи	attested	shape		костяной	SA2012	50483	ра́кьилалъи	
class_suffix	u	ракьилццуб	ракьилццу		ракьилццу		в	ракьилццу	attested	hint		костлявый	AA2019	50484	ра́кьилццу	-й, -б, -л
class_suffix	u	ракьиначIвессуб	ракьиначIвессу		ракьиначIвессуб		б	ракьиначIвессуб	attested	shape		накостный	AA2019	50486	ракьиначIве́ссуб	
no_class	lli	рассийалъи	рассийалъи		рассийалъи			рассийалъи	attested	shape		российский	AA2019	50512	расси́йалъи	
no_class	plain	рассийалъида	рассийалъида		рассийалъида			рассийалъида	attested	shape		всероссийский	AA2019	50513	расси́йалъида	
class_suffix	a	рахIатаб	рахIата		рахIатаб		б	рахIатаб	attested	shape		спокойный	SA2012	50529	рахIа́таб	
no_class	plain	рахIатлIи	рахIатлIи		рахIатлIи			рахIатлIи	attested	shape		комфортабельный	AA2019	50531	рахIа́тлIи	
no_class	lli	рахIмулълъи	рахIмулълъи		рахIмулълъи			рахIмулълъи	attested	shape		милосердный	SA2012	50537	ра́хIмулълъи	
class_suffix	u	рахъидиссуб	рахъидиссу		рахъидиссуб		б	рахъидиссуб	attested	shape		всесторонний	AA2019	50564	ра́хъидиссуб	
no_class	lli	рацIанлълъи	рацIанлълъи		рацIанлълъи			рацIанлълъи	attested	shape		теневой	SA2012	50566	рацIа́нлълъи	
no_class	plain	рачи-мучу	рачи-мучу		рачи-мучу			рачи-мучу	attested	shape		здоровый	SA2012	50576	ра́чи-мучу	
no_class	plain	рашабеххила	рашабеххила		рашабеххила			рашабеххила	attested	shape		многоречивый	AA2019	50604	рашабеххи́ла	
no_class	lli	рашулъи	рашулъи		рашулъи			рашулъи	attested	shape		словесный	SA2012	50607	рашу́лъи	
no_class	lli	рашулъи	рашулъи		рашулъи			рашулъи	attested	shape		скандальный	SA2012	50608	рашу́лъи	
no_class	lli	раъалъилъи	раъалъилъи		раъалъилъи			раъалъилъи	attested	shape		одежный	SA2012	50620	раъа́лъилъи	
no_class	lli	раъарлъи	раъарлъи		раъарлъи			раъарлъи	attested	shape		учебный	AA2019	50621	раъа́рлъи	
no_class	lli	ре-биккирлъи	ре-биккирлъи		ре-биккирлъи			ре-биккирлъи	attested	shape		похоронный	AA2019	50625	ре-бикки́рлъи	
class_suffix	u	релъиссуб	релъиссу		релъиссуб		б	релъиссуб	attested	shape		наружный	SA2012	50632	ре:лъиссуб	
class_suffix	u	релъиссуб	релъиссу		релъиссуб		б	релъиссуб	attested	shape		дворовый	SA2012	50633	ре:лъиссуб	
no_class	lli	регIеллълъи	регIеллълъи		регIеллълъи			регIеллълъи	attested	shape		свободный	SA2012	50657	регIе́ллълъи	
class_suffix	a	регъвандайгучIаб	регъвандайгучIа		регъвандайгучIаб		б	регъвандайгучIаб	attested	shape		неприкосновенный	AA2019	50661	ре́гъвандайгучIаб	
class_suffix	a	регъвандайхичIаб	регъвандайхичIа		регъвандайхичIаб		б	регъвандайхичIаб	attested	shape		неприкосновенный	AA2019	50662	ре́гъвандайхичIаб	
class_suffix	a	регъвандайчIаб	регъвандайчIа		регъвандайчIаб		б	регъвандайчIаб	attested	shape		непочатый	AA2019	50663	ре́гъвандайчIаб	
no_class	lli	регъилалъи	регъилалъи		регъилалъи			регъилалъи	attested	shape		ножной	AA2019	50671	регъила́лъи	
no_class	lli	регьалъи	регьалъи		регьалъи			регьалъи	attested	shape		морской	SA2012	50700	регьа́лъи	
no_class	lli	регьинлъи	регьинлъи		регьинлъи			регьинлъи	attested	shape		брачный	AA2019	50717	регьи́нлъи	
no_class	lli	резилъи	резилъи		резилъи			резилъи	attested	shape		бронзовый	AA2019	50727	ре́зилъи	
no_class	lli	рекIкIулъи	рекIкIулъи		рекIкIулъи			рекIкIулъи	attested	shape		обманчивый	SA2012	50746	ре́кIкIулъи	
no_class	lli	рекIкулъи	рекIкулъи		рекIкулъи			рекIкулъи	attested	shape		жульнический	AA2019	50752	ре́кIкулъи	
no_class	lli	рекIубалъилъи	рекIубалъилъи		рекIубалъилъи			рекIубалъилъи	attested	shape		замочный	SA2012	50758	рекIубалъи́лъи	
no_class	plain	река-хъуни	река-хъуни		река-хъуни			река-хъуни	attested	shape		прожорливый	AA2019	50762	ре́ка-хъу́ни	
no_class	lli	рекуналъи	рекуналъи		рекуналъи			рекуналъи	attested	shape		ниточный	AA2019	50779	рекуна́лъи	
no_class	plain	рекунлIи	рекунлIи		рекунлIи			рекунлIи	attested	shape		волокнистый	AA2019	50780	реку́нлIи	
class_suffix	u	рекунццуб	рекунццу		рекунццуб		б	рекунццуб	attested	shape		нитевидный	AA2019	50781	реку́нццуб	
class_suffix	u	рекучIвессуб	рекучIвессу		рекучIвессуб		б	рекучIвессуб	attested	shape		набрюшный	AA2019	50782	ре́кучIвессуб	
no_class	lli	рекъелълъи	рекъелълъи		рекъелълъи			рекъелълъи	attested	shape		холмистый	AA2019	50788	рекъе́лълъи	
no_class	plain	рекъу	рекъу		рекъу			рекъу	attested	shape		хромой	AA2019	50790	ре́къу	
no_class	plain	рекъу	рекъу		рекъу			рекъу	attested	shape		хромой	SA2012	50792	ре́къу	
class_suffix	u	релъиссуб	релъиссу		релъиссуб		б	релъиссуб	attested	shape		надворный	AA2019	50818	ре́лъиссуб	
no_class	plain	репа	репа		репа			репа	attested	shape		яловый	AA2019	50820	ре́па	
no_class	plain	репа	репа		репа			репа	attested	shape		яловая	SA2012	50822	ре́па	
class_suffix	a	репаххваб	репаххва		репаххваб		б	репаххваб	attested	shape		яловый	AA2019	50827	ре́паххваб	
class_suffix	xa	рершо-рершохаб	рершо-рершоха		рершо-рершохоб		б	рершо-рершохоб	attested	shape		посменный	AA2019	50831	рершо-рершо́хоб	
class_suffix	a	ресгучIаб	ресгучIа		ресгучIо		в	ресгучIо	attested	hint		незаменимый	AA2019	50840	ре́сгучIо	-ай, -ал, -аб
no_class	lli	ресилълъи	ресилълъи		ресилълъи			ресилълъи	attested	shape		обеспеченный	SA2012	50841	ре́силълъи	
no_class	plain	реххеххи	реххеххи		реххеххи			реххеххи	attested	shape		ловкий	AA2019	50867	ре́ххеххи	
class_prefix_suffix	xa	беццатихаб	еццатиха		реццатихаб	р	б	реццатихаб	attested	shape+sibling		похвальный	AA2019	50926	реццатиха́б	
class_suffix	xa	реццатутахаб	реццатутаха		реццатутахоб		б	реццатутахоб	attested	shape		похвальный	AA2019	50928	реццатутахо́б	
cited_only	gen_relational	речIухалуб	речIухалуб		речIухалуб			речIухалуб	attested	shape		дедовский	AA2019	50935	ре́чIухалуб	
class_suffix	u	речIчIаццуб	речIчIаццу		речIчIаццуб		б	речIчIаццуб	attested	shape		пещеристый	AA2019	50937	речIчIаццу́б	
no_class	plain	решелIи	решелIи		решелIи			решелIи	attested	shape		многолетний	AA2019	50947	решелIи	
class_suffix	u	решеру-решассуб	решеру-решассу		решеру-решассуб		б	решеру-решассуб	attested	shape		погодный	AA2019	50949	реше́ру-реша́ссуб	
class_suffix	u	решинакьиссуб	решинакьиссу		решинакьиссуб		б	решинакьиссуб	attested	shape		космический	AA2019	50962	решинакьи́ссуб	
class_prefix_suffix	xa	бештихаб	ештиха		рештихаб	р	б	рештихаб	attested	shape+sibling		пропускной	AA2019	50986	рештиха́б	
class_prefix_suffix	xa	бигъихаб	игъиха		ригъихаб	р	б	ригъихаб	attested	shape+sibling		убийственный	AA2019	51002	ригъиха́б	
mwe					ригьуди чо				attested	space		пожилой	AA2019	51009	ри́гьуди чо	
class_suffix	xa	риквайхаб	риквайха		риквайхаб		б	риквайхаб	attested	shape		зажигательный	AA2019	51035	риква́йхаб	
class_suffix	xa	рикуйхаб	рикуйха		рикуйхаб		б	рикуйхаб	attested	shape		горючий	AA2019	51043	рику́йхаб	
class_suffix	a	рикуйхичIаб	рикуйхичIа		рикуйхичIаб		б	рикуйхичIаб	attested	shape		огнестойкий	AA2019	51044	рику́йхичIаб	рикуйхичаб
class_suffix	a	рикьибукIаб	рикьибукIа		рикьибукIаб		б	рикьибукIаб	attested	shape		мясной	AA2019	51052	ри́кьибукIаб	
no_class	plain	рикьилIи	рикьилIи		рикьилIи			рикьилIи	attested	shape		мясистый	AA2019	51055	рикьи́лIи	
no_class	lli	рикьилъи	рикьилъи		рикьилъи			рикьилъи	attested	shape		мясной	AA2019	51056	рикьи́лъи	
class_suffix	u	рикьилъиссуб	рикьилъиссу		рикьилъиссуб		б	рикьилъиссуб	attested	shape		упитанный	SA2012	51058	рикьилъи́ссуб	
class_suffix	a	ритIухъаб	ритIухъа		ритIухъаб		б	ритIухъа/б	attested	notation		справедливый	SA2012	51068	ри́тIухъа/б	
cited_only	plural_cited	ричIичIал	ричIичIал		ричIичIал			ричIичIал	attested	shape		см. биъичIа́б	SA2012	51092	ричIи́чIал	
no_class	lli	ришбаталъи	ришбаталъи		ришбаталъи			ришбаталъи	attested	shape		взятнический	AA2019	51102	ришба́талъи	
class_suffix	xa	ришихаб	ришиха		ришихаб		б	ришихаб	attested	shape		сборный	AA2019	51108	ришиха́б	
mwe					риъа бехутIуссуб				attested	space		посмертный	AA2019	51114	риъа бехутIу́ссуб	
no_class	lli	рогьобалълъи	рогьобалълъи		рогьобалълъи			рогьобалълъи	attested	shape		ругательный	SA2012	51121	рогьо́балълъи	
mwe					ругьуди чо				attested	space		преклонный	AA2019	51133	ру́гьуди чо	
class_suffix	a	ругьунаб	ругьуна		ругьунаб		б	ругьуна/б	attested	notation		привычный	SA2012	51140	ругьу́на/б	
class_suffix	a	ругьунаб	ругьуна		ругьунаб		б	ругьуна/б	attested	notation		привыкший	SA2012	51141	ругьу́на/б	
class_suffix	a	ругьунаб	ругьуна		ругьунаб		б	ругьунаб	attested	hint		привычный	AA2019	51142	ругьуна́б	-ав, -аб, -ал
class_suffix	a	ругьунаб	ругьуна		ругьунаб		б	ругьунаб	attested	hint		натренированный	AA2019	51143	ругьуна́б	-ав, -аб, -ал
class_suffix	a	ругьунаймалаб	ругьунаймала		ругьунаймалаб		б	ругьунаймала/б	attested	notation		приученный	SA2012	51147	ругьуна́ймала/б	
class_suffix	xa	ругьунивхаб	ругьунивха		ругьунивхоб		б	ругьунивхоб	attested	shape		привычный	AA2019	51156	ругьуни́вхоб	
no_class	lli	рукьалъи	рукьалъи		рукьалъи			рукьалъи	attested	shape		любовный	AA2019	51231	рукьа́лъи	
no_class	lli	рукьалъи	рукьалъи		рукьалъи			рукьалъи	attested	shape		лирический	AA2019	51232	рукьа́лъи	
no_class	lli	рукьалъи	рукьалъи		рукьалъи			рукьалъи	attested	shape		приворотный	AA2019	51233	рукьа́лъи	
no_class	lli	рукьалъи	рукьалъи		рукьалъи			рукьалъи	attested	shape		любовный	SA2012	51234	рукьа́лъи	
class_suffix	a	рулIихичIаб	рулIихичIа		рулIихичIаб		б	рулIихичIаб	attested	shape		противозачаточный	AA2019	51246	рулIихичIа́б	
cited_only	gen_relational	руминалуб	руминалуб		руминалуб			руминалуб	attested	shape		румынский	AA2019	51258	руминалу́б	
no_class	plain	русси-биши	русси-биши		русси-биши			русси-биши	attested	shape		толстозадый	AA2019	51269	ру́сси-би́ши	
class_suffix	a	рухI-чIаголъи-гучIаб	рухI-чIаголъи-гучIа		рухI-чIаголъи-гучIаб		б	рухI-чIаголъи-гучIаб	attested	shape		пустынный	AA2019	51286	рухI-чIа́голъи-гучIа́б	
class_suffix	a	рухIанийаб	рухIанийа		рухIанийаб		б	рухIанийа/б	attested	notation		духовный	SA2012	51287	рухIани́йа/б	
class_suffix	a	рухIбигьичIаб	рухIбигьичIа		рухIбигьичIаб		б	рухIбигьичIаб	attested	shape		неодушевленный	AA2019	51288	ру́хIбигьичIаб	
class_suffix	a	рухIгучIаб	рухIгучIа		рухIгучIаб		б	рухIгучIаб	attested	shape		неодушвленный	AA2019	51290	ру́хIгучIаб	
no_class	lli	рухIлълъи	рухIлълъи		рухIлълъи			рухIлълъи	attested	shape		сильный	AA2019	51298	ру́хIлълъи	
no_class	lli	рухIлълъи	рухIлълъи		рухIлълъи			рухIлълъи	attested	shape		сильный	SA2012	51300	ру́хIлълъи	
no_class	lli	руххеллълъи	руххеллълъи		руххеллълъи			руххеллълъи	attested	shape		радостный	SA2012	51308	ру́ххеллълъи	
no_class	plain	рухьулIи	рухьулIи		рухьулIи			рухьулIи	attested	shape		лесистый	AA2019	51315	рухьу́лIи	
class_suffix	u	рухьулъиццуб	рухьулъиццу		рухьулъиццуб		б	рухьулъиццуб	attested	shape		как в лесу	AA2019	51316	ру́хьулъиццуб	
class_suffix	a	сабдаб	сабда		сабдаб		б	сабд=аб	attested	notation		избранный	AA2019	51331	сабд=а́б	
class_suffix	xa	сабдихаб	сабдиха		сабдихаб		б	сабдихаб	attested	shape		избирательный	AA2019	51342	сабдиха́б	
class_suffix	xa	сабсахаб	сабсаха		сабсахоб		б	сабсахоб	attested	shape		окоченелый	AA2019	51352	сабсахо́б	
mwe					савлухъалдаку гьатахоб				attested	space		заздравный	AA2019	51355	савлухъалда́ку гьатахо́б	
no_class	plain	сада	сада		сада			сада	attested	shape		прохладный	AA2019	51361	са́да	
no_class	plain	сада	сада		сада			сада	attested	shape		прохладный	SA2012	51363	са́да	
no_class	plain	саи	саи		саи			саи	attested	shape		холодный	SA2012	51372	са́и	
no_class	lli	санагIалъилълъи	санагIалъилълъи		санагIалъилълъи			санагIалъилълъи	attested	shape		удобный	SA2012	51412	сана́гIалъилълъи	
class_suffix	a	санагIатаб	санагIата		санагIатаб		б	санагIатаб	attested	shape		удобный	SA2012	51414	санагIатаб	
class_suffix	a	сандугулаб	сандугула		сандугулаб		б	сандугулаб	attested	shape		совместный	AA2019	51421	са́ндугулаб	
class_suffix	u	сандудассуб	сандудассу		сандудассуб		б	сандудассуб	attested	shape		всеобщий	AA2019	51426	са́ндудассуб	
class_suffix	u	сандуссуб	сандуссу		сандуссуб		б	сандуссуб	attested	shape		общий	AA2019	51429	са́ндуссуб	
class_suffix	u	сандуссуб	сандуссу		сандуссуб		б	сандуссуб	attested	shape		целый	AA2019	51430	са́ндуссуб	
class_suffix	u	сандуссуб	сандуссу		сандуссуб		б	сандуссуб	attested	shape		слитный	AA2019	51431	са́ндуссуб	
class_suffix	u	сандуссуб	сандуссу		сандуссуб		б	сандуссуб	attested	shape		попутный	AA2019	51432	са́ндуссуб	
class_suffix	u	сандуссуб	сандуссу		сандуссуб		б	сандуссуб	attested	shape		совместный	SA2012	51433	са́ндуссуб	
class_suffix	u	сандуссуб	сандуссу		сандуссуб		б	сандуссуб	attested	shape		находящийся вместе с кем-чем-л.	SA2012	51434	са́ндуссуб	
no_class	lli	сарлълъи	сарлълъи		сарлълъи			сарлълъи	attested	shape		крупный	AA2019	51448	са́рлълъи	
mwe					сас гучIаб				attested	space		тихий	AA2019	51453	сас гучIа́б	
class_suffix	a	сах-саламатаб	сах-саламата		сах-саламатав		в	сах-саламата=в	attested	notation		благополучный	AA2019	51465	сах-саламата=в	
class_suffix	xa	сахаб	саха		сахаб		б	саха/б	attested	notation		здоровый	SA2012	51466	са́ха/б	
class_suffix	xa	сахаб	саха		сахаб		б	саха/б	attested	notation		целый	SA2012	51467	са́ха/б	
class_suffix	xa	сахаб	саха		сахаб		б	саха/б	attested	notation		стоящий	SA2012	51468	са́ха/б	
class_suffix	a	сахаватаб	сахавата		сахаватаб		б	сахавата/б	attested	notation		щедрый	SA2012	51471	саха́вата/б	
class_suffix	xa	сахайхаб	сахайха		сахайхаб		б	сахайхаб	attested	shape		оздоровительный	AA2019	51474	сахайха́б	
no_class	lli	сахъатлълъи	сахъатлълъи		сахъатлълъи			сахъатлълъи	attested	shape		нездоровый	SA2012	51481	сахъа́тлълъи	
class_suffix	xa	саъайхаб	саъайха		саъайхаб		б	саъайхаб	attested	shape		холодильный	AA2019	51487	саъа́йхаб	
no_class	plain	саъи	саъи		саъи			саъи	attested	shape		холодный	AA2019	51492	са́ъи	
class_suffix	xa	саъирбарлълъихаб	саъирбарлълъиха		саъирбарлълъихаб		б	саъирбарлълъихаб	attested	shape		морозустойчивый	AA2019	51495	саъирбарлълъиха́б	
no_class	lli	секIулъи	секIулъи		секIулъи			секIулъи	attested	shape		пробковый	SA2012	51505	секIу́лъи	
class_suffix	a	сехIираб	сехIира		сехIираб		б	сехIира/б	attested	notation		хитрый	SA2012	51515	сехIи́ра/б	
class_suffix	a	сими-лIардаб	сими-лIарда		сими-лIардаб		б	сими-лIардаб	attested	shape		наполненный до краёв	SA2012	51529	си́ми-лIарда́б	
no_class	lli	синилъи	синилъи		синилъи			синилъи	attested	shape		клеевой	AA2019	51550	си́нилъи	
class_suffix	xa	синихаб	синиха		синихаб		б	синихаб	attested	shape		липкий	AA2019	51551	синиха́б	
class_suffix	xa	синихаб	синиха		синихаб		б	синихаб	attested	shape		клейкий	SA2012	51553	синиха́б	
class_suffix	u	синиццуб	синиццу		синиццуб		б	синиццуб	attested	shape		клейкий	AA2019	51555	си́ниццуб	
mwe					сихIирир гучо				attested	space		бесхитростный	AA2019	51569	сихIирир гуч=о	
mwe					сметалъи гьагъайчIаб				attested	space		внесметный	AA2019	51576	сме́талъи гьа́гъайчIаб	
no_class	lli	ссабрулъи	ссабрулъи		ссабрулъи			ссабрулъи	attested	shape		выдержанный	AA2019	51586	сса́брулъи	
no_class	lli	ссабрулълъи	ссабрулълъи		ссабрулълъи			ссабрулълъи	attested	shape		выдержанный	SA2012	51587	сса́брулълъи	
no_class	plain	ссабуссеб	ссабуссеб		ссабуссеб			ссабуссеб	attested	shape		прошлогодний	AA2019	51593	ссабу́ссеб	
class_suffix	u	ссабуссуб	ссабуссу		ссабуссуб		б	ссабуссуб	attested	shape		прошлогодний	SA2012	51594	ссабу́ссуб	
no_class	plain	ссавецки	ссавецки		ссавецки			ссавецки	attested	shape		советский	AA2019	51599	ссаве́цки	
class_suffix	a	ссайахъаб	ссайахъа		ссайахъаб		б	ссайахъа/б	attested	notation		распутный	SA2012	51618	ссайа́хъа/б	
class_suffix	a	ссайахъаб	ссайахъа		ссайахъав		в	ссайахъав	attested	shape		развратный	AA2019	51619	ссайа́хъав	
no_class	plain	ссайузалъида	ссайузалъида		ссайузалъида			ссайузалъида	attested	shape		всесоюзный	AA2019	51628	сса́йузалъида	ссайузалъида
class_suffix	xa	ссаквайхаб	ссаквайха		ссаквайхаб		б	ссаквайхаб	attested	shape		утомительный	AA2019	51632	ссаквайха́б	
class_suffix	a	ссакуйхичIаб	ссакуйхичIа		ссакуйхичIо		в	ссакуйхичIо	attested	shape		неутомимый	AA2019	51641	ссаку́йхичIо	
class_suffix	a	ссаламатаб	ссаламата		ссаламатаб		б	ссаламата=б	attested	notation		большой	AA2019	51645	ссаламата=б	
class_suffix	a	ссаламатаб	ссаламата		ссаламатаб		б	ссаламатаб	attested	shape		приличный	SA2012	51646	ссала́матаб	
class_suffix	a	ссардаб	ссарда		ссардаб		б	ссард/аб	attested	notation		перевернутый	SA2012	51674	ссард/а́б	
class_suffix	a	ссардаб	ссарда		ссардаб		б	ссардаб	attested	shape		возвратный	AA2019	51684	ссардаб	
class_suffix	a	ссардаймалаб	ссардаймала		ссардаймалаб		б	ссардаймалаб	attested	shape		кастрированный	SA2012	51699	ссарда́ймалаб	
class_suffix	xa	ссардайхаб	ссардайха		ссардайхаб		б	ссардайхаб	attested	shape		обводной	AA2019	51702	ссарда́йхаб	
class_suffix	a	ссардайхичIаб	ссардайхичIа		ссардайхичIаб		б	ссардайхичIаб	attested	shape		непереводимый	AA2019	51703	сса́рдайхичIаб	
class_suffix	xa	ссардихаб	ссардиха		ссардихаб		б	ссардихаб	attested	shape		оборотный	AA2019	51736	ссардиха́б	
class_infix	a	ссебитIаб	ссе	итIа	ссебитIаб	б	б	ссебитIаб	attested	notation		авторитетный	SA2012	51763	ссе/битIа́б	
class_infix	a	ссебитIаб	ссе	итIа	ссебитIаб	б	б	ссебитIаб	attested	notation		передовой	SA2012	51764	ссе/битIа́б	
class_suffix	u	ссеассуб	ссеассу		ссеассуб		б	ссеассу/б	attested	notation		предыдущий	SA2012	51772	ссеассу́/б	
class_suffix	u	ссеассуб	ссеассу		ссеассуб		б	ссеассу/б	attested	notation		прежний	SA2012	51773	ссеассу́/б	
class_suffix	u	ссеассуб	ссеассу		ссеассуб		б	ссеассуб	attested	shape		старинный	SA2012	51774	ссе́ассуб	
class_suffix	u	ссеассуб	ссеассу		ссеассул		л	ссеассул	attested	shape		близкий	SA2012	51776	ссе́ассул	
class_suffix	u	ссебиккуссуб	ссебиккуссу		ссебиккуссуб		б	ссебиккуссуб	attested	shape		предварительный	AA2019	51786	ссе́биккуссуб	
class_suffix	u	ссебиккуссуб	ссебиккуссу		ссебиккуссуб		б	ссебиккуссуб	attested	shape		предыдущий	AA2019	51787	ссе́биккуссуб	
class_suffix	xa	ссебиккухаб	ссебиккуха		ссебиккухоб		б	ссебиккухоб	attested	shape		предыдущий	AA2019	51788	ссе́биккухоб	
class_suffix	a	ссебитIаб	ссебитIа		ссебитIаб		б	ссебитIаб	attested	shape		развитое	SA2012	51789	ссебитIа́б	
no_class	lli	ссевералъи	ссевералъи		ссевералъи			ссевералъи	attested	shape		северный	SA2012	51795	ссе́вералъи	
mwe					сседа булълъаб				attested	space		давнопрошедший	AA2019	51796	ссе́да бу́лълъаб	
class_suffix	u	сседуссуб	сседуссу		сседуссуб		б	сседуссуб	attested	shape		давешний	AA2019	51799	ссе́дуссуб	
no_class	plain	ссекуда	ссекуда		ссекуда			ссекуда	attested	shape		изначальный	AA2019	51802	ссеку́да	
mwe					ссекундалъику-ссекундалъа букIихаб				attested	space		ежесекундный	AA2019	51803	ссе́кундалъику-ссе́кундалъа букIихаб	
class_suffix	a	ссемаъаб	ссемаъа		ссемаъаб		б	ссемаъаб	attested	shape		предыдущий	SA2012	51805	ссемаъаб	
class_suffix	u	ссессессуб	ссессессу		ссессессуб		б	ссессессу=б	attested	notation		предыдущий	AA2019	51816	ссе́ссессу=б	
class_suffix	u	ссессессуб	ссессессу		ссессессуб		б	ссессессу=б	attested	notation		передовой	AA2019	51817	ссе́ссессу=б	
class_suffix	u	ссессуб	ссессу		ссессуб		б	ссессуб	attested	shape		прежний	AA2019	51818	ссе́ссуб	
class_suffix	u	ссессуб	ссессу		ссессуб		б	ссессуб	attested	shape		старинный	AA2019	51819	ссе́ссуб	
class_suffix	u	ссессуб	ссессу		ссессуб		б	ссессуб	attested	shape		очередной	AA2019	51821	ссе́ссуб	
no_class	plain	ссехIир	ссехIир		ссехIир			ссехIир	attested	shape		хитрый	AA2019	51825	ссехIи́р	
no_class	lli	ссималъи	ссималъи		ссималъи			ссималъи	attested	shape		злющий	AA2019	51850	ссима́лъи	
no_class	plain	ссими	ссими		ссими			ссими	attested	shape		злой	AA2019	51855	ссими	
no_class	plain	ссими-ххеххи	ссими-ххеххи		ссими-ххеххи			ссими-ххеххи	attested	shape		нервный	AA2019	51858	сси́ми-ххе́ххи	
no_class	plain	ссимилIи	ссимилIи		ссимилIи			ссимилIи	attested	shape		злобный	AA2019	51860	сси́милIи	
no_class	plain	ссипат-ссуратлIи	ссипат-ссуратлIи		ссипат-ссуратлIи			ссипат-ссуратлIи	attested	shape		приятной наружности	AA2019	51878	ссипа́т-ссура́тлIи	
no_class	plain	ссипатIи	ссипатIи		ссипатIи			ссипатIи	attested	shape		приятной наружности	AA2019	51879	ссипа́тIи	
no_class	plain	ссипта	ссипта		ссипта			ссипта	attested	shape		раннее	AA2019	51883	ссипта	
no_class	plain	ссихIрулIи	ссихIрулIи		ссихIрулIи			ссихIрулIи	attested	shape		с волшебством	AA2019	51889	сси́хIрулIи(лъи)	
no_class	lli	ссихIрулIилъи	ссихIрулIилъи		ссихIрулIилъи			ссихIрулIилъи	variant	shape		с волшебством	AA2019	51889	сси́хIрулIи(лъи)	
class_suffix	a	ссоболаб	ссобола		ссоболаб		б	ссоболаб	attested	shape		омертвелый	AA2019	51896	ссобола́б	
class_suffix	a	ссогIаб	ссогIа		ссогIаб		б	ссогIа/б	attested	notation		неподатливый	SA2012	51906	ссо́гIа/б	
class_suffix	a	ссуратбгучIаб	ссуратбгучIа		ссуратбгучIаб		б	ссуратбгучIаб	attested	shape		неплохой	AA2019	51946	ссура́тбгучIаб	
class_suffix	u	ссуратццуб	ссуратццу		ссуратццуб		б	ссуратццуб	attested	shape		рисуночный	AA2019	51949	ссура́тццуб	
no_class	plain	ссурмияб	ссурмияб		ссурмияб			ссурмияб	attested	shape		стальной	AA2019	51965	ссурмияб	авар.
class_suffix	a	сукIаб	сукIа		сукIаб		б	сукIаб	attested	shape		складной	AA2019	51983	сукIа́б	
class_suffix	a	сукIаб	сукIа		сукIаб		б	сукIаб	attested	shape		согнутый	SA2012	51985	сукIа́б	
class_suffix	xa	сукIайхаб	сукIайха		сукIайхаб		б	сукIайхаб	attested	shape		отложной	AA2019	51988	сукIа́йхаб	
class_suffix	xa	сукIихаб	сукIиха		сукIихаб		б	сукIихаб	attested	shape		складной	SA2012	51997	сукIиха́б	
class_suffix	xa	сукIихаб	сукIиха		сукIихаб		б	сукIихаб	attested	shape		складной	AA2019	51999	сукIиха́б	
class_infix	a	сулалъабагьихаб	сулалъа	агьиха	сулалъавагьихов	в	в	сулалъавагьихов	attested	notation		стеснительный	SA2012	52001	су́лалъа/вагьихо́в	
class_suffix	a	суннатаб	сунната		суннатаб		б	суннатаб	attested	shape		дополнительный	SA2012	52033	сунна́таб	
class_suffix	a	сураб	сура		сураб		б	сур/аб	attested	notation		плохой	SA2012	52036	сур/а́б	
class_suffix	a	сураб	сура		сураб		б	сураб	attested	shape		плохой	AA2019	52040	сура́б	
class_suffix	a	сураб	сура		сураб		б	сураб	attested	shape		неудовлетворительный	AA2019	52041	сура́б	
class_suffix	a	сураб	сура		сураб		б	сураб	attested	shape		строгий	AA2019	52042	сура́б	
no_class	plain	сураблIи	сураблIи		сураблIи			сураблIи	attested	shape		злонамеренный	AA2019	52050	сура́блIи	
class_suffix	a	сураймалаб	сураймала		сураймалаб		б	сураймалаб	attested	shape		позорный	AA2019	52056	су́раймалаб	
class_suffix	a	сураймалаб	сураймала		сураймалаб		б	сураймалаб	attested	shape		изуродованный	AA2019	52057	су́раймалаб	
class_suffix	a	сураймалигьаб	сураймалигьа		сураймалигьаб		б	сураймалигьаб	attested	shape		брошенный	AA2019	52058	су́раймалигьаб	
class_suffix	xa	сурайхаб	сурайха		сурайхаб		б	сурайхаб	attested	shape		позорный	AA2019	52059	су́райхаб	
no_class	plain	сурари	сурари		сурари			сурари	attested	shape		злорадный	AA2019	52067	су́рари	
no_class	plain	сурарлIи	сурарлIи		сурарлIи			сурарлIи	attested	shape		злополучный	AA2019	52069	су́рарлIи	
no_class	plain	сурарлIи	сурарлIи		сурарлIи			сурарлIи	attested	shape		злой	AA2019	52070	су́рарлIи	
no_class	plain	сурирлIи	сурирлIи		сурирлIи			сурирлIи	attested	shape		неловкий	AA2019	52076	су́рирлIи	
class_suffix	xa	сурихаб	суриха		сурихаб		б	сурихаб	attested	shape		позорный	AA2019	52077	су́рихаб	
class_suffix	u	суроссуб	суроссу		суроссуб		б	суроссуб	attested	shape		очень плохой	SA2012	52078	суроссуб	
class_suffix	a	сурукъаб	сурукъа		сурукъаб		б	сурукъаб	attested	shape		извращенный	AA2019	52081	суру́къаб	
class_suffix	a	суъалийаб	суъалийа		суъалийаб		б	суъалийаб	attested	shape		вопросительный	AA2019	52091	суъали́йаб	
class_suffix	a	тIабигIатгучIаб	тIабигIатгучIа		тIабигIатгучIаб		б	тIабигIатгучIаб	attested	shape		неестественный	AA2019	52099	тIаби́гIатгучIаб	
class_suffix	a	тIабигIатилъигучIаб	тIабигIатилъигучIа		тIабигIатилъигучIаб		б	тIабигIатилъигучIаб	attested	shape		неземной	AA2019	52100	тIаби́гIатилъигучIаб	
class_suffix	xa	тIагIайхаб	тIагIайха		тIагIайхаб		б	тIагIайхаб	attested	shape		губительный	AA2019	52111	тIа́гIайхаб	
no_class	lli	тIагIамлълъи	тIагIамлълъи		тIагIамлълъи			тIагIамлълъи	attested	shape		вкусный	SA2012	52113	тIагIа́млълъи	
class_suffix	a	тIагIангучIаб	тIагIангучIа		тIагIангучIаб		б	тIагIангучIаб	attested	shape		неудобный	AA2019	52116	тIагIа́нгучIаб	
class_suffix	a	тIадаб	тIада		тIадаб		б	тIада/б	attested	notation		обязательный	SA2012	52128	тIа́да/б	
class_suffix	a	тIадаб	тIада		тIадаб		б	тIадаб	attested	shape		непременный	AA2019	52129	тIа́даб	
class_suffix	a	тIадегIанаб	тIадегIана		тIадегIанав		в	тIадегIан=ав	attested	notation		авторитетный	AA2019	52131	тIа́дегIан=ав	
class_suffix	a	тIадегIанаб	тIадегIана		тIадегIанаб		б	тIадегIана/б	attested	notation		высший	SA2012	52132	тIа́дегIана/б	
no_class	lli	тIалабилъи	тIалабилъи		тIалабилъи			тIалабилъи	attested	shape		бережный	AA2019	52144	тIала́билъи	
no_class	plain	тIалаблIи	тIалаблIи		тIалаблIи			тIалаблIи	attested	shape		заботливый	AA2019	52146	тIала́блIи	
class_suffix	xa	тIалибулълъихаб	тIалибулълъиха		тIалибулълъихаб		б	тIалибулълъихаб	attested	shape		мылкий	AA2019	52155	тIалибулълъиха́б	
class_suffix	xa	тIамач-биккухаб	тIамач-биккуха		тIамач-биккухаб		б	тIамач-биккухаб	attested	shape		постраничный	AA2019	52168	тIамач-биккуха́б	
class_suffix	u	тIамачццуб	тIамачццу		тIамачццуб		б	тIамачццуб	attested	shape		листовой	AA2019	52169	тIама́чццуб	
no_class	lli	тIамирлъи	тIамирлъи		тIамирлъи			тIамирлъи	attested	shape		коревой	AA2019	52188	тIа́мирлъи	
class_suffix	a	тIамтIадаб	тIамтIада		тIамтIадаб		б	тIамтIадаб	attested	shape		конопатый	AA2019	52193	тIа́мтIадаб	
no_class	lli	тIанкIелълъи	тIанкIелълъи		тIанкIелълъи			тIанкIелълъи	attested	shape		пятнистый	SA2012	52202	тIа́нкIе:лълъи	
no_class	lli	тIанкелълъи	тIанкелълъи		тIанкелълъи			тIанкелълъи	attested	shape		пятнистый	AA2019	52203	тIа́нкелълъ(л)и	
no_class	plain	тIанкелълъли	тIанкелълъли		тIанкелълъли			тIанкелълъли	variant	shape		пятнистый	AA2019	52203	тIа́нкелълъ(л)и	
class_suffix	a	тIасса-массаб	тIасса-масса		тIасса-массаб		б	тIасса-массаб	attested	shape		поверхностный	SA2012	52213	тIа́сса-массаб	
mwe					тIацаб басалъи				attested	space		ворсистый	AA2019	52215	тIа́цаб басалъи	
no_class	plain	тIеркъи	тIеркъи		тIеркъи			тIеркъи	attested	shape		неправедный	AA2019	52220	тIе́ркъи	
no_class	plain	тIеркъи	тIеркъи		тIеркъи			тIеркъи	attested	shape		несправедливый	SA2012	52222	тIе́ркъи	
class_suffix	a	тIехIаб	тIехIа		тIехIаб		б	тIехIа/б	attested	notation		плешивый	SA2012	52231	тIе́хIа/б	
class_suffix	a	тIиндаб	тIинда		тIиндаб		б	тIиндаб	attested	shape		литой	AA2019	52262	тIи́ндаб	
class_suffix	xa	тIиндихаб	тIиндиха		тIиндихаб		б	тIиндихаб	attested	shape		наливной	AA2019	52270	тIиндиха́б	
class_suffix	xa	тIинтIидихаб	тIинтIидиха		тIинтIидихаб		б	тIинтIидихаб	attested	shape		разливательный	AA2019	52277	тIинтIидиха́б	
class_suffix	a	тIобаб	тIоба		тIобаб		б	тIоба=б	attested	notation		полный	AA2019	52286	тIо́ба=б	
class_suffix	xa	тIобихаб	тIобиха		тIобихоб		б	тIобихоб	attested	shape		исполнительный	AA2019	52293	тIо́бихоб	
class_suffix	a	тIопаб	тIопа		тIопаб		б	тIопаб	attested	shape		полный	SA2012	52303	тIопа́б	
mwe					тIопаб гучIаб				attested	space		отрывочный	AA2019	52304	тIо́паб гу́чIаб	
class_suffix	xa	тIопайхаб	тIопайха		тIопайхаб		б	тIопайхаб	attested	shape		осуществимый	AA2019	52307	тIопа́йхаб	
class_suffix	a	тIопайхичIаб	тIопайхичIа		тIопайхичIаб		б	тIопайхичIаб	attested	shape		неисполнимый	AA2019	52308	тIопайхичIа́б	
class_suffix	a	тIопихичIаб	тIопихичIа		тIопихичIаб		б	тIопихичIаб	attested	shape		неисполнимый	AA2019	52324	тIо́пихичIаб	
class_suffix	a	тIопичIаб	тIопичIа		тIопичIов		в	тIопичIов	attested	shape		придурковатый	SA2012	52325	тIопичIов	
class_suffix	a	тIопаб	тIопа		тIопо		в	тIопо	attested	shape	guess_o	набитый	AA2019	52327	тIо́по	
no_class	plain	тIунтIугъвала	тIунтIугъвала		тIунтIугъвала			тIунтIугъвала	attested	shape		малюсенький	AA2019	52349	тIу́нтIугъвала	
class_suffix	a	табдаб	табда		табдаб		б	табдаб	attested	shape		дырявый	SA2012	52372	табда́б	
class_suffix	a	табдаб	табда		табдаб		б	табдаб	attested	shape		дырявый	AA2019	52373	та́бдаб	
class_suffix	xa	табдайхаб	табдайха		табдайхаб		б	табдайхаб	attested	shape		сильный	AA2019	52377	табда́йхаб	
class_suffix	a	таваккалаб	таваккала		таваккалаб		б	таваккала/б	attested	notation		решительный	SA2012	52397	тавакка́ла/б	
class_suffix	a	таддаб	тадда		таддаб		б	таддаб	attested	shape		см. табда́б	SA2012	52416	та́ддаб	
class_suffix	a	такъсираб	такъсира		такъсираб		б	такъсира/б	attested	notation		виновный	SA2012	52441	такъси́ра/б	
class_suffix	a	такъсираб	такъсира		такъсираб		б	такъсира/б	attested	notation		преступный	SA2012	52442	такъси́ра/б	
class_suffix	a	талихIаб	талихIа		талихIаб		б	талихIа/б	attested	notation		счастливый	SA2012	52457	тали́хIа/б	
no_class	lli	талихIлъи	талихIлъи		талихIлъи			талихIлъи	attested	shape		блаженный	AA2019	52459	талихIлъи	
class_suffix	a	таманаб	тамана		таманаб		б	таманаб	attested	shape		длительный	SA2012	52470	тама́наб	
class_suffix	a	таманаб	тамана		таманаб		б	таманаб	attested	shape		изрядный	SA2012	52471	тама́наб	
class_suffix	a	таманаб	тамана		таманаб		б	таманаб	attested	shape		значительный	SA2012	52472	тама́наб	
class_suffix	a	тамашайаб	тамашайа		тамашайаб		б	тамашайа/б	attested	notation		удивительный	SA2012	52487	тамаша́йа/б	
class_suffix	a	тамашайаб	тамашайа		тамашайаб		б	тамашайаб	attested	shape		удивительный	AA2019	52488	тамаша́йаб	тамашийаб
class_suffix	a	тамдаб	тамда		тамдаб		б	тамдаб	attested	shape		гнилой	AA2019	52491	та́мдаб	
class_suffix	a	тамдаб	тамда		тамдаб		б	тамдаб	attested	shape		затхлый	AA2019	52492	та́мдаб	
class_suffix	xa	тамдайхаб	тамдайха		тамдайхаб		б	тамдайхаб	attested	shape		гнилостный	AA2019	52494	та́мдайхаб	
no_class	plain	тами	тами		тами			тами	attested	shape		см. та́му	SA2012	52500	та́ми	
no_class	plain	таму	таму		таму			таму	attested	shape		десна	AA2019	52506	та́му	
class_suffix	a	тандаб	танда		тандаб		б	танда/б	attested	notation		гнилой	SA2012	52514	танда́/б	
no_class	plain	танту	танту		танту			танту	attested	shape		жидкий	SA2012	52521	та́нту	
class_suffix	a	танцIцIаххваб	танцIцIаххва		танцIцIаххваб		б	танцIцIаххваб	attested	shape		онемевший	SA2012	52526	танцIцIаххва́б	
mwe					тархъан игьо				attested	space		вольноотпущенный	AA2019	52568	тархъа́н игьо́	
class_suffix	a	тасамахIаб	тасамахIа		тасамахIаб		б	тасамахIа=б	attested	notation		халтурный	AA2019	52569	таса́махIа=б	
class_suffix	a	тассамахIаб	тассамахIа		тассамахIаб		б	тассамахIа/б	attested	notation		халатный	SA2012	52573	тассама́хIа/б	
cited_only	gen_relational	татаралуб	татаралуб		татаралуб			татаралуб	attested	shape		татарский	AA2019	52598	тата́ралуб	
no_class	lli	техникалъи	техникалъи		техникалъи			техникалъи	attested	shape		технический	AA2019	52638	техника́лъи	
class_suffix	a	тирийаб	тирийа		тирийаб		б	тирийа/б	attested	notation		проворный	SA2012	52654	тири́йа/б	
class_suffix	a	тирийаб	тирийа		тирийав		в	тирийав	attested	shape		энергичный	AA2019	52655	тири́йав	
class_suffix	a	тиртидаб	тиртида		тиртидаб		б	тиртидаб	attested	shape		прыщавый	AA2019	52660	тиртида́б	
class_suffix	xa	тирхаб	тирха		тирхо		в	тирхо	attested	shape		пьяный	AA2019	52663	ти́рхо	
class_suffix	xa	тирххаб	тирхха		тирххаб		б	тирхх/аб	attested	notation		пьяный	SA2012	52664	тирхх/а́б	
class_suffix	a	толокаб	толока		толокаб		б	толокаб	attested	shape		заезженная	AA2019	52678	толо́каб	
no_class	plain	томлIи	томлIи		томлIи			томлIи	attested	shape		однотомный	AA2019	52681	то́млIи	
no_class	lli	тутелъи	тутелъи		тутелъи			тутелъи	attested	shape		алюминиевый	AA2019	52801	туте́лъи	
no_class	plain	тухи	тухи		тухи			тухи	attested	shape		медлительный	SA2012	52816	ту́хи	
no_class	plain	тухи	тухи		тухи			тухи	attested	shape		слабый	SA2012	52817	ту́хи	
no_class	lli	тухлъилълъи	тухлъилълъи		тухлъилълъи			тухлъилълъи	attested	shape		оплошный	AA2019	52823	тухлъи́лълъи	
no_class	lli	тушманзабалъилъи	тушманзабалъилъи		тушманзабалъилъи			тушманзабалъилъи	attested	shape		вражеский	SA2012	52831	тушманза́балъилъи	
no_class	lli	тушманзабалъилъи	тушманзабалъилъи		тушманзабалъилъи			тушманзабалъилъи	attested	shape		неприятельский	AA2019	52832	тушма́нзабалъилъи	
class_suffix	u	удакуссуб	удакуссу		удакуссуб		б	удакуссуб	attested	shape		заморский	AA2019	52864	уда́куссуб	
cited_only	gen_relational	узбекалуб	узбекалуб		узбекалуб			узбекалуб	attested	shape		узбекский	AA2019	52897	узбе́калуб	
class_suffix	a	узданаб	уздана		узданаб		б	уздана/б	attested	notation		аккуратный	SA2012	52898	узда́на/б//узде́наб	
class_suffix	a	узденаб	уздена		узденаб		б	узденаб	variant	shape		аккуратный	SA2012	52898	узда́на/б//узде́наб	
class_suffix	a	узданаб	уздана		узданаб		б	уздана/б	attested	notation		стройный	SA2012	52899	узда́на/б//узде́наб	
class_suffix	a	узденаб	уздена		узденаб		б	узденаб	variant	shape		стройный	SA2012	52899	узда́на/б//узде́наб	
class_suffix	a	узденаб	уздена		узденав		в	уздена=в	attested	notation		чистокровный	AA2019	52902	уздена=в	
class_suffix	a	узденаб	уздена		узденав		в	уздена=в	attested	notation		аккуратный	AA2019	52903	уздена=в	
class_suffix	a	узденаб	уздена		узденав		в	уздена=в	attested	notation		из богатой семьи	AA2019	52904	уздена=в	
cited_only	gen_relational	украиналуб	украиналуб		украиналуб			украиналуб	attested	shape		украинский	AA2019	52923	украи́налуб	
class_suffix	a	унго-унгойаб	унго-унгойа		унго-унгойаб		б	унго-унгойа/б	attested	notation		настоящий	SA2012	52939	у́нго-унгойа/б	
class_suffix	u	унщикьиссуб	унщикьиссу		унщикьиссуб		б	унщикьиссуб	attested	shape		подземный	AA2019	52972	унщи́кьиссуб	
class_suffix	a	унщихIалаб	унщихIала		унщихIалаб		б	унщихIалаб	attested	shape		землистый	AA2019	52973	у́нщихIалаб	
class_suffix	u	унщичIвессуб	унщичIвессу		унщичIвессуб		б	унщичIвессуб	attested	shape		наземный	AA2019	52975	унщичIве́ссуб	
class_suffix	a	ургъаб	ургъа		ургъаб		б	ургъаб	attested	shape		продуманный	AA2019	52989	ургъа́б	ургъаб
class_suffix	a	ургъаб	ургъа		ургъаб		б	ургъаб	attested	shape		вымышленный	AA2019	52990	ургъа́б	ургъаб
class_suffix	a	ургъаб	ургъа		ургъаб		б	ургъаб	attested	shape		выдуманный	SA2012	52991	ургъа́б	
class_suffix	a	ургъадагьаб	ургъадагьа		ургъадагьаб		б	ургъадагьаб	attested	shape		нарочитый	AA2019	52995	ургъа́дагьаб	
class_suffix	u	ургъадассуб	ургъадассу		ургъадассуб		б	ургъадассуб	attested	shape		умышленный	AA2019	52997	ургъа́дассуб	
class_suffix	a	ургъалгучIаб	ургъалгучIа		ургъалгучIаб		б	ургъалгучI=аб	attested	notation		безразличный	AA2019	53003	у́ргъалгучI=аб	
class_suffix	a	ургъалгучIаб	ургъалгучIа		ургъалгучIаб		б	ургъалгучI=аб	attested	notation		безрассудный	AA2019	53004	у́ргъалгучI=аб	
class_suffix	xa	ургъахаб	ургъаха		ургъахоб		б	ургъахоб	attested	shape		намеренный	AA2019	53008	ургъахо́б	ургъахоб
class_suffix	a	ургъихичIаб	ургъихичIа		ургъихичIаб		б	ургъихичI=аб	attested	notation		необдуманный	AA2019	53016	ургъихичI=аб	
class_suffix	xa	ургъихаб	ургъиха		ургъихо		в	ургъихо	attested	shape		вдумчивый	AA2019	53018	ургъихо	
mwe					ургъичIа булаб				attested	space		непроизвольный	AA2019	53019	ургъичIа́ була́б	
class_suffix	a	ургъичIадаб	ургъичIада		ургъичIадаб		б	ургъичIадаб	attested	shape		опрометчивый	AA2019	53022	ургъичIа́даб	
class_suffix	a	урхъаб	урхъа		урхъаб		б	урхъаб	attested	shape		пламенный	SA2012	53034	урхъа́б	
no_class	lli	урщелалъи	урщелалъи		урщелалъи			урщелалъи	attested	shape		зерновые	AA2019	53041	урщела́лъи	
class_suffix	xa	учIубигъайхаб	учIубигъайха		учIубигъайхаб		б	учIубигъайхаб	attested	shape		напускной	AA2019	53061	учIубигъа́йхаб	
no_class	plain	учуз	учуз		учуз			учуз	attested	shape		дешёвый	AA2019	53074	учу́з	
class_suffix	a	учузаб	учуза		учузаб		б	учузаб	attested	shape		дешёвый	SA2012	53080	учу́заб	
no_class	plain	ущасар	ущасар		ущасар			ущасар	attested	shape		малоземельный	AA2019	53095	ущаса́р	
no_class	lli	хIабачидалъи	хIабачидалъи		хIабачидалъи			хIабачидалъи	attested	shape		негритянский	AA2019	53103	хIабачи́далъи	
no_class	plain	хIабди	хIабди		хIабди			хIабди	attested	shape		лающий	AA2019	53114	хIабди	
class_suffix	a	хIадураб	хIадура		хIадураб		б	хIадур=аб	attested	notation		готовый	AA2019	53122	хIадур=аб	
class_suffix	a	хIадураб	хIадура		хIадураб		б	хIадура/б	attested	notation		готовый	SA2012	53123	хIаду́ра/б	
class_suffix	xa	хIадурайхаб	хIадурайха		хIадурайхоб		б	хIадурайхоб	attested	shape		подготовительный	AA2019	53128	хIадура́йхоб	
class_suffix	u	хIайванццуб	хIайванццу		хIайванццуб		б	хIайванццуб	attested	shape		звероподобный	AA2019	53148	хIайва́нццуб	
class_suffix	a	хIайранаб	хIайрана		хIайранаб		б	хIайрана/б	attested	notation		чарующий	SA2012	53153	хIайра́на/б	
class_suffix	a	хIайранаб	хIайрана		хIайранаб		б	хIайранаб	attested	shape		пленительный	AA2019	53154	хIайра́наб	
class_suffix	xa	хIайранайхаб	хIайранайха		хIайранайхаб		б	хIайранайхаб	attested	shape		очаровательный	AA2019	53156	хIайрана́йхаб	
class_suffix	u	хIакимлъийалдассуб	хIакимлъийалдассу		хIакимлъийалдассуб		б	хIакимлъийалдассуб	attested	shape		правящий	AA2019	53174	хIаки́млъийалдассуб	
class_suffix	a	хIакъаб	хIакъа		хIакъаб		б	хIакъа/б	attested	notation		истинный	SA2012	53177	хIа́къа/б	
class_suffix	a	хIакъаб	хIакъа		хIакъаб		б	хIакъаб	attested	shape		вероятный	AA2019	53178	хIакъаб	
no_class	plain	хIакъикъалIи	хIакъикъалIи		хIакъикъалIи			хIакъикъалIи	attested	shape		истинный	AA2019	53184	хIакъи́къалIи	
class_suffix	a	хIакъикъийаб	хIакъикъийа		хIакъикъийаб		б	хIакъикъийа/б	attested	notation		достоверный	SA2012	53190	хIакъикъи́йа/б	
class_suffix	a	хIакъираб	хIакъира		хIакъираб		б	хIакъира/б	attested	notation		ничтожный	SA2012	53193	хIакъи́ра/б	
class_suffix	a	хIакъираб	хIакъира		хIакъираб		б	хIакъира=б	attested	notation		издевательский	AA2019	53194	хIакъи́ра=б	
class_suffix	xa	хIакъирайхаб	хIакъирайха		хIакъирайхаб		б	хIакъирайхаб	attested	shape		оскорбительный	AA2019	53197	хIакъира́йхаб	
class_suffix	a	хIалаб	хIала		хIалаб		б	хIалаб	attested	shape		насыщенный	SA2012	53214	хIа́лаб	
cited_only	f_cited	хIалай	хIалай		хIалай			хIалай	attested	shape		отзывчивый	AA2019	53218	хIала́й	
class_suffix	a	хIалалаб	хIалала		хIалалаб		б	хIалала/б	attested	notation		дозволенный	SA2012	53223	хIала́ла/б	
class_suffix	a	хIалалаб	хIалала		хIалалаб		б	хIалала/б	attested	notation		нажитый честным трудом	SA2012	53224	хIала́ла/б	
class_suffix	a	хIалимаб	хIалима		хIалимаб		б	хIалима/б	attested	notation		незлобивый	SA2012	53233	хIали́ма/б	
class_suffix	a	хIалимаб	хIалима		хIалимав		в	хIалимав	attested	shape		деликатный	AA2019	53234	хIа́лимав	
class_suffix	a	хIалихьатаб	хIалихьата		хIалихьатаб		б	хIалихьата/б	attested	notation		подлый	SA2012	53241	хIали́хьата/б	
class_suffix	a	хIалхьихичIаб	хIалхьихичIа		хIалхьихичIаб		б	хIалхьихичIаб	attested	shape		неутешительный	AA2019	53259	хIа́лхьихичIаб	
class_suffix	u	хIапараццуб	хIапараццу		хIапараццуб		б	хIапараццуб	attested	shape		червеобразный	AA2019	53287	хIапа́раццуб	
class_suffix	a	хIарамаб	хIарама		хIарамаб		б	хIарамаб	attested	shape		запретный	SA2012	53299	хIара́маб	
class_suffix	a	хIарамаб	хIарама		хIарамаб		б	хIарамаб	attested	shape		нажитый нечестным путем	SA2012	53300	хIара́маб	
class_suffix	u	хIараццуб	хIараццу		хIараццуб		б	хIараццуб	attested	shape		стволистый	AA2019	53305	хIара́ццуб	
class_suffix	a	хIасратаб	хIасрата		хIасратаб		б	хIасрата/б	attested	notation		страстный	SA2012	53320	хIасра́та/б	
no_class	plain	хIатIида-ххехх	хIатIида-ххехх		хIатIида-ххехх			хIатIида-ххехх	attested	shape		быстрый	AA2019	53327	хIа́тIида-ххехх	
class_suffix	a	хIеккаб	хIекка		хIеккаб		б	хIеккаб	attested	shape		тёплый	SA2012	53335	хIекка́б	
class_suffix	a	хIеккаб	хIекка		хIеккаб		б	хIеккаб	attested	shape		см. а́ржа, а́ржаб	SA2012	53336	хIе́ккаб	
class_suffix	u	хIелирццуб	хIелирццу		хIелирццуб		б	хIелирццуб	attested	shape		подхалимистый	AA2019	53348	хIе́лирццуб	
class_suffix	xa	хIелихаб	хIелиха		хIелихо		в	хIелих=о	attested	notation		угодливый	AA2019	53349	хIелих=о́	
class_suffix	a	хIеренаб	хIерена		хIеренаб		б	хIерена/б	attested	notation		любезный	SA2012	53352	хIере́на/б	
class_suffix	a	хIеренаб	хIерена		хIеренав		в	хIерена=в	attested	notation		кроткий	AA2019	53353	хIере́на=в	
class_suffix	a	хIеренаб	хIерена		хIеренав		в	хIерена=в	attested	notation		нежный	AA2019	53354	хIере́на=в	
no_class	plain	хIилла-макру	хIилла-макру		хIилла-макру			хIилла-макру	attested	shape		бесхитростный	SA2012	53370	хIилла́-ма́кру	
no_class	lli	хIиллалъи	хIиллалъи		хIиллалъи			хIиллалъи	attested	shape		обманный	SA2012	53372	хIилла:лъи	
no_class	plain	хIинцци	хIинцци		хIинцци			хIинцци	attested	shape		медлительный	AA2019	53378	хIи́нцци	
no_class	plain	хIинцци	хIинцци		хIинцци			хIинцци	attested	shape		медлительный	SA2012	53380	хIи́нцци	
mwe					хIиса-мизан гучIаб				attested	space		неимоверный	AA2019	53388	хIиса-миза́н гучIаб	
class_suffix	xa	хIисабихаб	хIисабиха		хIисабихаб		б	хIисабихаб	attested	shape		наблюдательный	AA2019	53398	хIисабиха́б	
no_class	plain	хIобочи	хIобочи		хIобочи			хIобочи	attested	shape		косматый	SA2012	53406	хIобо́чи	
cited_only	unclear_b	хIобочицуб	хIобочицуб		хIобочицуб			хIобочицуб	attested	shape		косматый	AA2019	53407	хIобо́чицуб	
no_class	lli	хIукуматилъи	хIукуматилъи		хIукуматилъи			хIукуматилъи	attested	shape		правительственный	AA2019	53430	хIуку́матилъи	
no_class	plain	хIукуматилъида	хIукуматилъида		хIукуматилъида			хIукуматилъида	attested	shape		общегосударственный	AA2019	53431	хIуку́матилъида	
class_suffix	a	хIурматаб	хIурмата		хIурматав		в	хIурмата=в	attested	notation		дочтопочтенный	AA2019	53455	хIу́рмата=в	
class_suffix	a	хIурматийаб	хIурматийа		хIурматийаб		б	хIурматийа/б	attested	notation		уважаемый	SA2012	53457	хIурмати́йа/б	
class_suffix	a	хIурматийаб	хIурматийа		хIурматийаб		б	хIурматийа/б	attested	notation		почтенный	SA2012	53458	хIурмати́йа/б	
class_suffix	a	хIурматийаб	хIурматийа		хIурматийав		в	хIурматийав	attested	shape		почётный	AA2019	53459	хIурмати́йав	
no_class	plain	хIурматлIи	хIурматлIи		хIурматлIи			хIурматлIи	attested	shape		почетный	AA2019	53460	хIурма́тлIи	
mwe					хIутIхъумур гъамдихаб				attested	space		насекомоядный	AA2019	53465	хIу́тIхъумур гъамдиха́б	
no_class	lli	хабаралъи	хабаралъи		хабаралъи			хабаралъи	attested	shape		болтливый	AA2019	53470	хаба́ралъи	
class_suffix	u	хадалиссуб	хадалиссу		хадалиссуб		б	хадалиссуб	attested	shape		ночной	SA2012	53480	хадалиссуб	
class_suffix	u	хадалиссуб	хадалиссу		хадалиссуб		б	хадалиссуб	attested	shape		ночной	AA2019	53481	ха́далиссуб	
class_suffix	xa	хадатахаб	хадатаха		хадатахоб		б	хадатахоб	attested	shape		просительный	AA2019	53483	ха́датахоб	
no_class	lli	хайирлълъи	хайирлълъи		хайирлълъи			хайирлълъи	attested	shape		прибыльный	AA2019	53500	хайирлълъи	хайирлIи
no_class	lli	хайирлълъи	хайирлълъи		хайирлълъи			хайирлълъи	attested	shape		выгодный	SA2012	53501	хайи́рлълъи	
class_suffix	u	хакьуссуссуб	хакьуссуссу		хакьуссуссуб		б	хакьуссуссуб	attested	shape		утренний	SA2012	53506	хакьу́ссуссуб//ахакьу́ссуссуб	
class_suffix	u	ахакьуссуссуб	ахакьуссуссу		ахакьуссуссуб		б	ахакьуссуссуб	variant	shape		утренний	SA2012	53506	хакьу́ссуссуб//ахакьу́ссуссуб	
class_suffix	a	халкъийаб	халкъийа		халкъийаб		б	халкъийаб	attested	shape		народный	SA2012	53523	халкъи́йаб	
no_class	plain	халкъилъида	халкъилъида		халкъилъида			халкъилъида	attested	shape		общенародный	AA2019	53524	ха́лкъилъида	
no_class	lli	ханзабалъилъи	ханзабалъилъи		ханзабалъилъи			ханзабалъилъи	attested	shape		царский	AA2019	53540	ха́нзабалъилъи	
class_suffix	a	хассаб	хасса		хассаб		б	хасса/б	attested	notation		присущий	SA2012	53579	ха́сса/б	
class_suffix	a	хассаб	хасса		хассаб		б	хасса/б	attested	notation		личный	SA2012	53580	ха́сса/б	
class_suffix	a	хассаб	хасса		хассаб		б	хасса/б	attested	notation		отдельный	SA2012	53581	ха́сса/б	
class_suffix	a	хассаб	хасса		хассаб		б	хассаб	attested	hint		персональный	AA2019	53582	ха́ссаб	-ав, -ай, -ал
class_suffix	u	хахабакъулъиццуб	хахабакъулъиццу		хахабакъулъиццуб		б	хахабакъулъиццуб	attested	shape		нищенский	AA2019	53586	хахабакъу́лъиццуб	
class_suffix	a	хвабдаб	хвабда		хвабдаб		б	хвабдаб	attested	shape		открытый	AA2019	53596	хвабда́б	
class_suffix	a	хвабдаб	хвабда		хвабдаб		б	хвабдаб	attested	shape		развёрнутый	AA2019	53597	хвабда́б	
class_suffix	a	хвадаб	хвада		хвадо		в	хвадо	attested	shape	guess_o	откровенный	AA2019	53617	хва́до	
class_suffix	u	хеку-хессуб	хеку-хессу		хеку-хессуб		б	хеку-хессуб	attested	shape		изустный	AA2019	53642	хе́ку-хе́ссуб	
no_class	lli	херхалъи	херхалъи		херхалъи			херхалъи	attested	shape		мозольный	AA2019	53649	хе́рхалъи	
class_suffix	a	хийанатаб	хийаната		хийанатаб		б	хийаната/б	attested	notation		ненадежный	SA2012	53665	хийа́ната/б	
class_suffix	a	хийанатаб	хийаната		хийанатаб		б	хийаната/б	attested	notation		неверный	SA2012	53666	хийа́ната/б	
class_suffix	a	хийанатаб	хийаната		хийанатаб		б	хийаната/б	attested	notation		предательский	SA2012	53667	хийа́ната/б	
class_suffix	a	хийанатаб	хийаната		хийанатаб		б	хийаната=б	attested	notation		предательский	AA2019	53668	хийа́ната=б	
no_class	plain	химически	химически		химически			химически	attested	shape		химический	AA2019	53673	хими́чески	
class_suffix	xa	хисайхаб	хисайха		хисайхо		в	хисайхо	attested	hint		подменный	AA2019	53689	хиса́йхо	-ай, -ал
mwe					хисасила багьаб				attested	space		прелый	AA2019	53691	хисаси́ла багьа́б	
class_suffix	xa	хисатахаб	хисатаха		хисатахоб		б	хисатахоб	attested	shape		изменяемый	AA2019	53694	хи́сатахоб	
class_suffix	xa	хисихаб	хисиха		хисихаб		б	хисихаб	attested	shape		переменный	AA2019	53700	хисиха́б	
class_suffix	a	хисихичIаб	хисихичIа		хисихичIаб		б	хисихичIаб	attested	shape		неуклонный	AA2019	53701	хисихичIа́б	
class_suffix	a	хисичIаб	хисичIа		хисичIаб		б	хисичIаб	attested	shape		неизменный	AA2019	53703	хисичIа́б	
class_suffix	xa	хихаб	хиха		хихаб		б	хихаб	attested	shape		покупательский	AA2019	53707	хихаб	
class_suffix	xa	хури-гъихаб	хури-гъиха		хури-гъихаб		б	хури-гъихаб	attested	shape		плодородный	AA2019	53724	ху́ри-гъиха́б	
class_suffix	a	хури-гъичIаб	хури-гъичIа		хури-гъичIаб		б	хури-гъичIаб	attested	shape		неурожайный	AA2019	53725	ху́ри-гъи́чIаб	
no_class	lli	хурилъи	хурилъи		хурилъи			хурилъи	attested	shape		полевой	AA2019	53727	хури́лъи	
no_class	lli	ххабаралъи	ххабаралъи		ххабаралъи			ххабаралъи	attested	shape		разговорчивый	SA2012	53742	ххаба́ралъи	
class_suffix	a	ххабаргучIаб	ххабаргучIа		ххабаргучIо		в	ххабаргучIо	attested	shape		молчаливый	AA2019	53747	ххаба́ргучIо	
class_suffix	a	ххандаб	хханда		ххандаб		б	ххандаб	attested	shape		чесаный	AA2019	53773	хханда́б	
class_suffix	xa	ххандихаб	ххандиха		ххандихаб		б	ххандихаб	attested	shape		гребной	AA2019	53801	хха́ндихаб	
class_suffix	a	ххандичIаб	ххандичIа		ххандичIаб		б	ххандичIаб	attested	shape		нечёсанный	AA2019	53802	ххандичIа́б	
class_suffix	a	хханххадаб	хханххада		хханххадаб		б	хханххадаб	attested	shape		скобленый	AA2019	53809	хханххада́б	
class_suffix	a	хханххадичIаб	хханххадичIа		хханххадичIаб		б	хханххадичIаб	attested	shape		неотёсанный	AA2019	53816	хха́нххадичIаб	
class_suffix	xa	ххардихаб	ххардиха		ххардихаб		б	ххардиха/б	attested	notation		вьющийся	SA2012	53844	ххардиха́/б	
class_suffix	xa	ххардихаб	ххардиха		ххардихаб		б	ххардиха/б	attested	notation		скрученный	SA2012	53845	ххардиха́/б	
class_suffix	xa	ххардихаб	ххардиха		ххардихаб		б	ххардихаб	attested	shape		вязальный	AA2019	53846	хха́рдихаб	
class_suffix	xa	ххардихаб	ххардиха		ххардихаб		б	ххардихаб	attested	shape		вьющийся	AA2019	53847	хха́рдихаб	
no_class	lli	ххвайлълъи	ххвайлълъи		ххвайлълъи			ххвайлълъи	attested	shape		истерический	AA2019	53859	ххва́йлълъи	
class_suffix	xa	ххвардахаб	ххвардаха		ххвардахоб		б	ххвардахоб	attested	shape		текущий	SA2012	53869	ххва́рдахоб	
no_class	plain	ххеххи	ххеххи		ххеххи			ххеххи	attested	shape		быстрый	AA2019	53890	ххе́ххи	
no_class	plain	ххеххи	ххеххи		ххеххи			ххеххи	attested	shape		мимолётный	AA2019	53891	ххе́ххи	
no_class	plain	ххеххи	ххеххи		ххеххи			ххеххи	attested	shape		быстрый	SA2012	53892	ххе́ххи	
mwe					ххеххи черчи				attested	space		незамедлительный	AA2019	53893	ххе́ххи че́рчи	
mwe					ххеххи черчи				attested	space		оперативный	AA2019	53894	ххе́ххи че́рчи	
class_suffix	xa	ххиндайхаб	ххиндайха		ххиндайхаб		б	ххиндайхаб	attested	shape		полоскательный	AA2019	53922	ххинда́йхаб	
class_suffix	a	ххинцIцаймалаб	ххинцIцаймала		ххинцIцаймалаб		б	ххинцIцаймалаб	attested	shape		найденный	AA2019	53935	ххинцIца́ймалаб	
class_suffix	xa	ххинцIцайхаб	ххинцIцайха		ххинцIцайхаб		б	ххинцIцайх=аб	attested	notation		искательный	AA2019	53936	ххинцIца́йх=аб	
class_suffix	xa	ххинцIцатахаб	ххинцIцатаха		ххинцIцатахоб		б	ххинцIцатахоб	attested	shape		поисковый	AA2019	53938	ххинцIца́тахоб	
no_class	plain	ххира	ххира		ххира			ххира	attested	shape		дорогой	AA2019	53941	ххира́	
no_class	plain	ххира	ххира		ххира			ххира	attested	shape		родной	AA2019	53942	ххира́	
class_infix	a	ххудабагьихаб	ххуда	агьиха	ххудавагьихов	в	в	ххудавагьихов	attested	notation		пьющий	SA2012	53961	хху́да/вагьихов	
class_suffix	xa	ххудайхаб	ххудайха		ххудайхаб		б	ххудайхаб	attested	shape		водопойный	AA2019	53964	ххудайхаб	
no_class	lli	ххударлъи	ххударлъи		ххударлъи			ххударлъи	attested	shape		пропойный	AA2019	53969	хху́дарлъи	
class_suffix	xa	ххудатахаб	ххудатаха		ххудатахоб		б	ххудатахоб	attested	shape		выпиваемый	SA2012	53972	хху́датахоб	
class_suffix	xa	ххудихаб	ххудиха		ххудихаб		б	ххудихаб	attested	shape		питьевой	SA2012	53979	ххудиха́б	
class_suffix	a	ххудаб	ххуда		ххудо		в	ххудо	attested	shape	guess_o	хмельной	AA2019	53982	ххудо́	
class_suffix	a	ххулиссаб	ххулисса		ххулиссаб		б	ххулиссаб	attested	shape		кривой	AA2019	53987	ххулиссаб	
no_class	plain	ххунххулбочIуха	ххунххулбочIуха		ххунххулбочIуха			ххунххулбочIуха	attested	shape		мордастый	AA2019	53993	хху́нххулбочIуха	
class_suffix	xa	хъабдухаб	хъабдуха		хъабдухоб		б	хъабдухоб	attested	shape		цветущий	AA2019	54043	хъабдухо́б	
class_suffix	a	хъабхъадаб	хъабхъада		хъабхъадаб		б	хъабхъадаб	attested	shape		рваный	AA2019	54046	хъабхъада́б	
class_suffix	xa	хъадвагьхаб	хъадвагьха		хъадвагьхо		в	хъадвагьхо	attested	shape		плаксивый	AA2019	54075	хъадвагьхо́	
no_class	lli	хъазаналъи	хъазаналъи		хъазаналъи			хъазаналъи	attested	shape		чугунный	AA2019	54092	хъаза́налъи	
no_class	plain	хъазахъ	хъазахъ		хъазахъ			хъазахъ	attested	shape		казахский	SA2012	54097	хъаза́хъ	
class_suffix	a	хъайлъаб	хъайлъа		хъайлъаб		б	хъайлъаб	attested	shape		посинелый	AA2019	54103	хъайлъа́б	
no_class	lli	хъайлъи	хъайлъи		хъайлъи			хъайлъи	attested	shape		голубой	AA2019	54105	хъа́йлъи	
no_class	lli	хъайлъи	хъайлъи		хъайлъи			хъайлъи	attested	shape		синий	AA2019	54106	хъа́йлъи	
no_class	lli	хъайлъи	хъайлъи		хъайлъи			хъайлъи	attested	shape		синий	SA2012	54107	хъа́йлъи	
no_class	lli	хъайлъи	хъайлъи		хъайлъи			хъайлъи	attested	shape		голубой	SA2012	54108	хъа́йлъи	
cited_only	gen_relational	хъалмухъалуб	хъалмухъалуб		хъалмухъалуб			хъалмухъалуб	attested	shape		калмыцкий	AA2019	54136	хъалму́хъалуб	
class_suffix	a	хъанкудаб	хъанкуда		хъанкудаб		б	хъанкуд/аб	attested	notation		алчный	SA2012	54157	хъанкуд/а́б	
class_suffix	a	хъанкудаб	хъанкуда		хъанкудаб		б	хъанкудаб	attested	hint		жадный	AA2019	54159	хъа́нкудаб	-ай, -ал, -о
class_suffix	a	хъанкудичIаб	хъанкудичIа		хъанкудичIаб		б	хъанкудичIаб	attested	shape		бескорыстный	AA2019	54165	хъа́нкудичIаб	
class_suffix	a	хъарлIайаб	хъарлIайа		хъарлIайаб		б	хъарлIайаб	attested	shape		упитанный	SA2012	54194	хъарлIа́йаб	
class_suffix	a	хъарссассаб	хъарссасса		хъарссассаб		б	хъарссассаб	attested	shape		расцарапанный	SA2012	54201	хъа́рссассаб	
no_class	plain	хъарщу	хъарщу		хъарщу			хъарщу	attested	shape		шершавый	SA2012	54217	хъа́рщу	
no_class	plain	хъарщу	хъарщу		хъарщу			хъарщу	attested	shape		грубый	SA2012	54219	хъа́рщу	
class_suffix	u	хъатилакьиссуб	хъатилакьиссу		хъатилакьиссуб		б	хъатилакьиссуб	attested	shape		подручный	AA2019	54229	хъатилакьи́ссуб	
no_class	lli	хъатирлълъи	хъатирлълъи		хъатирлълъи			хъатирлълъи	attested	shape		уважительный	AA2019	54234	хъати́рлълъи	
class_suffix	a	хъахIбийаб	хъахIбийа		хъахIбийаб		б	хъахIбийа/б	attested	notation		развратный	SA2012	54244	хъахIби́йа/б	
class_suffix	a	хъахIбийаб	хъахIбийа		хъахIбийаб		б	хъахIбийаб	attested	shape		развратный	AA2019	54245	хъахIби́йаб	
class_suffix	a	хъачIаб	хъачIа		хъачIаб		б	хъачIа/б	attested	notation		грубый	SA2012	54257	хъа́чIа/б	
class_suffix	a	хъачIаб	хъачIа		хъачIаб		б	хъачIаб	attested	hint		жестокий	AA2019	54258	хъа́чIаб	-ав, -ай, -ал
class_suffix	a	хъачIаб	хъачIа		хъачIаб		б	хъачIаб	attested	hint		грубый	AA2019	54259	хъа́чIаб	-ав, -ай, -ал
no_class	plain	хъачIу	хъачIу		хъачIу			хъачIу	attested	shape		грубый	AA2019	54268	хъачIу	
class_suffix	a	хъашхъараххваб	хъашхъараххва		хъашхъараххваб		б	хъашхъараххваб	attested	hint		плешивый	AA2019	54274	хъашхъа́раххваб	-ай, -о,-ал
no_class	plain	хъашхъарлIи	хъашхъарлIи		хъашхъарлIи			хъашхъарлIи	attested	shape		паршивый	AA2019	54276	хъашхъа́рлIи	
no_class	plain	хъащу	хъащу		хъащу			хъащу	attested	shape		корявый	AA2019	54277	хъа́щу	
cited_only	unclear_b	хъвадарухъаниб	хъвадарухъаниб		хъвадарухъаниб			хъвадарухъаниб	attested	shape		писательский	AA2019	54283	хъвада́рухъаниб	
no_class	lli	хъвайлъи	хъвайлъи		хъвайлъи			хъвайлъи	attested	shape		письменный	SA2012	54291	хъва́йлъи	
class_suffix	a	хъвардаб	хъварда		хъвардаб		б	хъвардаб	attested	shape		писаный	AA2019	54299	хъварда́б	
class_suffix	a	хъвардаб	хъварда		хъвардаб		б	хъвардаб	attested	shape		написанный	SA2012	54301	хъварда́б	
class_suffix	a	хъвардаб	хъварда		хъвардаб		б	хъвардаб	attested	shape		предопределенный	SA2012	54302	хъварда́б	
class_suffix	xa	хъвардихаб	хъвардиха		хъвардихаб		б	хъвардихаб	attested	shape		письменный	AA2019	54324	хъва́рдихаб	хъвардихаб
mwe					хъвархъвада багьихаб				attested	space		печатный	AA2019	54329	хъва́рхъвада багьиха́б	
class_suffix	a	хъвахъаб	хъвахъа		хъвахъаб		б	хъвахъаб	attested	shape		обмолоченный	AA2019	54343	хъвахъа́б	
class_suffix	xa	хъвахъихаб	хъвахъиха		хъвахъихаб		б	хъвахъихаб	attested	shape		мукомольный	AA2019	54348	хъвахъиха́б	
no_class	plain	хъвахъулIи	хъвахъулIи		хъвахъулIи			хъвахъулIи	attested	shape		мучнистый	AA2019	54350	хъва́хъулIи	
class_suffix	a	хъвахъулъаб	хъвахъулъа		хъвахъулъаб		б	хъвахъулъаб	attested	shape		мучной	AA2019	54351	хъва́хъулъаб(гваб?)	
no_class	plain	хъвахъулъабгваб	хъвахъулъабгваб		хъвахъулъабгваб			хъвахъулъабгваб	variant	shape		мучной	AA2019	54351	хъва́хъулъаб(гваб?)	
class_suffix	a	хъидаб	хъида		хъидаб		б	хъидаб	attested	hint		зависимый	AA2019	54368	хъида́б	-ай, -о, -ал
class_suffix	a	хъидаб	хъида		хъидаб		б	хъидаб	attested	shape		зависящий	SA2012	54370	хъида́б	
class_suffix	xa	хъидихаб	хъидиха		хъидихаб		б	хъидихаб	attested	shape		смотровой	SA2012	54380	хъидиха́б	
class_suffix	a	хъидихичIаб	хъидихичIа		хъидихичIо		в	хъидихичIо	attested	shape		решительный	AA2019	54381	хъидихичIо́	
class_suffix	xa	хъидихаб	хъидиха		хъидихо		в	хъидихо	attested	shape		осмотрительный	AA2019	54382	хъидихо́	
class_suffix	a	хъитIаб	хъитIа		хъитIаб		б	хъитIаб	attested	shape		всклокоченный	SA2012	54436	хъитIа́б	
no_class	plain	хъуби	хъуби		хъуби			хъуби	attested	shape		злопамятный	AA2019	54444	хъу́би	
class_suffix	xa	хъудахаб	хъудаха		хъудахоб		б	хъудахоб	attested	shape		шумный	AA2019	54456	хъудахо́б	
no_class	plain	хъуй-зуйлIи	хъуй-зуйлIи		хъуй-зуйлIи			хъуй-зуйлIи	attested	shape		оживленный	AA2019	54464	хъуй-зу́йлIи	
no_class	lli	хъуйлълъи	хъуйлълъи		хъуйлълъи			хъуйлълъи	attested	shape		шумный	AA2019	54465	хъу́йлълъи	
no_class	plain	хъупи	хъупи		хъупи			хъупи	attested	shape		грязный	AA2019	54490	хъу́пи	
no_class	plain	хъупи	хъупи		хъупи			хъупи	attested	shape		пакостный	AA2019	54491	хъу́пи	
no_class	plain	хъупи	хъупи		хъупи			хъупи	attested	shape		неопрятный	SA2012	54492	хъу́пи	
no_class	plain	хъупи	хъупи		хъупи			хъупи	attested	shape		подлый	SA2012	54493	хъу́пи	
no_class	plain	хъупи-хъуби	хъупи-хъуби		хъупи-хъуби			хъупи-хъуби	attested	shape		грязный	AA2019	54494	хъу́пи-хъу́би	
no_class	plain	хъупи-хъупи	хъупи-хъупи		хъупи-хъупи			хъупи-хъупи	attested	shape		нецензурный	AA2019	54495	хъу́пи-хъупи	
class_suffix	a	хъураб	хъура		хъураб		б	хъураб	attested	shape		накрошенный	SA2012	54508	хъура́б	
class_suffix	xa	хъурдайхаб	хъурдайха		хъурдайхаб		б	хъурдайхаб	attested	shape		волокитный	AA2019	54515	хъурдайха́б	
class_suffix	a	хъурдиргучIаб	хъурдиргучIа		хъурдиргучIаб		б	хъурдиргучIаб	attested	shape		незамедлительный	AA2019	54519	хъу́рдиргучIаб	
class_suffix	xa	хъурдихаб	хъурдиха		хъурдихаб		б	хъурдихаб	attested	shape		выдвижной	AA2019	54520	хъу́рдихаб	
class_suffix	a	хъурдаб	хъурда		хъурдо		в	хъурдо	attested	shape	guess_o	расхлябанный	AA2019	54521	хъурдо́	
no_class	lli	хъурмалъи	хъурмалъи		хъурмалъи			хъурмалъи	attested	shape		хромовый	AA2019	54528	хъурма́лъи	
class_suffix	a	хъухъадаб	хъухъада		хъухъадаб		б	хъухъадаб	attested	shape		пилёный	AA2019	54552	хъухъада́б	
class_suffix	a	хъухъадаб	хъухъада		хъухъадаб		б	хъухъадаб	attested	shape		пилёный	SA2012	54554	хъухъада́б	
class_suffix	a	хьвадаймалаб	хьвадаймала		хьвадаймалаб		б	хьвадаймалаб	attested	shape		использованный	SA2012	54582	хьвада́ймалаб	
class_suffix	xa	хьвадайхаб	хьвадайха		хьвадайхаб		б	хьвадайхаб	attested	shape		употребительный	AA2019	54583	хьвада́йхаб	
class_suffix	xa	хьвадихаб	хьвадиха		хьвадихаб		б	хьвадихаб	attested	shape		курсирующий	SA2012	54593	хьвадиха́б	
class_suffix	a	хьваъаб	хьваъа		хьваъаб		б	хьваъаб	attested	shape		хороший	AA2019	54597	хьваъа́б	
class_suffix	a	хьваъаб	хьваъа		хьваъаб		б	хьваъаб	attested	shape		хороший	SA2012	54599	хьваъа́б	
no_class	plain	хьваъабда	хьваъабда		хьваъабда			хьваъабда	attested	shape		хороший	AA2019	54601	хьваъа́бда	
no_class	plain	хьваъабирлIи	хьваъабирлIи		хьваъабирлIи			хьваъабирлIи	attested	shape		добродетельный	AA2019	54607	хьваъа́бирлIи	
no_class	lli	хьваъаблъи	хьваъаблъи		хьваъаблъи			хьваъаблъи	attested	shape		благонамеренный	AA2019	54609	хьваъаблъи	
mwe					хьваъаблъун мицIцихичаб				attested	space		неодобрительный	AA2019	54610	хьваъа́блъун мицIцихича́б	
no_class	plain	хьваъабуда	хьваъабуда		хьваъабуда			хьваъабуда	attested	shape		солидный	AA2019	54614	хьваъабу́да	хьваъабда
class_suffix	u	хьваъабццуб	хьваъабццу		хьваъабццуб		б	хьваъабццуб	attested	shape		миленький	AA2019	54615	хьваъа́бццуб	
class_suffix	a	хьоъаб	хьоъа		хьоъо		в	хьоъ=о	attested	notation		добрый	AA2019	54626	хьоъ=о́	
class_suffix	u	хьоъоццуб	хьоъоццу		хьоъоццу		в	хьоъоццу	attested	shape		простоватый	AA2019	54627	хьоъо́ццу	
no_class	lli	хьуллъи	хьуллъи		хьуллъи			хьуллъи	attested	shape		мечтательный	AA2019	54636	хьу́ллъи	
class_suffix	u	хьумучIвессуб	хьумучIвессу		хьумучIвессуб		б	хьумучIвессуб	attested	shape		надгробный	AA2019	54639	хьуму́чIвессуб	хьумичвессуб
mwe					хьутIиду маъихаб				attested	space		обтекаемый	AA2019	54652	хьу́тIиду маъиха́б	
no_class	plain	хьухьа	хьухьа		хьухьа			хьухьа	attested	shape		лёгкий	SA2012	54653	хьу́хьа	
class_suffix	a	цIаб	цIа		цIаб		б	цIаб	attested	shape		захламлённый	AA2019	54655	цIаб	
class_suffix	u	цIайццуб	цIайццу		цIайццуб		б	цIайццуб	attested	shape		огненный	AA2019	54678	цIа́йццуб	
no_class	plain	цIата	цIата		цIата			цIата	attested	shape		горячий	AA2019	54689	цIа́та	
no_class	plain	цIата	цIата		цIата			цIата	attested	shape		жаркий	AA2019	54690	цIа́та	
no_class	plain	цIата	цIата		цIата			цIата	attested	shape		горячий	SA2012	54691	цIа́та	
class_suffix	a	цIатаб	цIата		цIатаб		б	цIатаб	attested	shape		обожжённый	SA2012	54693	цIата́б	
class_suffix	a	цIатаб	цIата		цIатаб		б	цIатаб	attested	shape		сгоревший	SA2012	54694	цIата́б	
class_suffix	a	цIатаб	цIата		цIатаб		б	цIатаб	attested	shape		жаровой	AA2019	54695	цIа́таб	
class_suffix	a	цIатаймалаб	цIатаймала		цIатаймалаб		б	цIатаймалаб	attested	shape		обгорелый	AA2019	54699	цIата́ймалаб	
no_class	plain	цIиᴴв	цIиᴴв		цIиᴴв			цIиᴴв	attested	shape		новый	AA2019	54736	цIиᴴв	
no_class	plain	цIиᴴв	цIиᴴв		цIиᴴв			цIиᴴв	attested	shape		молодой	AA2019	54737	цIиᴴв	
class_suffix	a	цIиᴴвквайималаб	цIиᴴвквайимала		цIиᴴвквайималаб		б	цIиᴴвквайималаб	attested	shape		обновленный	AA2019	54748	цIиᴴвквайималаб	
class_suffix	xa	цIивбуххаб	цIивбухха		цIивбуххаб		б	цIивбуххаб	attested	shape		новоявленный	AA2019	54750	цIивбуххаб	-йиххай, -уххо, -буххал
no_class	lli	цIиврешилъи	цIиврешилъи		цIиврешилъи			цIиврешилъи	attested	shape		новогодний	AA2019	54755	цIи́вреши́лъи	
class_suffix	a	цIикьаб	цIикьа		цIикьаб		б	цIикьаб	attested	shape		налитой	SA2012	54764	цIи́кьаб	
class_suffix	xa	цIимдихаб	цIимдиха		цIимдихо		в	цIимдихо	attested	shape		запасливый	AA2019	54780	цIи́мдихо	цIимдихаб
class_suffix	xa	цIимдихаб	цIимдиха		цIимдихо		в	цIимдихо	attested	shape		сберегательный	AA2019	54781	цIи́мдихо	цIимдихаб
class_suffix	xa	цIимдухаб	цIимдуха		цIимдухо		в	цIимдухо	attested	hint		охранный	AA2019	54782	цIимдухо́	-ай, -аб
no_class	plain	цIиму	цIиму		цIиму			цIиму	attested	shape		новый	SA2012	54784	цIи́му	
class_suffix	a	цIимукIвамалаб	цIимукIвамала		цIимукIвамалаб		б	цIимукIвамалаб	attested	shape		чинёный	SA2012	54788	цIимукIва́малаб	
class_suffix	a	цIичIаб	цIичIа		цIичIаб		б	цIичIаб	attested	shape		пренебрежительный	AA2019	54795	цIичIа́б	
no_class	plain	цIцIайлIи	цIцIайлIи		цIцIайлIи			цIцIайлIи	attested	shape		краснозвёздный	AA2019	54833	цIцIа́йлIи	
no_class	lli	цIцIайлъи	цIцIайлъи		цIцIайлъи			цIцIайлъи	attested	shape		весовой	AA2019	54834	цIцIа́йлъи	
no_class	lli	цIцIайлълъи	цIцIайлълъи		цIцIайлълъи			цIцIайлълъи	attested	shape		веский	AA2019	54835	цIцIа́йлълъи	
class_suffix	u	цIцIайццуб	цIцIайццу		цIцIайццуб		б	цIцIайццуб	attested	shape		кучный	AA2019	54836	цIцIа́йццуб	
class_suffix	a	цIцIвакадаб	цIцIвакада		цIцIвакадаб		б	цIцIвакада=б	attested	notation		блестящий	AA2019	54863	цIцIва́када=б	
class_suffix	a	цIцIвакадаб	цIцIвакада		цIцIвакадаб		б	цIцIвакадаб	attested	shape		блестящий	SA2012	54864	цIцIвакада́б	
class_suffix	a	цIцIвакадаймалаб	цIцIвакадаймала		цIцIвакадаймалаб		б	цIцIвакадаймалаб	attested	shape		начищенный	SA2012	54869	цIцIвакада́ймалаб	
class_suffix	a	цIцIвакадаймалаб	цIцIвакадаймала		цIцIвакадаймалаб		б	цIцIвакадаймалаб	attested	shape		выструганный	SA2012	54870	цIцIвакада́ймалаб	
class_suffix	a	цIцIвакелалъаб	цIцIвакелалъа		цIцIвакелалъаб		б	цIцIвакелалъа=б	attested	notation		блестящий	AA2019	54877	цIцIвакелалъа=б	кл. жив.
class_suffix	xa	цIцIвакелахаб	цIцIвакелаха		цIцIвакелахоб		б	цIцIвакелахо=б	attested	notation	o-stem read as a-stem	блестящий	AA2019	54878	цIцIвакелахо=б	
class_suffix	xa	цIцIвакелахаб	цIцIвакелаха		цIцIвакелахоб		б	цIцIвакелахоб	attested	shape		блестящий	SA2012	54879	цIцIвакелахо́б	
mwe					цIцIваки бичIихичIаб				attested	space		немеркнущий	AA2019	54880	цIцIва́ки бичIихичIа́б	
no_class	plain	цIцIерелIи	цIцIерелIи		цIцIерелIи			цIцIерелIи	attested	shape		поименный	AA2019	54890	цIцIере́лIи	
class_suffix	a	цIцIериаᴴгьаб	цIцIериаᴴгьа		цIцIериаᴴгьаб		б	цIцIериаᴴгьа/б	attested	notation		прославленный	SA2012	54891	цIцIе́риаᴴгьа/б	
no_class	plain	цIцIикIкIабугъа	цIцIикIкIабугъа		цIцIикIкIабугъа			цIцIикIкIабугъа	attested	shape		подавляющий	AA2019	54909	цIцIи́кIкIабугъа	цIцIикIкIабугъа
class_suffix	xa	цIцIикIкIайхаб	цIцIикIкIайха		цIцIикIкIайхаб		б	цIцIикIкIайхаб	attested	shape		множительный	AA2019	54913	цIцIикIкIа́йхаб	
class_suffix	a	цIцIикIкIваймалаб	цIцIикIкIваймала		цIцIикIкIваймалаб		б	цIцIикIкIваймалаб	attested	shape		квашеный	AA2019	54918	цIцIикIкIва́ймалаб	
no_class	plain	цIцIикIкIу	цIцIикIкIу		цIцIикIкIу			цIцIикIкIу	attested	shape		писклявый	AA2019	54927	цIцIи́кIкIу	
no_class	plain	цIцIикIкIу	цIцIикIкIу		цIцIикIкIу			цIцIикIкIу	attested	shape		кислый	AA2019	54928	цIцIи́кIкIу	
no_class	plain	цIцIикIкIу	цIцIикIкIу		цIцIикIкIу			цIцIикIкIу	attested	shape		кислый	SA2012	54929	цIцIи́кIкIу	
mwe					цIцIикIкIу мицIцIа				attested	space		кисло-сладкий	AA2019	54931	цIцIи́кIкIу ми́цIцIа	
class_suffix	a	цIцIимдаймалаб	цIцIимдаймала		цIцIимдаймалаб		б	цIцIимдаймалаб	attested	shape		приталенный	SA2012	54941	цIцIимдаймала́б	
class_suffix	a	цIцIимдаймалаб	цIцIимдаймала		цIцIимдаймалаб		б	цIцIимдаймалаб	attested	shape		собранный в складки	SA2012	54942	цIцIимдаймала́б	
class_suffix	a	цIцIинкIкIаб	цIцIинкIкIа		цIцIинкIкIаб		б	цIцIинкIкIаб	attested	shape		чищенный	SA2012	54958	цIцIинкIкIа́б	
class_suffix	a	цIцIинкIкIаймалаб	цIцIинкIкIаймала		цIцIинкIкIаймалаб		б	цIцIинкIкIаймалаб	attested	shape		лущёный	AA2019	54963	цIцIинкIкIа́ймалаб	
class_suffix	xa	цIцIинкIкIайхаб	цIцIинкIкIайха		цIцIинкIкIайхаб		б	цIцIинкIкIайхаб	attested	shape		водоочистительный	AA2019	54965	цIцIинкIкIа́йхаб	
class_suffix	xa	цIцIинкIкIайхаб	цIцIинкIкIайха		цIцIинкIкIайхаб		б	цIцIинкIкIайхаб	attested	shape		обтирочный	AA2019	54966	цIцIинкIкIа́йхаб	
no_class	plain	цIцIинкIкIи	цIцIинкIкIи		цIцIинкIкIи			цIцIинкIкIи	attested	shape		чистоплотный	AA2019	54969	цIцIи́нкIкIи	
no_class	plain	цIцIинкIкIи	цIцIинкIкIи		цIцIинкIкIи			цIцIинкIкIи	attested	shape		чистый	SA2012	54975	цIцIи́нкIкIи	
no_class	plain	цIцIинкIкIи	цIцIинкIкIи		цIцIинкIкIи			цIцIинкIкIи	attested	shape		аккуратный	SA2012	54976	цIцIи́нкIкIи	
no_class	plain	цIцIинкIкIи	цIцIинкIкIи		цIцIинкIкIи			цIцIинкIкIи	attested	shape		честный	SA2012	54977	цIцIи́нкIкIи	
no_class	plain	цIцIинкIкIи	цIцIинкIкIи		цIцIинкIкIи			цIцIинкIкIи	attested	shape		чистый	AA2019	54978	цIцIи́нкIкIи	
no_class	plain	цIцIинкIкIи	цIцIинкIкIи		цIцIинкIкIи			цIцIинкIкIи	attested	shape		неопрятный	AA2019	54979	цIцIи́нкIкIи	
no_class	plain	цIцIинкIкIи	цIцIинкIкIи		цIцIинкIкIи			цIцIинкIкIи	attested	shape		настоящий	AA2019	54981	цIцIи́нкIкIи	
no_class	lli	цIцIирцIарлъи	цIцIирцIарлъи		цIцIирцIарлъи			цIцIирцIарлъи	attested	shape		визгливый	AA2019	55029	цIцIирцIа́рлъи	
class_infix	a	цIцIирцIцIабукIихаб	цIцIирцIцIа	укIиха	цIцIирцIцIабукIихаб	б	б	цIцIирцIцIабукIихаб	attested	notation		визгливый	SA2012	55030	цIцIирцIцIа/букIиха́б	
class_suffix	xa	цIцIирцIцIирисахаб	цIцIирцIцIирисаха		цIцIирцIцIирисахоб		б	цIцIирцIцIирисахоб	attested	shape		визгливый	SA2012	55036	цIцIирцIцIирисахо́б	
mwe					цIцIовуцIцIила ригъайхаб				attested	space		маетный	AA2019	55043	цIцIовуцIцIи́ла ригъа́йхаб	
no_class	lli	цIцIогьорирлъи	цIцIогьорирлъи		цIцIогьорирлъи			цIцIогьорирлъи	attested	shape		воровской	AA2019	55055	цIцIогьо́рирлъи	
class_suffix	a	цIцIойаб	цIцIойа		цIцIойаб		б	цIцIойаб	attested	shape		женский	SA2012	55058	цIцIо́йаб	
class_suffix	a	цIцIойаб	цIцIойа		цIцIойав		в	цIцIойав	attested	shape		женоподобный	AA2019	55060	цIцIо́йав	
class_suffix	a	цIцIойаб	цIцIойа		цIцIойав		в	цIцIойав	attested	shape		трусливый	AA2019	55061	цIцIо́йав	
no_class	lli	цIцIолъилълъи	цIцIолъилълъи		цIцIолъилълъи			цIцIолъилълъи	attested	shape		педерастический	AA2019	55064	цIцIолъи́лълъи	
class_suffix	a	цIцIомахIаб	цIцIомахIа		цIцIомахIаб		б	цIцIомахIа/б	attested	notation		трусливый	SA2012	55065	цIцIо́махIа/б	
class_suffix	a	цIцIомахIаб	цIцIомахIа		цIцIомахIаб		б	цIцIомахIа/б	attested	notation		женоподобный	SA2012	55066	цIцIо́махIа/б	
no_class	plain	цIцIудур	цIцIудур		цIцIудур			цIцIудур	attested	shape		умный	AA2019	55079	цIцIудур	
class_suffix	a	цIцIудураб	цIцIудура		цIцIудураб		б	цIцIудура/б	attested	notation		умный	SA2012	55082	цIцIуду́ра/б	
class_suffix	a	цIцIудураб	цIцIудура		цIцIудураб		б	цIцIудура/б	attested	notation		чуткий	SA2012	55083	цIцIуду́ра/б	
class_suffix	a	цIцIудураб	цIцIудура		цIцIудураб		б	цIцIудура=б	attested	notation		осторожный	AA2019	55084	цIцIудура=б	-о/-в, -ай,-ал
class_suffix	a	цIцIудураб	цIцIудура		цIцIудураб		б	цIцIудура=б	attested	notation		благоразумный	AA2019	55085	цIцIудура=б	-о/-в, -ай,-ал
no_class	plain	цIцIудухIма	цIцIудухIма		цIцIудухIма			цIцIудухIма	attested	shape		ряженый	SA2012	55092	цIцIуду́хIма	
no_class	plain	цIцIуку-биши	цIцIуку-биши		цIцIуку-биши			цIцIуку-биши	attested	shape		толстокожий	AA2019	55098	цIцIу́ку-би́ши	
class_suffix	u	цIцIукучIвессуб	цIцIукучIвессу		цIцIукучIвессуб		б	цIцIукучIвессуб	attested	shape		накожный	AA2019	55099	цIцIу́кучIвессуб	
class_suffix	xa	цIцIундихаб	цIцIундиха		цIцIундихаб		б	цIцIундихаб	attested	shape		промокательный	AA2019	55108	цIцIундиха́б	
class_suffix	a	цIцIундихичIаб	цIцIундихичIа		цIцIундихичIаб		б	цIцIундихичIаб	attested	shape		водонепроницаемый	AA2019	55109	цIцIу́ндихичIаб	
class_suffix	a	цIцIункIкIаймалаб	цIцIункIкIаймала		цIцIункIкIаймалаб		б	цIцIункIкIаймалаб	attested	shape		заостренный	SA2012	55116	цIцIункIкIа́ймалаб	
class_suffix	xa	цIцIункIкIайхаб	цIцIункIкIайха		цIцIункIкIайхаб		б	цIцIункIкIайхаб	attested	shape		перочинный	AA2019	55117	цIцIункIкIайха́б	
no_class	plain	цIцIункIкIи	цIцIункIкIи		цIцIункIкIи			цIцIункIкIи	attested	shape		острый	AA2019	55122	цIцIу́нкIкIи	
no_class	plain	цIцIункIкIи	цIцIункIкIи		цIцIункIкIи			цIцIункIкIи	attested	shape		конический	AA2019	55123	цIцIу́нкIкIи	
no_class	plain	цIцIункIкIи	цIцIункIкIи		цIцIункIкIи			цIцIункIкIи	attested	shape		острый	SA2012	55124	цIцIу́нкIкIи	
cited_only	gen_relational	цIцIуралуб	цIцIуралуб		цIцIуралуб			цIцIуралуб	attested	shape		грузинский	AA2019	55135	цIцIу́ралуб	
class_suffix	a	цIцIурдаб	цIцIурда		цIцIурдаб		б	цIцIурда/б	attested	notation		процеженный	SA2012	55138	цIцIурда́/б	
class_suffix	xa	цIцIурдихаб	цIцIурдиха		цIцIурдихаб		б	цIцIурдихаб	attested	shape		обжимный	AA2019	55144	цIцIурдиха́б	
class_suffix	xa	цIцIурдихаб	цIцIурдиха		цIцIурдихаб		б	цIцIурдихаб	attested	shape		давильный	AA2019	55145	цIцIурдиха́б	
cited_only	other	це-це/б	це-це		це-цеб			це-це/б	attested	notation	stem does not end in -а/-у	иное	SA2012	55150	це-це́/б	
class_internal	ceb	цебда	цебда		цебда			цебда	attested	hint		одинаковый	AA2019	55167	це́бда	цевда, цейда, целда
class_internal	ceb	цебда	цебда		цебда			цебда	attested	hint		общий	AA2019	55168	це́бда	цевда, цейда, целда
class_internal	ceb	цебда	цебда		цебда			цебда	attested	hint		равный	AA2019	55169	це́бда	цевда, цейда, целда
class_internal	ceb	цебда	цебда		цебда			цебда	attested	hint		единый	AA2019	55170	це́бда	цевда, цейда, целда
cited_only	other	цебда-цеб	цебда-цеб		цебда-цеб			цебда-цеб	attested	hint	цебда-compound: class forms not generated	единственный	AA2019	55171	це́бда-цеб	цевда-цев, цейда-цей
no_class	plain	цебда-цеб	цебда-цеб		цебда-цеб			цебда-цеб	attested	shape		единственный	SA2012	55174	це́бда-цеб	
class_suffix	u	цебдаццуб	цебдаццу		цебдаццуб		б	цебдаццуб	attested	shape		подобный	AA2019	55177	це́бдаццуб	
class_suffix	xa	цебихаб	цебиха		цебихоб		б	цебихоб	attested	shape		первый	SA2012	55182	цебихо́б	
no_class	lli	цебкъайдалъи	цебкъайдалъи		цебкъайдалъи			цебкъайдалъи	attested	shape		однотипный	SA2012	55185	цебкъайда́лъи	
no_class	plain	цеблIи	цеблIи		цеблIи			цеблIи	attested	shape		одинарный	AA2019	55186	це́блIи	цевлIу, цейлIи, целлIу
no_class	plain	цебла	цебла		цебла			цебла	attested	shape		другой	AA2019	55189	це́бла	
no_class	plain	цебла	цебла		цебла			цебла	attested	shape		другой	SA2012	55192	це́бла	
no_class	plain	цеблада	цеблада		цеблада			цеблада	attested	shape		другой	SA2012	55196	цебла́да	
no_class	plain	цебтайпалIи	цебтайпалIи		цебтайпалIи			цебтайпалIи	attested	shape		однотипный	AA2019	55208	цебтайпа́лIи	
mwe					цев алащуй бужир				attested	space		единобожие	AA2019	55215	цев ала́щуй бу́жир	
class_suffix	a	цевлагучIаб	цевлагучIа		цевлагучIо		в	цевлагучIо	attested	shape		неподражаемый	AA2019	55216	це́влагучIо	
class_suffix	a	цегъаб	цегъа		цегъаб		б	цегъ/аб	attested	notation		другой	SA2012	55218	цегъ/а́б	
class_suffix	u	целццуб	целццу		целццуб		б	целццуб	attested	shape		все как один	AA2019	55225	целццуб	
class_suffix	a	цемикъидигучIаб	цемикъидигучIа		цемикъидигучIаб		б	цемикъидигучIаб	attested	shape		неоднократный	AA2019	55227	це́микъидигучIаб	
no_class	lli	цилилъи	цилилъи		цилилъи			цилилъи	attested	shape		опорный	AA2019	55230	ци́лилъи	
class_suffix	a	цокIалаб	цокIала		цокIалаб		б	цокIалаб	attested	shape		однородный	SA2012	55231	цо́кIалаб	
class_suffix	u	ццибурлъиссуб	ццибурлъиссу		ццибурлъиссуб		б	ццибурлъиссуб	attested	shape		озимый	AA2019	55246	ццибу́рлъиссуб	
class_suffix	u	ццибурулъиссуб	ццибурулъиссу		ццибурулъиссуб		б	ццибурулъиссуб	attested	shape		зимний	SA2012	55257	ццибуру́лъиссуб	
cited_only	gen_relational	цциганалуб	цциганалуб		цциганалуб			цциганалуб	attested	shape		цыганский	AA2019	55270	ццига́налуб	
no_class	lli	цциццилъи	цциццилъи		цциццилъи			цциццилъи	attested	shape		хороший	AA2019	55285	цци́ццилъи	дет.
no_class	lli	цциццилъи	цциццилъи		цциццилъи			цциццилъи	attested	shape		хороший	SA2012	55287	цци́ццилъи	
no_class	lli	ццуралалъи	ццуралалъи		ццуралалъи			ццуралалъи	attested	shape		серый	SA2012	55307	ццура́лалъи	
no_class	plain	чIабакъи	чIабакъи		чIабакъи			чIабакъи	attested	shape		непрочный	SA2012	55317	чIаба́къи	
class_suffix	xa	чIабдихаб	чIабдиха		чIабдихаб		б	чIабдихаб	attested	shape		вязкий	AA2019	55338	чIа́бдихаб	чIабдихаб
no_class	plain	чIабтIи	чIабтIи		чIабтIи			чIабтIи	attested	shape		низкий	AA2019	55345	чIа́бтIи	
no_class	plain	чIабтIи	чIабтIи		чIабтIи			чIабтIи	attested	shape		низкий	SA2012	55347	чIа́бтIи	
class_suffix	xa	чIабчIахаб	чIабчIаха		чIабчIахоб		б	чIабчIахоб	attested	shape		липкий	SA2012	55353	чIабчIахо́б	
class_suffix	a	чIагагучIаб	чIагагучIа		чIагагучIо		в	чIагагучIо	attested	hint		неживой	AA2019	55354	чIа́гагучIо	-ай, -аб,-ал
mwe					чIагвала гучIа виъала				attested	space		ни жив ни мертв	AA2019	55355	чIа́гвала гу́чIа ви́ъала	
class_suffix	a	чIагойаб	чIагойа		чIагойаб		б	чIагойа/б	attested	notation		живой	SA2012	55366	чIа́гойа/б	
class_suffix	a	чIагойаб	чIагойа		чIагойав		в	чIагойав	attested	hint		живой	AA2019	55367	чIа́гойав	-ай, -аб, -ал
class_suffix	xa	чIагьайхаб	чIагьайха		чIагьайхаб		б	чIагьайхаб	attested	shape		занимательный	AA2019	55373	чIагьа́йхаб	
class_suffix	a	чIалатIаб	чIалатIа		чIалатIаб		б	чIалатIаб	attested	shape		поротый	SA2012	55381	чIалатIа́б	
class_suffix	a	чIалатIаймалаб	чIалатIаймала		чIалатIаймалаб		б	чIалатIаймалаб	attested	shape		распоротый	SA2012	55383	чIалатIа́ймалаб	
class_suffix	a	чIамучIаб	чIамучIа		чIамучIаб		б	чIамучIа/б	attested	notation		скучный	SA2012	55392	чIаму́чIа/б	
class_suffix	a	чIамучIаб	чIамучIа		чIамучIаб		б	чIамучIаб	attested	shape		забитый	AA2019	55393	чIаму́чIаб	
class_suffix	xa	чIамучIайхаб	чIамучIайха		чIамучIайхаб		б	чIамучIайхаб	attested	hint		назойливый	AA2019	55395	чIамучIа́йхаб	-о, -ай, -ал
class_suffix	a	чIамучIивлъаб	чIамучIивлъа		чIамучIивлъо		в	чIамучIивлъо	attested	shape		вялый	AA2019	55397	чIа́мучIивлъо	
class_suffix	a	чIамчIадаб	чIамчIада		чIамчIадаб		б	чIамчIадаб	attested	shape		жеваный	AA2019	55401	чIа́мчIадаб	
class_suffix	xa	чIамчIадихаб	чIамчIадиха		чIамчIадихо		в	чIамчIадихо	attested	hint		жевательный	AA2019	55405	чIа́мчIадихо	-ай, -аб, -ал
class_suffix	xa	чIамчIадихаб	чIамчIадиха		чIамчIадихо		в	чIамчIадихо	attested	hint		жвачный	AA2019	55406	чIа́мчIадихо	-ай, -аб, -ал
no_class	lli	чIарахъанлъилъи	чIарахъанлъилъи		чIарахъанлъилъи			чIарахъанлъилъи	attested	shape		повивальный	AA2019	55425	чIара́хъанлъилъи	
class_suffix	xa	чIаргIайхаб	чIаргIайха		чIаргIайхо		в	чIаргIайхо	attested	hint		томительный	AA2019	55429	чIаргIайхо́	-ай, -аб, -ал
class_suffix	a	чIаргIалъаб	чIаргIалъа		чIаргIалъаб		б	чIаргIалъ/аб	attested	notation		надоевший	SA2012	55430	чIаргIалъ/а́б	
class_suffix	xa	чIаргIахаб	чIаргIаха		чIаргIахоб		б	чIаргIахоб	attested	shape		надоевший	SA2012	55432	чIаргIахо́б	
class_suffix	xa	чIаргIихаб	чIаргIиха		чIаргIихаб		б	чIаргIихаб	attested	shape		скучный	AA2019	55438	чIа́ргIихаб	
class_suffix	xa	чIарчIахаб	чIарчIаха		чIарчIахоб		б	чIарчIахоб	attested	shape		мокнущий	SA2012	55451	чIарчIахо́б	
class_suffix	a	чIваркьадаб	чIваркьада		чIваркьадов		в	чIваркьад/ов	attested	notation		бойкий	SA2012	55469	чIваркьад/о́в	
class_suffix	xa	чIварчIвадилахаб	чIварчIвадилаха		чIварчIвадилахоб		б	чIварчIвадилахоб	attested	shape		ненастный	AA2019	55472	чIварчIвади́лахоб	
no_class	plain	чIиква-чIиквар	чIиква-чIиквар		чIиква-чIиквар			чIиква-чIиквар	attested	shape		красивый	SA2012	55479	чIиква́-чIиква́р	
no_class	plain	чIиквар	чIиквар		чIиквар			чIиквар	attested	shape		красивый	AA2019	55480	чIиква́р	
no_class	plain	чIиквар	чIиквар		чIиквар			чIиквар	attested	shape		красивый	SA2012	55482	чIиква́р	
no_class	plain	чIиквар	чIиквар		чIиквар			чIиквар	attested	shape		хороший	SA2012	55483	чIиква́р	
mwe					чIиквар гучIо				attested	space		некрасивый	AA2019	55484	чIиква́р гучIо	-ай, -аб, -ал
no_class	plain	чIила	чIила		чIила			чIила	attested	shape		кривой	SA2012	55504	чIи́ла	
class_suffix	a	чIилагъаб	чIилагъа		чIилагъаб		б	чIилагъаб	attested	shape		левый	AA2019	55507	чIилагъа́б	
class_suffix	a	чIилагъаб	чIилагъа		чIилагъаб		б	чIилагъаб	attested	shape		левый	SA2012	55510	чIилагъа́б	
class_suffix	a	чIиндаб	чIинда		чIиндаб		б	чIиндаб	attested	shape		рубленый	SA2012	55514	чIинда́б	
no_class	plain	чIунгъа	чIунгъа		чIунгъа			чIунгъа	attested	shape		соленый	SA2012	55564	чIу́нгъа	
class_suffix	a	чIунтаб	чIунта		чIунтаб		б	чIунта/б	attested	notation		ветхий	SA2012	55575	чIунта́/б	
class_suffix	a	чIунтаб	чIунта		чIунтаб		б	чIунта/б	attested	notation		испорченный	SA2012	55576	чIунта́/б	
class_suffix	a	чIунтаб	чIунта		чIунтаб		б	чIунтаб	attested	shape		неисправный	AA2019	55577	чIунта́б	
class_suffix	a	чIунтичIаб	чIунтичIа		чIунтичIаб		б	чIунтичIаб	attested	shape		исправный	AA2019	55584	чIунтичIа́б	
no_class	plain	чIунтичIада	чIунтичIада		чIунтичIада			чIунтичIада	attested	shape		в исправленном виде	AA2019	55585	чIунтичIада	
class_suffix	a	чIурканаб	чIуркана		чIурканаб		б	чIуркана/б	attested	notation		изящный	SA2012	55587	чIурка́на/б	
class_suffix	a	чIурканаб	чIуркана		чIурканаб		б	чIурканаб	attested	shape		изысканный	AA2019	55588	чIурка́наб	
class_suffix	a	чIурхIаб	чIурхIа		чIурхIаб		б	чIурхI/аб	attested	notation		высокомерный	SA2012	55591	чIурхI/а́б	
class_suffix	a	чIурхIаб	чIурхIа		чIурхIав		в	чIурхIав	attested	hint		важный	AA2019	55595	чIу́рхIав	-ай, -аб, -ал
class_suffix	xa	чIурхIирихаб	чIурхIириха		чIурхIирихоб		б	чIурхIирихоб	attested	shape		декоративный	AA2019	55598	чIу́рхIирихоб	
no_class	lli	чIурхIирлъи	чIурхIирлъи		чIурхIирлъи			чIурхIирлъи	attested	shape		величавый	AA2019	55599	чIу́рхIирлъи	
class_suffix	a	чIурхIаб	чIурхIа		чIурхIо		в	чIурхIо	attested	hint	guess_o	горделивый	AA2019	55600	чIу́рхIо	-ай, -аб, -ал
class_suffix	a	чIчIабдаб	чIчIабда		чIчIабдаб		б	чIчIабдаб	attested	shape		напечатанный	SA2012	55618	чIчIабда́б	
class_suffix	a	чIчIабдаб	чIчIабда		чIчIабдаб		б	чIчIабдаб	attested	shape		битый	SA2012	55619	чIчIабда́б	
class_suffix	xa	чIчIабдихаб	чIчIабдиха		чIчIабдихаб		б	чIчIабдихаб	attested	shape		водонапорный	AA2019	55630	чIчIабдиха́б	
class_suffix	a	чIчIабдичIаб	чIчIабдичIа		чIчIабдичIаб		б	чIчIабдичIаб	attested	shape		нехоженный	AA2019	55631	чIчIабдичIа́б	
class_suffix	a	чIчIаддаб	чIчIадда		чIчIаддаб		б	чIчIаддаб	attested	shape		см. чIчIабда́б	SA2012	55636	чIчIадда́б	
class_suffix	u	чIчIидурассуб	чIчIидурассу		чIчIидурассуб		б	чIчIидурассуб	attested	shape		далекий	AA2019	55688	чIчIи́дурассуб	
class_suffix	u	чIчIидурахиссуб	чIчIидурахиссу		чIчIидурахиссуб		б	чIчIидурахиссу/б	attested	notation		далекий	SA2012	55693	чIчIидура́хиссу/б	
class_suffix	a	чIчIидурегучIаб	чIчIидурегучIа		чIчIидурегучIаб		б	чIчIидурегучIаб	attested	hint		недалекий	AA2019	55697	чIчIи́дурегучIаб	-о, -ай, -ал
class_suffix	u	чIчIидурессуб	чIчIидурессу		чIчIидурессуб		б	чIчIидурессуб	attested	hint		отдаленный	AA2019	55699	чIчIидуре́ссуб	-у, -уй, -ул
class_suffix	u	чIчIидуссуб	чIчIидуссу		чIчIидуссуб		б	чIчIидуссу/б	attested	notation		далекий	SA2012	55700	чIчIи́дуссу/б	
class_suffix	u	чIчIидуссуб	чIчIидуссу		чIчIидуссуб		б	чIчIидуссуб	attested	hint		дальний	AA2019	55701	чIчIидуссуб	-у, -уй, -ул
class_suffix	a	чIчIинтIаб	чIчIинтIа		чIчIинтIаб		б	чIчIинтIаб	attested	shape		см. чIчIирда́б	SA2012	55703	чIчIи́нтIаб	
class_suffix	a	чIчIирдаб	чIчIирда		чIчIирдаб		б	чIчIирдаб	attested	shape		сплющенный	SA2012	55713	чIчIирда́б	
class_suffix	a	чIчIирдаб	чIчIирда		чIчIирдаб		б	чIчIирдаб	attested	shape		давленый	AA2019	55714	чIчIи́рдаб	
class_suffix	xa	чIчIутIуххаб	чIчIутIухха		чIчIутIуххаб		б	чIчIутIуххаб	attested	shape		прыщавый	SA2012	55730	чIчIутIу́ххаб	
class_suffix	xa	чабдихаб	чабдиха		чабдихаб		б	чабдихаб	attested	shape		рассыпчатый	AA2019	55745	чабдиха́б	
class_suffix	xa	чадайхаб	чадайха		чадайхаб		б	чадайхаб	attested	shape		излечимый	AA2019	55774	чада́йхаб	
class_suffix	xa	чадихаб	чадиха		чадихаб		б	чадихаб	attested	shape		излечимый	AA2019	55782	чадиха́б	
class_suffix	a	чадихичIаб	чадихичIа		чадихичIаб		б	чадихичIаб	attested	shape		неизлечимый	AA2019	55783	чадихичIа́б	
class_suffix	a	чаймалаб	чаймала		чаймалаб		б	чаймалаб	attested	shape		кованый	AA2019	55786	ча́ймалаб	
class_suffix	a	чалухъаб	чалухъа		чалухъаб		б	чалухъа/б	attested	notation		кокетливый	SA2012	55809	чалу́хъа/б	
class_suffix	a	чалухъаб	чалухъа		чалухъаб		б	чалухъа/б	attested	notation		влюбчивый	SA2012	55810	чалу́хъа/б	
class_suffix	a	чалухъаб	чалухъа		чалухъав		в	чалухъав	attested	shape		влюбчивый	AA2019	55811	чалу́хъав	
no_class	lli	чаналъи	чаналъи		чаналъи			чаналъи	attested	shape		охотничий	SA2012	55845	чана́лъи	
no_class	plain	чара	чара		чара			чара	attested	shape		жирный	AA2019	55871	чара	
no_class	plain	чара	чара		чара			чара	attested	shape		толстый	SA2012	55872	ча́ра	
no_class	plain	чара-хара	чара-хара		чара-хара			чара-хара	attested	shape		толстый	AA2019	55874	ча́ра-ха́ра	
no_class	plain	чарарлIи	чарарлIи		чарарлIи			чарарлIи	attested	shape		жировой	AA2019	55883	ча́рарлIи	
cited_only	gen_relational	чачаналуб	чачаналуб		чачаналуб			чачаналуб	attested	shape		чеченский	AA2019	55924	чача́налуб	
class_suffix	a	чергесаб	чергеса		чергесав		в	чергесав	attested	hint		грациозный	AA2019	55953	черге́сав	-ай, -аб, -ал
class_suffix	a	чергессаб	чергесса		чергессаб		б	чергесса/б	attested	notation		стройный	SA2012	55955	черге́сса/б	
cited_only	gen_relational	черкесалуб	черкесалуб		черкесалуб			черкесалуб	attested	shape		черкесский	AA2019	55958	черке́салуб	
cited_only	gen_relational	чехалуб	чехалуб		чехалуб			чехалуб	attested	shape		чешский	AA2019	55963	че́халуб	
cited_only	gen_relational	чехаславакалуб	чехаславакалуб		чехаславакалуб			чехаславакалуб	attested	shape		чехословацкий	AA2019	55965	чехаслава́калуб	
class_suffix	xa	чибчахаб	чибчаха		чибчахоб		б	чибчахоб	attested	shape		встрёпанный	AA2019	55980	чибчахоб	
class_suffix	xa	чибчахаб	чибчаха		чибчахоб		б	чибчахоб	attested	shape		растрепанный	SA2012	55981	чибчахо́б	
no_class	lli	чилайлъи	чилайлъи		чилайлъи			чилайлъи	attested	shape		шелковый	AA2019	56002	чила́йлъи	
no_class	lli	чинкубалъи	чинкубалъи		чинкубалъи			чинкубалъи	attested	shape		рваньё	AA2019	56015	чи́нкубалъи	
no_class	lli	читилъи	читилъи		читилъи			читилъи	attested	shape		ситцевый	SA2012	56035	чи́тилъи	
class_suffix	xa	чихаб	чиха		чихаб		б	чихаб	attested	shape		возвратный	AA2019	56036	чи́хаб	
class_suffix	a	чорокаб	чорока		чорокаб		б	чорокаб	attested	shape		небрежный	AA2019	56043	чоро́каб	
class_suffix	a	чорокаб	чорока		чорокаб		б	чорокаб	attested	shape		грязный	SA2012	56045	чоро́каб	
class_suffix	a	чорокаймалаб	чорокаймала		чорокаймалаб		б	чорокаймалаб	attested	shape		измызганный	AA2019	56048	чорока́ймалаб	
cited_only	other	чусс/а			чусса			чусс/а	attested	notation?	unparsed class notation	высокий	SA2012	56087	чу́сс/а	
no_class	plain	чучи	чучи		чучи			чучи	attested	shape		шаткий	AA2019	56114	чу́чи	
no_class	plain	чучи	чучи		чучи			чучи	attested	shape		слабый	SA2012	56116	чу́чи	
no_class	plain	чучи	чучи		чучи			чучи	attested	shape		свободный	SA2012	56117	чу́чи	
class_suffix	a	чучихичIаб	чучихичIа		чучихичIаб		б	чучихичIаб	attested	hint		незыблемый	AA2019	56120	чучихичIа́б	-о, -ай, -ал
class_suffix	a	ччаккваб	ччакква		ччаккваб		б	ччаккваб	attested	shape		пожелтелый	AA2019	56127	ччакква́б	
no_class	plain	ччакку	ччакку		ччакку			ччакку	attested	shape		желтый	AA2019	56130	чча́кку	
no_class	plain	ччакку	ччакку		ччакку			ччакку	attested	shape		желтый	SA2012	56132	чча́кку	
class_suffix	u	ччаккуццуб	ччаккуццу		ччаккуццуб		б	ччаккуццуб	attested	shape		желтоватый	SA2012	56142	чча́ккуццуб	
class_suffix	a	шабигьаб	шабигьа		шабигьаб		б	шабигьаб	attested	shape		кастрированный	SA2012	56186	шабигьа́б	
no_class	lli	шаллъи	шаллъи		шаллъи			шаллъи	attested	shape		шерстяной	SA2012	56217	ша́ллъи	
class_suffix	a	шамдиргучIаб	шамдиргучIа		шамдиргучIаб		б	шамдиргучIаб	attested	shape		беспрерывный	AA2019	56232	ша́мдиргучIаб	
class_suffix	a	шаналакваб	шаналаква		шаналакваб		б	шаналакваб	attested	shape		вонючий	SA2012	56255	шаналаква́б	
class_suffix	a	шаналакваб	шаналаква		шаналакваб		б	шаналакваб	attested	shape		вонючий	AA2019	56256	шана́лакваб	
no_class	lli	шахматабалъилъи	шахматабалъилъи		шахматабалъилъи			шахматабалъилъи	attested	shape		шахматный	AA2019	56290	ша́хматабалъилъи	
no_class	lli	шахталъи	шахталъи		шахталъи			шахталъи	attested	shape		шахтный	AA2019	56292	ша́хталъи	
class_suffix	xa	шундихаб	шундиха		шундихаб		б	шундихаб	attested	shape		нюхательный	AA2019	56339	шундиха́б	
class_suffix	xa	шуршахаб	шуршаха		шуршахоб		б	шуршахоб	attested	shape		трепетный	AA2019	56349	шуршахо́б	
class_suffix	xa	шушуривхаб	шушуривха		шушуривхоб		б	шушуривхоб	attested	shape		обветшалый	SA2012	56353	шушу́ривхоб	
no_class	lli	щагъалъи	щагъалъи		щагъалъи			щагъалъи	attested	shape		озорной	AA2019	56359	ща́гъалъи	
no_class	lli	щайитIалъи	щайитIалъи		щайитIалъи			щайитIалъи	attested	shape		чертов	AA2019	56363	щайи́тIа(н)лъи	
no_class	lli	щайитIанлъи	щайитIанлъи		щайитIанлъи			щайитIанлъи	variant	shape		чертов	AA2019	56363	щайи́тIа(н)лъи	
no_class	lli	щайитIалъи	щайитIалъи		щайитIалъи			щайитIалъи	attested	shape		моллюсковый	AA2019	56364	щайи́тIа(н)лъи	
no_class	lli	щайитIанлъи	щайитIанлъи		щайитIанлъи			щайитIанлъи	variant	shape		моллюсковый	AA2019	56364	щайи́тIа(н)лъи	
class_suffix	a	щакаб	щака		щакаб		б	щакаб	attested	shape		сомнительный	AA2019	56380	ща́каб	
class_suffix	a	щакаб	щака		щакаб		б	щакаб	attested	shape		сомнительный	SA2012	56382	ща́каб	
mwe					щакакила вукIихо				attested	space		ревнивый	AA2019	56384	щакаки́ла вукIихо́	
class_infix	a	щакакилабагьихаб	щакакила	агьиха	щакакилавагьихов	в	в	щакакилавагьихов	attested	notation		ревнивый	SA2012	56385	щакаки́ла/вагьихо́в	
class_infix	a	щакакилабагьихаб	щакакила	агьиха	щакакилавагьихов	в	в	щакакилавагьихов	attested	notation		мнительный	SA2012	56386	щакаки́ла/вагьихо́в	
class_suffix	a	щаклъигучIаб	щаклъигучIа		щаклъигучIаб		б	щаклъигучIаб	attested	shape		несомненный	AA2019	56402	щаклъи́гучIаб	
no_class	lli	щакъилъи	щакъилъи		щакъилъи			щакъилъи	attested	shape		чернильный	AA2019	56414	щакъи́лъи	
class_suffix	a	щарщадаб	щарщада		щарщадаб		б	щарщадаб	attested	shape		раскидистый	AA2019	56452	щарщада́б	
no_class	lli	щекIелълъи	щекIелълъи		щекIелълъи			щекIелълъи	attested	shape		жилистый	SA2012	56462	щекIе:лълъи	
mwe					щив икку борчIаб				attested	space		поёный	AA2019	56483	щив и́кку борчIа́б	
class_suffix	a	щинтIаб	щинтIа		щинтIо		в	щинтIо	attested	shape	guess_o	хилый	AA2019	56502	щинтIо́	
class_suffix	a	щинтIаб	щинтIа		щинтIо		в	щинтIо	attested	shape	guess_o	унылый	AA2019	56503	щинтIо́	
class_suffix	a	щирдаб	щирда		щирдаб		б	щирдаб	attested	shape		гнутый	AA2019	56508	щи́рдаб	
no_class	lli	щирулъи	щирулъи		щирулъи			щирулъи	attested	shape		восковой	AA2019	56522	щиру́лъи	
no_class	plain	щокъи	щокъи		щокъи			щокъи	attested	shape		больной	SA2012	56535	що́къи	
class_suffix	a	щулийаб	щулийа		щулийаб		б	щулийа/б	attested	notation		прочный	SA2012	56565	щули́йа/б	
class_suffix	a	щулийаб	щулийа		щулийаб		б	щулийаб	attested	shape		прочный	AA2019	56566	щули́йаб	
class_suffix	a	щущадаб	щущада		щущадаб		б	щущадаб	attested	shape		распространенный	AA2019	56586	щущада́б	
class_suffix	xa	щущадайхаб	щущадайха		щущадайхаб		б	щущадайхаб	attested	shape		распространительный	AA2019	56588	щущадайха́б	
class_suffix	u	эгьелиссуб	эгьелиссу		эгьелиссуб		б	эгьелиссу/б	attested	notation		сегодняшний	SA2012	56657	эгьели́ссу/б	
class_suffix	xa	экIвайхаб	экIвайха		экIвайхаб		б	экIвайхаб	attested	shape		экономичный	AA2019	56664	экIва́йхаб	
no_class	plain	экIу	экIу		экIу			экIу	attested	shape		лишний	AA2019	56666	э́кIу	
no_class	plain	экIу	экIу		экIу			экIу	attested	shape		лишний	SA2012	56668	э́кIу	
no_class	plain	экIу-секIу	экIу-секIу		экIу-секIу			экIу-секIу	attested	shape		см. э́кIу	AA2019	56670	э́кIу-се́кIу	
class_suffix	xa	экIуйхаб	экIуйха		экIуйхаб		б	экIуйхаб	attested	shape		экономный	AA2019	56673	экIу́йхаб	
cited_only	other	эм/и			эми			эм/и	attested	notation?	unparsed class notation	широкий	SA2012	56692	э́м/и	
mwe					эргалъи гучIаб				attested	space		внеплановый	AA2019	56736	эрга́лъи гу́чIаб	
no_class	plain	эрзагIан	эрзагIан		эрзагIан			эрзагIан	attested	shape		значительный	AA2019	56738	э́рзагIан	
mwe					эрзангIан интереслIи				attested	space		небезынтересный	AA2019	56743	э́рзангIан интере́слIи	
class_suffix	a	эркенаб	эркена		эркенаб		б	эркена/б	attested	notation		просторный	SA2012	56748	эрке́на/б	
class_suffix	a	эркенаб	эркена		эркенаб		б	эркена/б	attested	notation		вольный	SA2012	56749	эрке́на/б	
class_suffix	a	эркенаб	эркена		эркенав		в	эркенав	attested	hint		свободный	AA2019	56750	эрке́нав	-аб
class_suffix	xa	эркенихаб	эркениха		эркенихаб		б	эркенихаб	attested	shape		освободительный	AA2019	56759	эрке́нихаб	
cited_only	gen_relational	эрманийалуб	эрманийалуб		эрманийалуб			эрманийалуб	attested	shape		армянский	AA2019	56763	э́рманийалуб	
class_suffix	u	эрхадалиссуб	эрхадалиссу		эрхадалиссуб		б	эрхадалиссуб	attested	shape		вечерний	SA2012	56768	эрха́далиссуб	
class_suffix	u	эршинассуб	эршинассу		эршинассуб		б	эршинассуб	attested	shape		см. гьершинассуб	SA2012	56770	эрши́нассуб	
