lemma	gloss	sources	orig	pl_hint	gen_hint
аᴴгьайр	извещение	AA2019	а́ᴴгьайр		-лъи
аᴴгьар	сообщение	SA2012	а́ᴴгьар		
аᴴгьир	слышимость | слух | ослышка	AA2019+SA2012	а́ᴴгьир		-лъи
абабе	пузырник вздутоплотный	SA2012	а́бабе		
абадул-абад	вечность	AA2019	а́бадул-а́бад		-илъи
абазинав	абазинец	SA2012	абази́нав		
абазинай	абазинка	SA2012	абази́най		
абазинал	абазины	SA2012	абази́нал		
абарона	оборона	AA2019	абаро́на	-е	-лъи
абир	см. гъа́бир	SA2012	а́бир		
абйавлени	объявление	AA2019	абйавле́ни	-йабалъи	-лъи
аборт	аборт	AA2019	або́рт	-абалъи	-алъи
абтабус	автобус	SA2012	абта́бус		
абтамат	автомат	SA2012	абтама́т		
абтаручка	авторучка	SA2012	абтару́чка		
абтека	аптека	SA2012	абте́ка		
абхазав	абхазец	SA2012	абха́зав		
абхазай	абхазка	SA2012	абха́зай		
абхазал	абхазцы	SA2012	абха́зал		
аваданабир	см. авадани́ | см. авада́нлъи	SA2012	авада́набир		
аваданлъи	простор | щедрость | веселый	AA2019+SA2012	авада́нлъи		
авал	квартал | округ	SA2012	ава́л		
авал-ахир	конец света | начало и конец	AA2019+SA2012	ава́л-ахи́р		
аванс	аванс	SA2012	ава́нс		
авара	помеха | затруднение	AA2019+SA2012	ава́ра		-лъи,
авараг	пророк	AA2019+SA2012	ава́раг		-де,
авари	авария	AA2019+SA2012	ава́ри		-лъи,
август	август	SA2012	а́вгуст		
авиапуч	авиапочта	AA2019	а́виапуч		-илъи,
авлахъ	равнина | простор | неосвоенная земля	AA2019+SA2012	авла́хъ		-алъи,
автабиограпи	автобиография	AA2019	автабиогра́пи		-йалъи,
автамабил	автомобиль	AA2019	автамаби́л		-илъи,
автамат	автомат	AA2019	автама́т		-илъи,
автамашина	автомашина	AA2019	автамаши́на		-лъи,
автаручка	авторучка	AA2019	автару́чка		-лъи,
автобус	автобус	AA2019	авто́бус		-илъи,
авчарка	овчарка	AA2019	авча́рка		-лъи,
агарод	огород	AA2019	агаро́д		-алъи,
агиба	рожь	SA2012	аги́ба		
аграном	агроном	AA2019+SA2012	аграно́м		-илъи,
аграномлъи	профессия агронома	SA2012	аграно́млъи		
агулав	агулец	SA2012	агу́лав		
агулай	агулка	SA2012	агу́лай		
агулал	агулы	SA2012	агу́лал		
агъаз	внимание	AA2019+SA2012	агъа́з		-алъи
агьлу	народ | семейство	AA2019+SA2012	а́гьлу	агьлве	агьлулъи
адаб	уважение	AA2019+SA2012	ада́б		-илъи
адаб-хIурмат	уважение	SA2012	ада́б-хIурма́т		
адаб-хъатир	уважение | галантность | вежливость	AA2019+SA2012	ада́б-хъати́р		-алъи
адаб-хъулухъ	почести	AA2019	ада́б-хъулу́хъ		-алъи,
адабийат	литература	SA2012	ада́бийат		
адагъва	заплечная сумка | сумка нищего | сума	AA2019+SA2012	ада́гъва	-балъи	-лъи
адам	человек	AA2019+SA2012	ада́м	-ал	-илъи
адамал	люди | человечество	SA2012	ада́мал	1)	
адамлъи	гуманизм	AA2019	ада́млъи		
адвакат	адвокат	SA2012	адвака́т		
адвакатлъи	профессия адвоката	SA2012	адвака́тлъи		
аддел	отдел	AA2019+SA2012	адде́л	-де	-алъи
адделени	отделение	AA2019	адделе́ни	-йабалъи	-лъи
адделенийа	отделение	SA2012	адделе́нийа		
аджарав	аджарец	SA2012	аджа́рав		
аджарай	аджарка	SA2012	аджа́рай		
аджарал	аджарцы	SA2012	аджа́рал		
адигейав	адыгеец	SA2012	адиге́йав		
адигейай	адыгейка	SA2012	адиге́йай		
адигейал	адыгейцы	SA2012	адиге́йал		
адигейцав	адыгеец	AA2019	адиге́йцав	-ал	-щуб,
адийал	одеяло	AA2019+SA2012	адийа́л	-де	-илъи
адикалон	одеколон	AA2019+SA2012	адикало́н	-де	-илъи
адинмчIу	название садовой местности	AA2019	ади́н(м)чIу		
адинчIу	название садовой местности	AA2019	ади́н(м)чIу		
адиночка	одиночка	AA2019	адино́чка	-балъи	-лъи
адрис	адрес	AA2019+SA2012	а́дрис	-де	-алъи
азайскабалъи	старый вид легкой обуви	AA2019	аза́йскабалъи	старый	
азаликун	кукурузные рыльца	SA2012	аза́ликун		
азбар	двор	AA2019+SA2012	азба́р	-де	-алъи
аздагьа	дракон | крокодил | злой	AA2019+SA2012	азда́гьа	-балъи	-лъи
азербижанав	азербайджанин	SA2012	азербижа́нав		
азербижанай	азербайджанка	SA2012	азербижа́най		
азербижанал	азербайджанцы	SA2012	азербижа́нал		
айат	сура	SA2012	айа́т		
айгъир	жеребец	AA2019	айгъи́р	-де	-алъи
акаци	акация	AA2019	ака́ци	-	-лъи
акбар	призыв к молитве	SA2012	акба́р		
акварасар	жатва	AA2019	аквараса́р		
акврайнча	серп	AA2019	аквра́йнча	-балъи	-алъи
акиан	океан	AA2019	акиа́н	-де	-илъи
акоп	окоп	AA2019	ако́п	-де	-алъи
акта	акт	SA2012	а́кт/а		
актебрёнок	октябренок	AA2019	актебрёнок	-абалъи	-илъи
актябир	октябрь	AA2019	актябир		-лъи
акула	акула	AA2019	аку́ла	- абалъи	-лъи
акупант	оккупант	AA2019	акупа́нт	-ал	-илъи
акупаци	оккупация	AA2019	акупа́ци	-йабалъи	-лъи
акуранчи	серп	SA2012	акура́нч/и		
алIичник	отличник	AA2019	алIи́чник	-абалъи	-илъи
алагир-гьиᴴгьу	сорт груш (Кюре)	SA2012	алаги́р-гьиᴴгьу		
алагь	Бог	AA2019	ала́гь	-де	алащуб
алат	инструмент | орудие	AA2019+SA2012	ала́т	-алъи	-абалъи
албанийав	албан/ец	AA2019	албани́йав	-ал	-щув,
албом	альбом	AA2019	албо́м	-де	-алъи
алгибра	алгебра	AA2019	а́лгибра		-лъи
алжан	рай	SA2012	алжа́н		
алжирав	алжир/ец, -ка	AA2019	алжи́рав	-ал	-щув,
алимент	алименты	AA2019	алиме́нт	-илъи	-абалъи
алип	первая буква арабского алфавита | алфавит | алиф	AA2019+SA2012	али́п		-алъи
алипа	олифа.	AA2019	али́па		-лъи
алипулан	аэроплан	AA2019+SA2012	алипула́н	-алъи	-де
аллагь	Бог | Аллах	SA2012	алла́/гь		
аллагьащубзини	см. куру́шурентIу	SA2012	алла́гьащубзини		
алмас	алмаз | стеклорез	AA2019+SA2012	алма́с	-де	-алъи
алпавит	алфавит	SA2012	алпа́вит		
аманал	аммонал	AA2019	амана́л	-	-илъи
аманат	зарок | поручение | наказ	AA2019+SA2012	ама́нат	-абалъи	-илъи
амбулатори	амбулатория	AA2019	амбулато́ри	-йабалъи	-лъи
амбур	крыша	AA2019+SA2012	амбу́р	-де	-алъи
амбур-бай	край крыши	AA2019	амбу́р-ба́й	-балъи	-илъи
Амин	Амин (имя собств. муж.)	AA2019	Ами́н		
амниси	амнистия	AA2019	амни́си	-	-лъи
амру	приказ | веление	AA2019+SA2012	а́мру | а́мру // а́муру		-лъи
амуру	веление	AA2019	а́мру // а́муру		-лъи
анду	тандоец	AA2019	а́нду		-лъи
анжи	пятно | узор | метка	AA2019+SA2012	а́нж/и | а́нжи	-е	-лъи
анжа	метка	AA2019	анжа́	-	-лъи
анжахъан	снайпер	AA2019	анжа́хъан	-де	-илъи
анзи	снег	AA2019+SA2012	а́нзи	-	анзилалъи
анищ	желание | мечта	AA2019+SA2012	ани́щ	-абалъи	-алъи
анлълъа	рана | газель	AA2019+SA2012	а́нлълъ/а | а́нлълъа	-е	-лъи
анлълъакуᴴй	баран-производитель	SA2012	а́нлълъакуᴴ/й		
анси	знахарь | профессионал | мастер	AA2019+SA2012	а́нси		-лъи
ансилъир	мастерство	SA2012	а́нсилъир		
ансирлъи	знахарство	AA2019	а́нсирлъи		
анссайр	нагрев	AA2019	а́нссайр	-де	-лъи
анссамбил	ансамбль	AA2019	ансса́мбил	-де	-лъи
анссар	тепло	AA2019+SA2012	а́нссар	-	-лъи
ансси	плата чабану | плата	AA2019+SA2012	ансси | а́нсси		
анссир	нагревание | оттепель	AA2019	а́нссир	-де	-лъи
анта	период	AA2019	анта́	-балъи	-лъи
антар	прут | скелетные ответвления дерева	AA2019+SA2012	а́нтар	-де	-алъи
антена	антенна	AA2019	анте́на	-балъи	-лъи
анто	растяпа | волокитчик	AA2019	анто́	-балъи	-лъи
анхвабагьир	кипячение	SA2012	анхваба́гьир		
анхвабна	отвар	SA2012	анхвабна:		
анхвар	кипение	AA2019+SA2012	анхва́р	-	-лъи
анча	камень	AA2019+SA2012	а́нч/а | а́нча	-ибалъи	-алъи
анчилъи	анчихец	AA2019	анчи́лъи	анчиди	
анчихе	Анчих	AA2019	анчихе́		
анччу	тень | силуэт	AA2019+SA2012	а́нчч/у | а́нччу	-	-лъи
апараг	чужеземец | пришелец	AA2019+SA2012	апа́раг	-забалъи	-илъи
апараглъи	скитания на чужбине	SA2012	апа́раглъи		
апарат	аппарат	AA2019+SA2012	апара́т	-абалъи	-алъи
апилсин	апельсин	AA2019	апилси́н	-де	-илъи
апираци	операция	AA2019	апира́ци	-йабалъи	-лъи
апирацийа	операция	SA2012	апира́цийа		
апицер	офицер	AA2019+SA2012	апице́р	-забалъи	-илъи
апицианка	официантка	AA2019	апициа́нка	-балъи	-лъи
апрел	апрель	AA2019+SA2012	апре́л	-	-алъи
аптека	аптека	AA2019	апте́ка	-балъи	-лъи
аптекар	аптекарь	AA2019	апте́кар	-де	-лъи
апщити	общежитие	SA2012	апщи́ти		
арбагI	среда	AA2019	арба́гI		
арбагIзив	среда	SA2012	арбагIзи́в		
аргъут	собака	SA2012	аргъу́т		
арджан	рай	AA2019	арджа́н	-	-алъи
аренда	аренда	SA2012	аре́нда		
аржар	влажность | мокрота	AA2019+SA2012	аржа́р | а́ржар	-де	-лъи
аржинщаᴴй	сорт груш	SA2012	аржинщаᴴй		
аржир	замачивание	SA2012	а́ржир		
арипметика	арифметика	SA2012	арипме́тика		
аркестр	оркестр	AA2019	арке́стр	-абалъи	-лъи
аркъва	навес	AA2019+SA2012	а́ркъв/а | аркъва́	-е	-лъи
аркъуйр	покрытие	AA2019	а́ркъуйр	-де	-лъи
аркъул	крышка	AA2019+SA2012	аркъу́л	-де	-алъи
аркъуле	название садовой местности	AA2019	аркъуле́		
арми	армия	AA2019+SA2012	а́рми	-	-лъи
арси	деньги | капитал | плата	AA2019+SA2012	а́рси	-е	-лъи
арси-мисиди	изобилие | драгоценность | драгоценности	AA2019+SA2012	а́рси-миси́ди		-лъи
арта	клевер красный	SA2012	а́рта		
артел	артель	AA2019+SA2012	арте́л	-де	-алъи
артиска	артистка	SA2012	арти́ска		
артислъи	профессия артиста	SA2012	арти́слъи		
артист	артист	AA2019+SA2012	арти́ст	-абалъи	-алъи
арххащир	вязка | плетение	AA2019	а́рххащир	-де	-лъи
аса	иней	AA2019+SA2012	а́са	-	-лъи
асар	влияние | впечатление | произведение	AA2019+SA2012	аса́р		
асарир	уменьшение	SA2012	аса́рир		
асвалт	асфальт	AA2019	асва́лт	-	-алъи
асетинав	осетин	AA2019	асети́нав	-	-щуб
асетинай	осетинка	AA2019	асети́най	-	-лъилъи
асетинал	осетины	AA2019	асети́нал	-	-уб
аси-квасанде	рукоделие	AA2019	аси́-квасанде́	-	-лъи
асир	пленник | плен	SA2012	аси́р		
аскар	войско | множество ( людей)	AA2019+SA2012	аска́р	-де	-алъи
аслу	основа	SA2012	аслу́		
аставка	отставка	SA2012	аста́вка		
атлас	атлас	SA2012	ат/ла́с		
атака	атака	AA2019	ата́ка	-балъи	-лъи
атар	выявление	SA2012	а́тар		
атверка	отвертка	AA2019	атве́рка	-балъи	-лъи
атистат	аттестат.	AA2019	атиста́т	-абалъи	-алъи
аткритка	открытка	AA2019	аткри́тка	-абалъи	-лъи
атличник	отличник	SA2012	атли́чник		
атрез	отрез	AA2019	атре́з	-абалъи	-алъи
ахи	яблоневый сад | сад | огород	AA2019+SA2012	а́х/и | а́хи	-е	-лъи
ахIвал-хIал	положение	SA2012	ахIва́л-хIал		
ахIи	воззвание | клик | тревога	AA2019+SA2012	а́хIи	-е	-лъи
ахIи-хIур	шум	SA2012	а́хIи-хIур		
ахIмай-къватIи	название улицы	AA2019	ахIма́й-къва́тIи		
ахIмакъ	глупец	SA2012	ахIма́къ		
ахIмакълъи	глупость	SA2012	ахIма́кълъи		
ахва	мотня | гной | промежность	AA2019+SA2012	а́хв/а | а́хва	-е	-алъи
ахи-хури	владение	AA2019	а́хи-хур\и́	-далъи	-лъи
ахиму	центральная балка | бревно для кровли крыши	SA2012	ахи́м/у		
ахимакIва	сад	AA2019	ахима́кIва	-е	-алъи
ахир	предел | конец | светопреставление	AA2019+SA2012	ахи́р	-де	-алъи
ахират	загробный мир	SA2012	ахи́рат		
ахихъан	садовник	AA2019+SA2012	ахи́хъа/н | ахи́хъа\н	-балъи	-
ахихъанлъи	садоводство	SA2012	ахи́хъанлъи		
ахту	плевок	SA2012	ахт/у́		
ахъу	бедро | пах	AA2019+SA2012	а́хъ/у | а́хъ\у	-вабалъи	-улъи
ахъила	вьюнок полевой	SA2012	ахъи́ла		
ахъул	очаг | место перед камином | топка печи	AA2019+SA2012	ахъу́л	-де	-лъи
ахьвахе	сел. Ахвах	AA2019	ахьвахе́		
ацтавка	отставка	AA2019	ацта́вка	-балъи	-лъи
ацци	дяденька	AA2019	а́цци		
ачайр	выращивание	AA2019	а́чайр	-де	-лъи
ачвайр	озеленение	AA2019	а́чвайр	-де	-лъи
ачир	прививка	SA2012	а́чир		
ачкибалъи	очки	AA2019	ачки́балъи		-лъи
ачко	очко	AA2019	ачко́	-балъи	-лъи
ачугьали	зеленый горошек	SA2012	а́чугьали		
ачур	зелень	SA2012	а́чур		
ачура	всходы | побег | зелень	AA2019	а́чура	–(а)де	-алъи
аччот	отчет	AA2019	аччо́т	-абалъи	-алъи
бакъащир	воровство	AA2019+SA2012	б/а́къащир | ба́къащир	-	-лъи
бахарир	старость	SA2012	б/аха́рир		
бачIир	выбор	AA2019+SA2012	б/а́чIир | бачIи́р	-де	-лъи
бегъва	сеновал | сарай	AA2019+SA2012	б/е́гъв/а | бе́гъва	-е	-лъи
бекъин	половина | ровесники	AA2019+SA2012	б/екъи́н | бекъи́н		
белIахвар	походка	SA2012	б/елIахва́р		
белIир	походка | ход времени | влияние	AA2019+SA2012	б/елIи́р | белIи́р	-де	-лъи
беххилар	длина | долгота	AA2019+SA2012	б/еххи́лар | б=еххи́лар	-де	беххиларлъи
бечекIир	короткость	SA2012	б/ече́кIир		
бечибеххвир	забывчивость	SA2012	б/ечибеххви́р		
бишир	возврат | толщина | возвращение	AA2019+SA2012	б/иши́р | б/и́шир | би́шир	-де	биширлъи
биъир	смерть	SA2012	б/иъи́р		
бо	войско | толпа | буй	AA2019+SA2012	б/о | бо	-балъи	-лъи
багъаргъайр	волнение | возбуждение | разве­дение	AA2019	б=агъа́ргъайр		
багъаргъир	волнение | возбуждение | замутнение	AA2019+SA2012	б=агъа́ргъир | багъа́ргъир	-де	-лъи
бакъайр	вставка | обстановка | налаживание	AA2019	б=акъа́йр	-де	-лъи
бакъир	соответствие | настрой	AA2019+SA2012	б=акъи́р | бакъи́р	-	-алъи
балълъинабир	сходство	AA2019	б=алълъинаби́р	-де	-лъи
балълъинайр	уподобление | подражание	AA2019	б=алълъина́йр	-де	-лъи
балълъинир	сходство	AA2019	б=алълъини́р	-(де)	-лъи
баращир	(об)мотка	AA2019	б=аращи́р	-де	-лъи
бегъир	знание | ощущение | умение	AA2019+SA2012	б=егъи́р | бе́гъир	-де	-лъи
бегъичIабир	незнание	AA2019	б=егъичIа́бир	-де	-лъи
бегъичIир	неведение | неизвестность | забывчивость	AA2019+SA2012	б=егъичIи́р | бегъичIи́р	-де	-лъи
бечIудир	пустота	AA2019+SA2012	б=ечIу́дир | бечIу́дир	-де	бечIудирлъи
бигьайр	воскресение	AA2019	б=игьа́йр		
бижир	рост	AA2019+SA2012	б=и́жир | би́жир	-де	бижирлъи
биккир	удерживание | мощение | овладение	AA2019+SA2012	б=икки́р | би́ккир	-де	-лъи
билайр	бросок | изжитие	AA2019	б=ила́йр	- де	-лъи
бисир	давление | толкание | движение	AA2019+SA2012	б=и́сир | би́сир	-де	бисирлъи
битир	утеря | потеря	AA2019+SA2012	б=и́тир | би́тир	-де	битирлъи
борчIайр	высвобождение	AA2019	б=о́рчIайр	-де	борчIайрлъи
борчIир	срыв | вывих	AA2019+SA2012	б=о́рчIир | бо́рчIир	-де	-лъи
бочIухар	большой размер	AA2019	б=очIу́хар		
букIайр	насадка | крошение	AA2019	б=укIа́йр | букIа́йр		
букIир	бытие | нахо­ждение | обладание	AA2019+SA2012	б=укIи́р | букIи́р	-	-лъи
букIир-гьирччир	состояние | обстановка	AA2019	б=укIи́р-гьи́рччир		
буккир	падение | случай | обман	AA2019+SA2012	б=у́ккир | бу́ккир	-де	буккирлъи
бабу	мама	AA2019+SA2012	ба:бу | ба́бу	-е	-лъи
бабадилар	заикание	AA2019	бабади́лар	-де	-лъи
багIадир	блеяние	SA2012	багIа́дир		
багIай	блеяние	AA2019	багIа́й	-де	-лъи
багIали	черешня	SA2012	багIал/и́		
баган	дыра | пора | нора	AA2019+SA2012	ба́га/н | ба́ган	-де	-алъи
баглажан	баклажан	AA2019	баглажа́н	-де	-илъи
багъушир	простуда	AA2019	ба́гъушир	-де	-лъи
багьа	цена | детеныш | птенец	AA2019+SA2012	багь/а́ | ба́гь/а | багьа́ | ба́гьа	-балъи | -е	-лъи | -улъи
багьадур	герой | храбрец | Имя собств. муж	AA2019+SA2012	багьа́дур	-де	-лъи | -илъи
багьадурлъи	богатырство | героизм | храбрость	AA2019+SA2012	багьа́дурлъи	-	-илъи
багьана	причина | недостатки | предлог	AA2019+SA2012	багьа́на	-абалъи	-лъи
багьаца	ласковое обращение к своим детям | дитя	AA2019+SA2012	багьа́ца	-балъи	–
багьир	кажимость | падение | заточка	AA2019	багьи́р	-де	-лъи
багьихабир	кажимость | заточка	AA2019	багьиха́бир	-	-лъи
бада-гъудур	кавардак | болтовня	AA2019	бада́-гъудур	-де	-лъи
бажарир	способность | воля | умение	AA2019+SA2012	бажа́рир	-	-лъи
база	база	AA2019	ба́за	-е	-лъи
базар	рынок | скандал | базар	AA2019+SA2012	база́р	-де	-алъи
базар-байдан	базарная площадь	SA2012	база́р-байда́н		
базаралъи	см. базар	SA2012	база́ралъи		
базаралъи-рекъа	название места в с. Ботлих	AA2019	база́ралъи-ре́къа		
базарган	купец | торговец	AA2019+SA2012	база́рган	-де	-илъи
базарганлъи	купечество	AA2019	база́рганлъи		
базарзив	базарный день | воскресенье	SA2012	база́рзив		
базархIаркъ	базарный сбор	SA2012	база́рхIаркъ		
баир	одевание	SA2012	ба́ир		
бай	край | конец | берег	AA2019+SA2012	бай	-балъи	-лъи
байан	баян	AA2019	байа́н	-де	-илъи
байанир	выяснение	SA2012	байа́нир		
байанлъи	ясность	AA2019+SA2012	байа́нлъи	-	-лъи
байбихьи	начало | введение	AA2019	ба́йбихьи	-	-лъи
байбихьир	начало	SA2012	ба́йбихьир		
байдан	базарная площадь | ровное место | площадка	AA2019+SA2012	байда́н	-де	-алъи
байрам	праздник	SA2012	байра́м		
байрахъ	флаг	AA2019+SA2012	байра́хъ	-абалъи	-алъи
бак	бак	AA2019	бак	-е	-илъи
бакIабахарайр	сбор	AA2019	бакIабаха́райр		
бакIарир	сбор	SA2012	бакIа́рир		
бакIвал	желудок	AA2019+SA2012	бакIва́л	-де	-алъи
бакIвал-кIанчIу	требуха	AA2019	бакIва́л-кIа́нчIу		
бакIвалкIанчIу	потроха	SA2012	бакIва́лкIанчI/у		
бакIващир	разминание	SA2012	ба́кIващир		
бакIуйр	штопка	AA2019	ба́кIуйр		
бакал	бокал	AA2019	бака́л	-де	-алъи
баклажан	баклажан	SA2012	баклажа́н		
бакъащайр	спрятывание	AA2019	ба́къащайр	-	-лъи
бакъу	соответствие	AA2019	ба́къу		
бакьи	колбаса | толстая кишка | коса (женская)	AA2019+SA2012	ба́кь/и | бакьи́ | ба́кьи	-е	-лъи
бакьар	поясница	AA2019	бакьа́р	-де	-лъи
бакьаххур	ребенок 8-10 лет	AA2019	бакьахху́р	-де	-лъи
бакьулъир	взаимосвязь	AA2019	ба́кьулъир	-де	-лъи
бакьур	середина | лог | название речки в центре с. Ботлих	AA2019	ба́кьур	-де	бакьурлъи
бакьур-бай	название части с. Ботлих	AA2019	ба́кьур-бай		
бала	люди	AA2019	бала		
балагь	беда | обуза	AA2019+SA2012	бала́гь	-абалъи	-алъи
балагьин	оглобля	SA2012	бала́гьин		
балай	взгляд	AA2019	бала́й	-балъи	-лъи
балалайка	играть на балалайке	SA2012	балала́йка		
баланк	бланк	AA2019	бала́нк	- балъи	-алъи
балат	блат	AA2019	бала́т		-алъи
балгарав	болгарин. | болгарин	AA2019	балга́рав		
балгарай	болгарка. | болгарка	AA2019	балга́рай		
балгарал	болгары. | болгары	AA2019	балга́рал		
балгарка	электрическая пила	AA2019	балга́рка	-балъи	-лъи
балзам	бальзам	AA2019	балза́м		
балкан	см. барка́н	AA2019	балка́н		
балкарав	балкарец	AA2019	балка́рав		
балкарай	балкарка. | балкарка	AA2019+SA2012	балка́рай		
балкарал	балкарцы	AA2019+SA2012	балка́рал		-уб
балница	больница | поликлиника	AA2019+SA2012	бални́ца	-балъи	-лъи
балон	баллон	AA2019	бало́н	-де	-алъи
балугъир	зрелость | совершеннолетие	AA2019+SA2012	балу́гъир	-де	-ирлъи
балшивик	большевик	SA2012	балшиви́к		
балъгвалъи	см. ба́лъголъи	AA2019	ба́лъгвалъи		
балъголъи	тайна	AA2019+SA2012	ба́лъголъ/и | ба́лъголъи		
балъголъир	таинство	AA2019	ба́лъголъир	-де	-лъи
балълъикъос	балбес	AA2019	балълъи́къос	-де	-илъи
балълъинар	сходство	SA2012	балълъина́р		
банан	банан	AA2019	бана́н	-де	-алъи
бандерол	бандероль	AA2019	бандеро́л	-де	-илъи
бани	баня	AA2019	ба́ни	-е	-лъи
банк	банк	AA2019	банк	-е	-алъи
банка	банк | сбербанк | банка	AA2019+SA2012	ба́нк/а | ба́нка	-е	-лъи
банкет	банкет	AA2019+SA2012	банке́т	-абалъи	-алъи
барак	брак	AA2019	бара́к	-	-алъи
баракат	благо	AA2019	бара́кат	-	баракаталъи
баран	осень	AA2019+SA2012	бара́н	-де	-лъи
барашхъир	жадность	AA2019	бара́шхъир		-
баргъосар	игра (местная ботлихская игра).	AA2019	баргъосар	-де	-лъи
баркайр	поздравление	AA2019	барка́йр	-де	-лъи
баркала	благодарность | спасибо	AA2019	барка́ла	-балъи	-лъи
баркан	падаль	AA2019+SA2012	барка́н	-де	-алъи
баркат	достаток | польза	SA2012	барка́т		
барлIатар	таскание	AA2019	ба́рлIатар		
барлIахамна	ноша	AA2019	ба́рлIахамна	-балъи	-лъилъи
барлIир	терпение | ношение | выносливость	AA2019	ба́рлIир	-де	-лъи
барта	штаны	AA2019+SA2012	ба́рт/а | ба́рта	-ибалъи	-илъи
бартIа	испражнение	AA2019	ба́ртIа	-	-илъи
барталъи	штанина	SA2012	ба́рталъи		
барти	самец лошади | жеребец	AA2019+SA2012	ба́рти		
барххир	развертывание | разборка | лущение	AA2019	ба́рххир	-де	барххирлъи
барщарухъан	скандалист	AA2019	барща́рухъан	-де	-лъи
барщатар	ссоры | каприз	AA2019	ба́рщатар	-де	барщатарлъи
барщир	обида | ссора | вражда	AA2019+SA2012	ба́рщир	-де	барщирлъи
баса	волос | ворс | мн. -е́, рп. от волос	AA2019+SA2012	ба́с/а | ба́са	-е	-алъи
басаношкабалъи	босоножки	AA2019	басано́шкабалъи		-лъи
басра	расточительство	AA2019	басра́		-лъи
баталъир	разница	SA2012	бат/а́лъир		
батIалъайр	изолирование | лишение | развод	AA2019	батIалъа́йр	-	-лъи
батIалъир	разделение | разлука | разница	AA2019	батIа́лъир	-де	-лъи
батIалъихабир	отделяемость	AA2019	батIа́лъиха́бир		
батIалъихичIабир	нераздельность	AA2019	батIалъихичIа́бир		
батIебир	странность | особенность	AA2019+SA2012	батIе:бир | батIе́бир	-	-лъи
батагъ	рыбный промысел | рыбные промыслы	AA2019+SA2012	бата́гъ	-абалъи	-алъи
батинкабалъи	ботинки	AA2019	батинка́балъи	-	-лъи
бахIарай	невеста | кукла	AA2019+SA2012	бахIа́р\ай | бахIа́рай	-забалъи	-айлъилъи
бахIарав	жених | молодой	AA2019+SA2012	бахIа́рав	бахIарзабалъи	–щуб
бахIарал	молодожены	SA2012	бахIа́рал	новобрачные	
бахIарзабалъи	молодожены	SA2012	бахIарза́балъи		
бахIарчилъи	смелость	SA2012	бахIа́рчилъи		
бахIри	охотничья собака | собака | бродяга	AA2019+SA2012	бахIри́	-балъи	-лъи
бахайр	удар | стрельба | опрыскивание	AA2019	ба́хайр	-де	-лъи
бахилир	масд. гл. бахили́ | скупость	SA2012	бахи́лир		
бахир	сосание | взбучка | попадание	AA2019	бахи́р | ба́хир	-де	-лъи
бахукIал	крыльцо	AA2019	бахукIа́л	-де	-лъи
бахча	бахча	AA2019	бахча́	-балъи	-лъи
бахъи	вычитание	AA2019	ба́хъи	-	-
бахъур	заготовка сушёного мяса на зиму | убой скота | комок глины	AA2019+SA2012	бахъу́р | ба́хъур	-де | -дс	-лъи | бахъурлъи
бахъухъи	халва	SA2012	бахъу́хъи		
бацIа	волк	AA2019+SA2012	ба́цI/а | ба́цIа	-е	-улъи
бацIайр	доставка	AA2019	ба́цIайр	-де	бацIайрлъи
бацIир	получение | прививка | масд. гл. бацIи́	AA2019+SA2012	ба́цIир	-де	-лъи
бацци	брат или сестра | брат	AA2019+SA2012	ба́цц/и | бацци́		
бачIин	урожай зерновых	SA2012	бачIи́н		
бача	бойница	AA2019	бача́		
бачир	развязывание | отвязывание | масд. гл. бачи	AA2019+SA2012	ба́чир	-де	бачирлъи
Башир	Дон-Жуан	AA2019	Баши́р		
баширлъи	донжуанство	AA2019	баши́рлъи		
башкирав	башкир	AA2019+SA2012	башки́рав		-щуб
башкирай	башкирка	AA2019+SA2012	башки́рай		-лъилъи
башкирал	башкиры	AA2019+SA2012	башки́рал		-уб
башлухъ	башлык	SA2012	башлу́хъ		
башмак	башмак	AA2019	башма́к	-абалъи	-алъи
баъар	масд. гл. баn | чтение	SA2012	баъа́р		
баъи-хъварди	грамота	AA2019	ба́ъи-хъва́рди		
баъир	ношение	AA2019	баъи́р	-де	-лъи
баъир-хъвардир	письменность	AA2019	баъи́р-хъва́рдир		
бедир	масд.гл. бēди́ | зов | приглашение	AA2019+SA2012	бе:дир | бе́дир	-де	-лъи
бел	гора	AA2019+SA2012	бе:л | бел	бебалъи	-лъи
бебалъи	горы	AA2019	бе́балъи	ч.	
бег	бек	SA2012	бег		
бегIедир	масд. гл. бегIеди́ | блеяние	SA2012	бегIе́дир		
бегавул	старшина	SA2012	бега́вул		
бегавуллъи	должность старшины	SA2012	бега́вуллъи		
бегун	порция	AA2019	бе́гун	-де	–илъи//
бегъайр	извещение | объявление | предупреждение	AA2019+SA2012	бегъа́йр	-де	-лъи
бегъар	масд.гл. бегъа́й | сообщение	SA2012	бегъа́р		
бегъашир	1. масд. гл. бегъаши | простуда	SA2012	бегъаши́р//вегъашир		
вегъашир	1. масд. гл. бегъаши | простуда	SA2012	бегъаши́р//вегъашир		
бегъихичIабир	неизвестность	AA2019	бегъихичIа́бир	-де	-лъи
бегъур	уплотнение	SA2012	бе́гъур		
бегьайр	одобрение	AA2019	бе́гьайр	-де	-лъи
бегьара	крапива	AA2019+SA2012	бе́гьара	-балъи	-лъи
бегьир	дозволенность | соответствие	AA2019+SA2012	бе́гьир	-	–лъи
бегьихичIабир	невозможность	AA2019	бегьихичIа́бир	-де	-лъи
беда	известняк	AA2019	бе́да	-	-алъи
беди	мергель	SA2012	бе́ди		
бежайр	жарение	AA2019	бежа́йр	-де	-лъи
бежир	жарение	SA2012	бе́жир		
бежун	метла | иголка | игла	AA2019+SA2012	бе́жу/н | бе́жун	-малъи | -де	-алъи
безерар	надоедание	SA2012	безе́рар		
безерир	надоедание	AA2019	безе́рир	-де	-лъи
бекIун	угол | угол платка | угольник	AA2019+SA2012	бекIу́н	-умалъи	-алъи
бекъар	ускорение	SA2012	бе́къар		
бекъвабехъи	сухофрукты	AA2019	бекъва́бехъи		
бекъвайр	осушение	AA2019	бекъва́йр	-де	-лъи
бекъвалъир	сгущение	AA2019	бе́къвалъир	-де	-лъи
бекъвир	высыхание	SA2012	бе́къвир		
бекъинайр	распреде­ление | уравнививание	AA2019	бекъина́йр	-де	-лъи
бекъинир	уравнивание | деление | распределение	AA2019+SA2012	бекъини́р	-де	-лъи
бекьи	хлев	AA2019+SA2012	бе́кь/и | бе́кьи	-е	-лъи
бекьар	противоположная входу стена (комнаты, огорода) | край	AA2019+SA2012	бекьа́р		
бекьар-бай	край	SA2012	бе́кьар-бай		
бекьар-байбалъи	окрестность	AA2019	бе́кьар-ба́йбалъи		
бекьир	пахота	SA2012	бекьи́р		
белIутIир	кройка	SA2012	бе́лIутIир		
белет	билет	SA2012	беле́т		
белумалъи	молотильные доски	SA2012	бе́лумалъи	уст.	
бензавоз	бензовоз	AA2019	бензаво́з	- де	-илъи
бензин	бензин	AA2019	бензи́н	-	-алъи
бераххир	укладывание | катание	SA2012	бера́ххир		
беращир	заворачивание	SA2012	бера́щир		
бербалагьи	забота	AA2019	бе́рбала́гьи	-	-лъи
берзин	см. бинзи́н	SA2012	берзи́н		
берка	змея | червь	AA2019+SA2012	бе́рк/а | бе́рка	-е	-улъи
бертIин	см. чIарчIа́ну	SA2012	бе́ртIин		
бертин	свадьба	AA2019+SA2012	бе́рти/н | бе́ртин	-де	бертинлъи
берхвалъи-гъвани	место отвода воды	SA2012	бе́рхвалъи-гъвани		
берхин	уздечка	AA2019+SA2012	бе́рхин	-де	берхинлъи
берша-хисайр	обмен	AA2019	бе́рша-хи́сайр	-де	берша-хисайрлъи
берша-хисир	обмен	AA2019	бе́рша-хи́сир	-де	берша-хисирлъи
бершайр	замена	AA2019	берша́йр	-де	-лъи
бершахисир	перемены	SA2012	бершахи́сир		
бершир	замена	AA2019+SA2012	берши́р | бе́ршир	-де	-лъи
беси	надземная часть пырея ползучего	SA2012	бе́си		
бесун	нож	AA2019+SA2012	бесу́/н | бесу́н	-малъи	-алъи
бетIер	вожак	AA2019	бетIе́р	- абалъи	-алъи
бетIергьан	хозяин | Аллах	AA2019+SA2012	бетIе́ргьан	-де	-анлъи
бетIергьанлъи	главенство	AA2019	бетIе́ргьанлъи		
бетир	оставление | бросание (вредных привычек).	AA2019+SA2012	бети́р | бе́тир	-де	-лъи
бетон	бетон	AA2019	бето́н	-	-алъи
бехикъал	ягодица	SA2012	бехи́къал		
бехун	лопатка | плечо	AA2019+SA2012	беху́/н | беху́н	-де	-алъи
беххи	край | низ | конец	AA2019+SA2012	бе́хх/и | бе́ххи	-е	-илъи
беххвайр	оставление	AA2019	беххва́йр	-	-лъи
беххи-гъвани	смысл | начало и конец	AA2019+SA2012	бе́ххи-гъва́ни		
беххи-река	низ живота	AA2019	бе́ххи-ре́ка		
беххикъал	ягодица	AA2019	бе́ххикъал	-де	-лъи
беххилир	удлинение	SA2012	беххи́лир		
беххур	отставание	SA2012	бе́ххур		
бехъи	фрукты	SA2012	бе́хъ/и		
бехъвар	драка	SA2012	бе́хъвар		
бехъвир	забивание	SA2012	бе́хъвир		
бехъутIумуса	окрестность	SA2012	бехъутIуму́с/а		
бецIир	возместить (убытки)	SA2012	бе́цIир		
беццатир	хвала	SA2012	бе́ццатир		
бечIергьали	бобы ( конские )	SA2012	бечIергьа́л/и		
бечIерир	чернота	SA2012	бечIе́рир		
бечIерпирцIцIи	жвачка	SA2012	бечIе́рпирцIцIи		
бечIин	ячмень	SA2012	бечIи́н		
бечIухир	увеличение	SA2012	бечIу́хир		
бечед	Бог	AA2019	бече́д		
бечелъир	богатство	AA2019+SA2012	бече́лъир	-де	бечелъирлъи
беччикур	моча	AA2019	беччику́р	-де	-лъи
бешен	постель | гнездо	SA2012	беше́/н		
бешен-къай	см. беше́н	SA2012	бешен-къай		
бещир	жарение | затыкание	AA2019+SA2012	бещи́р | бе́щир		
беэрир	утоньшение	SA2012	беэ́рир		
бигъар	дозаривание	SA2012	би́гъар		
бигъвир	би́гъви | воспаление	SA2012	би́гъвир		
бигъир	созревание	SA2012	би́гъир		
бигьалъир	лёгкость | облегчение | льгота	AA2019+SA2012	бигьа́лъир		
бигьир	засыпание | обстрел | кладка	AA2019+SA2012	бигьи́р	-де	-лъи
бидра	ведро	AA2019	бидра́	-абалъи	-лъи
бика	жена | белоручка | госпожа	AA2019+SA2012	бик/а́ | бика́		-лъи
Бика	Бика	AA2019	Бика́		
бикъвир	прекращение	SA2012	би́къвир		
бикъуйр	засыхание | умолкание	AA2019	би́къуйр	-де	лъи
бикьелълъи	восьмёрка	AA2019	бикье́лълъи	-абалъи	-лъилъи
бикьи	деление	AA2019	би́кьи		
билар	бросок	SA2012	би́лар		
билет	билет	AA2019	биле́т	-абалъи	-алъи
билиард	бильярд	AA2019	билиа́рд	-абалъи	-илъи
билълъир	возможность | макание | умение	AA2019+SA2012	би́лълъир	-де	-лъи
билълъихичIабир	невозможность	AA2019	билълъихичIа́бир	-де	-лъи
биналъи	жир	SA2012	бина́лъи		
бинзин	бензин	SA2012	бинзи́н		
бинт	бинт	AA2019	бинт	-е	-илъи
биргада	бригада	AA2019	бирга́да	-балъи	-лъи
биргадир	бригадир	AA2019+SA2012	биргади́р	-де	-илъи
биргадирлъи	занятие бригадира	SA2012	биргади́рлъи		
бирзент	брезент	AA2019	бирзе́нт	-абалъи	-алъи
биритур	бритва	AA2019	бири́тур	-де	-лъи
биро	бюро	AA2019	биро́	-балъи	-лъи
бис	безрогий олень	AA2019	бис	-е	-илъи
бисмилла	именем Аллаха	SA2012	бисми́лла		
битIайр	выпрямление | поправка | отправка	AA2019	битIа́йр	-де	-лъи
битIар	осколок	AA2019	битIа́р	-де	-лъи
битIаталъо	отправитель	AA2019	битIа́талъо	-ал	-щуб
битIи-бицIцайр	сглаживание	AA2019	би́тIи-бицIца́йр		
битIина	правда	SA2012	битIина:		
битIинагъар	справедливость	SA2012	битIинагъа́р		
битIир	прямота | истина | обрыв	AA2019+SA2012	битIи́р | би́тIир	-де	-лъи
битIирахъи	лицевая сторона	SA2012	битIира́хъи		
битон	бидон	AA2019	бито́н	-де	-алъи
битун	бидон	SA2012	биту́н		
бихайр	накаливание	AA2019	биха́йр	-	-лъи
бихир	накал | раскаливание	AA2019+SA2012	бихи́р | би́хир	-	-лъи
биххатир	понос | дизентерия	SA2012	биххати́р		
биххир	разрушение | нарушение | растерянность	AA2019+SA2012	биххи́р	-де	-лъи
бицIир	таяние	SA2012	би́цIир		
бичIайр	нарушение | изнашивание | порча	AA2019	бичIа́йр	-де	-лъи
бичIир	изнашивание | порча	AA2019+SA2012	бичIи́р | би́чIир	-де	-лъи
бичIчIир	понятливость	SA2012	би́чIчIир		
бича-хисир	торговля | продажа	AA2019+SA2012	бича́-хи́сир | би́ча-хи́сир	-де	хисирлъи
бичир	продажа	SA2012	би́чир		
биччи	грязь | глина	AA2019	би́ччи	-	-лъи
биччукур	моча	SA2012	биччуку́р		
бишабухI	неумеха	SA2012	бишабухI		
бишихичIабир	неизлечимость | неутолимость	AA2019	бишихичIа́бир		
биъинлъи	жир	AA2019	биъи́нлъи		
богIоц	целая внутренность грецкого ореха	AA2019	богIо́ц	-абалъи	-илъи
боги	полночь | еда	AA2019+SA2012	бо́ги		
бодвод	см. во́додо	SA2012	бо́двод		
бози	бязь	AA2019+SA2012	бо́зи	-	-лъи
болъон	свинья | негодник	AA2019+SA2012	болъо́/н | болъо́н	-малъи	-алъи
бомба	бомба	AA2019	бо́мба	-е	-лъи
боро	сверло | гайка	AA2019+SA2012	бор/о́ | боро́	-балъи	-лъи
борш	борщ	AA2019	борш	-	-илъи
боццу	слепец	SA2012	бо́ццу		
боццур	темнота	SA2012	бо́ццур		
буар	переворот	SA2012	бу́ар		
бугъа	бугай | молодец	SA2012	бугъ/а́		
бугьу	сова	AA2019+SA2012	бу́гь/у | бу́гьу	-е	-лъи
бугьтан	клевета	SA2012	бугьта́н		
бугьусар	игра в прятки | прятки	AA2019+SA2012	бу́гьусар	-де	-арлъи
будар	рык	SA2012	бу́дар		
будун	муэдзин	SA2012	буду́н		
будунлъи	занятие муэдзина	SA2012	буду́нлъи		
бужайр	внушение | заверение	AA2019	бу́жайр	-де	бужайрлъи
бужир	вера | поверье | надёжность	AA2019+SA2012	бу́жир	-де	бужирлъи
буй	войско	SA2012	буй		
буйнецIил	большой палец	AA2019	буйнецIи́л	-де	-алъи
букIабхIале	рхи	SA2012	букIа́бхIале		
буккайр	убийство	SA2012	бу́ккайр		
буккатар	падение | убийство	SA2012	бу́ккатар		
буккихабир	должное	AA2019	буккиха́бир		
буккихичIабир	неуместность	AA2019	буккихичIа́бир	-	-лъи
буккихичIабулълъу	невпопад	AA2019	буккихичIа́булълъу		
буккичIир	отсутствие	AA2019	бу́ккичIир	-	-лъи
букъакъир	резка	SA2012	букъа́къир		
букъир	вырез | рубка | пересечение	AA2019+SA2012	бу́къир	-де	букъирлъи
букъирде	обрезки ткани	SA2012	букъирде		
букьар	жара | горечь	SA2012	бу́кьар		
букьир	жар | жжение	AA2019	бу́кьир	-	букьирлъи
булIайр	завершение	AA2019	бу́лIайр	-де	-лъи
булIир	конец | завершение	AA2019+SA2012	бу́лIир	-де	булIирлъи
булдовузир	бульдозер	AA2019	булдо́вузир	-де	-лъи
булетен	бюллетень	AA2019	булете́н	-де	-илъи
булка	булка	AA2019	бу́лка	-е	-лъи
бупет	буфет	AA2019	бупе́т	-абалъи	-алъи
буралъи	кувшин	AA2019+SA2012	бура́лъ/и | бура́лъи	-абалъи	-лъи
буран	метель	AA2019	бура́н	-де	-алъи
бурдир	летание | брожение	AA2019+SA2012	бу́рдир	-де	бурдирлъи
бурдихабир	летучесть	AA2019	бурдиха́бир		
буржуй	буржуа	AA2019	буржу́й	-де	-лъи
буртина	войлок | бурка | кошма	AA2019+SA2012	бу́рти/на | бу́рти\на	-малъи	-алъи
бурцилоз	бруцеллёз	SA2012	бурцило́з		
буршина	пирог | лепёшка вроде ватрушки	AA2019+SA2012	бу́рши/на | бу́рши\на	-малъи	-лъи
бутIа	раздел | отрывок | женск. половой орган	AA2019	бутIа́ | бу́тIа	-балъи	-лъи
бухайр	вывод наружу	AA2019	бу́хайр		
бухалтер	бухгалтер	AA2019	буха́лтер	-забалъи	-илъи
бухари	каракуль	AA2019+SA2012	бухари́ | буха́ри	-балъи	-лъи
бухир	снимание | отнимание | отнятие	AA2019+SA2012	бу́хир	-де	бухирлъи
буххайр	вешание | цепляние	AA2019	бу́ххайр	-де	буххайрлъи
буцIир	переливание	SA2012	бу́цIир		
буцIцIи	скот | имущество	SA2012	бу́цIцI/и		
буцIцIалъитохтур	ветврач	SA2012	буцIцIа́лъитохтур		
буцIцIи-рикъзи	имущество	SA2012	бу́цIцIи-рикъзи		
буцIцIир	процеживание	SA2012	бу́цIцIир		
буча	см. му́ча	SA2012	бу́ча		
бушир	смазка | побелка | штукатурка	SA2012	бу́шир		
векъин	ровесник | равный	SA2012	в/екъи́н		
векьарухъан	пахарь | крестьянин	AA2019+SA2012	в/екьа́рухъан | в=екьа́рухъан	-де	-илъи
велIир	походка | ход	AA2019+SA2012	в/елIи́р | велIи́р		
вераххир	лежание	SA2012	в/ераххи́р		
вечар	лихорадка | малярия	AA2019+SA2012	в/еча́р | веча́р	-де	-лъи
вагъаргъир	возбуждение | игривость	AA2019+SA2012	в=агъа́ргъир | вагъа́ргъир	-де	-лъи
вагъушир	замерзание | простуда	AA2019	в=а́гъушир	-де	вагъуширлъи
вакъащайр	укрывательство	AA2019	в=а́къащайр		
вакъащир	маскировка | прятание | воровство	AA2019+SA2012	в=а́къащир | ва́къащир		
вегъир	знакомство	AA2019	в=егъи́р	-де	-лъи
вершайр	замена	AA2019	в=ерша́йр	-	-лъи
веххуйр	задержка	AA2019	в=ехху́йр	реххуйде	-лъи
вечалъо	малярия	AA2019	в=ечалъо		
вешдир	допущение	AA2019	в=е́шдир	-де	-лъи
вингъир	поражение	AA2019	в=ингъир	-де	-лъи
витир	исчезновение	AA2019	в=и́тир		
вулълъир	выход | вступление	AA2019	в=у́лълъир	-де	-лъи
вабагI	холера	AA2019+SA2012	ваба́гI		
вагIза	проповедь | нравоучение	SA2012	вагIза́		
вагзал	вокзал	SA2012	вагза́л		
вагун	вагон	SA2012	вагу́н		
вагьир	игра	SA2012	вагьи́р		
вазилин	вазелин	AA2019+SA2012	ваз(и)ли́н | вазили́н	-	-алъи
вазлин	вазелин	AA2019+SA2012	ваз(и)ли́н | вазли́н	-	-алъи
ваза	ваза	AA2019	ва́за	-е	-лъи
вазгал	см. вагза́л	AA2019	вазга́л		
вазир	визирь	AA2019	вази́р	-абалъи	-алъи
вайнкамат	военкомат	AA2019	вайнкама́т	-абалъи	-алъи
вайнком	военком	AA2019	вайнко́м	-де	-алъи
вакил	представитель | делегат | посол	AA2019+SA2012	ваки́л	-забалъи	-алъи
вакиллъи	представительство	AA2019	ваки́ллъи		
вакцина	вакцина	AA2019	вакци́на	-абалъи	-лъи
вакъуп	имущество	SA2012	ва́къуп		
вали	святой | Вали | человек, который посвятил свою жизнь богослужению	AA2019+SA2012	вал/и́ | вали	-балъи	-лъи
валибол	волейбол	AA2019	валибо́л	-	-илъи
валинка	валенок	AA2019	ва́линка	-балъи	
валс	вальс	AA2019	валс	-е	-илъи
ванна	ванна	AA2019	ванна	-е	-лъи
вапли	вафля	AA2019	ва́пли	-е	-лъи
варакъ	краска | бронзовая краска	AA2019+SA2012	вара́къ		
варатар	вратарь	AA2019	варата́р	-де	-лъи
варач	врач	AA2019	вара́ч	-де	-алъи
варащир	пеленание	AA2019	варащи́р	-де	-лъи
варвар	варвар	AA2019	ва́рвар	-де	-илъи
варени	варенье	AA2019	варе́ни	-абалъи	-лъи
варххир	искус	AA2019	ва́рххир		
вас-васила	сомнение	SA2012	вас-васи́ла		
вас-василар	сомнение	SA2012	вас-васи́лар		
васвасилар	нерешительность | недоумение	AA2019	васваси́лар	-де	-лъи
васигат	завещание | завет	AA2019+SA2012	васи́гат	-абалъи	-илъи
васигат-васийат	завещание	AA2019	васи́гат-васи́йат		
васка	вакса	AA2019	васка	-е	-лъи
васкресник	воскресник	AA2019	васкре́сник	-абалъи	-илъи
васпитател	воспитатель	AA2019	васпита́тел	-де	-лъи
вастани	восстание	AA2019	васта́ни	-йабалъи	-йалъи
ватIан	родина	AA2019+SA2012	ватIа́н	-де	-лъи
вахIшилъир	жестокость	SA2012	вахIши́лъир		
вахарайр	старость	AA2019	ваха́райр		
вахарекIва	старик	AA2019	вахаре́кIва		
вахарир	старость	AA2019	ваха́рир		
вахир	падение	AA2019	ва́хир		
вахьмистир	вахмистр	AA2019	ва́хьмистир	-де	-илъи
вахьна	несмелый мужчина	AA2019	вахьна́	-балъи	-лъи
вацIир	побывка | навещание	AA2019+SA2012	ва́цIир	-де	-лъи
вацци	брат	AA2019+SA2012	ва́цц/и | ва́цци	-л	-улъи
ваццагIал	двоюродный брат	AA2019+SA2012	ва́ццагIал		
ваццаку	браток	AA2019	вацца́ку	-вабалъи	-лъи
вацци-йацци	братья и сестры	SA2012	ва́цци-йа́цц/и		
ваццлъи	братство	AA2019	ваццлъи́	-балъи	-лъи
ваша	сын | мальчик	AA2019+SA2012	ва́ша	-л	-щуб
вашанку	детка	AA2019	ваша́нку	-	-лъи
ваъар	учёба	AA2019	ваъа́р	-де	-лъи
ваъир	поездка | отправление	AA2019	ва́ъир	-де	-лъи
вегIир	досуг	SA2012	ве́гIир		
вегъичIир	незнание	AA2019	вегъичIи́р	-де	-лъи
ведомост	ведомость	AA2019	ве́домост	-абалъи	-илъи
веер	веер	AA2019	веер	-де	-лъи
векIкIар	смех	AA2019+SA2012	ве́кIкIар		
векъвалъир	жилистость	AA2019	ве́къвалъир		
векьар	землепашество	AA2019	векьа́р	-де	-лъи
векьарухъанлъи	крестьянство	AA2019	векьа́рухъанлъи		
веласапет	велосипед	AA2019	веласапе́т	-абалъи	-илъи
велълъир	походка	AA2019	велълъи́р	-де	-лъи
вермишел	вермишель	AA2019	вермише́л		-илъи
вермут	вермут	AA2019	ве́рмут		-илъи
верталёт	вертолет	AA2019	верталёт	-абалъи	-илъи
ветеран	ветеран	AA2019	ветеран	-де	-илъи
веххила	верзила	AA2019	веххила		
вехъуйр	драка	AA2019	ве́хъуйр		
веццатир	самохвальство	AA2019	ве́ццатир		
веццихир	радость	AA2019	веццихи́р		
вецциххир	радость	SA2012	вецци́ххир		
вечIухаима	дедушка	SA2012	вечIу́хаим/а		
вечер	вечеринка	AA2019	ве́чер	-де	-алъи
вечерникI	вечерник	AA2019	вече́рникI	-абалъи	-илъи
вештир	невозмутимость	AA2019	ве́штир		
вештичIир	неугомонность	AA2019	ве́штичIир		
взнос	взнос	AA2019	взнос	-е	-илъи
виᴴнхайр	остановка	AA2019	ви́ᴴнхайр		
виᴴшо	победитель	AA2019	ви́ᴴшо	нишал	
вибрион	вибрион	AA2019	ви́брион	-де	-илъи
виварка	выварка	AA2019	ви́варка	-абалъи	-лъи
виговор	выговор	AA2019	виговор	-де	-илъи
вигъир	задержка | остановка на ночлег | мнимость	AA2019	ви́гъир	-де	-лъи
видра	ведро | выдра	AA2019+SA2012	видра́ | ви́дра	-балъи | -е	-лъи
виккир	задержка	AA2019	викки́р	-де	-лъи
вилайр	исключение	AA2019	ви́лайр		
вилар	пробуждение	SA2012	ви́лар		
вилка	вилка	AA2019	ви́лка	-е	-лъи
вингъихичIабир	неодолимость	AA2019	вингъихичIа́бир	-де	-лъи
винегрет	винегрет	AA2019	винегре́т	-	-илъи
вино	вино	AA2019	вино́	-балъи	-лъи
винтилятор	вентилятор	AA2019	винтилятор	-де	-лъи
винхир	немилость | ненависть	AA2019	винхи́р	-де	-лъи
винцIцIир	признание	AA2019	винцIцIи́р		
винширгучIир	неуспех	AA2019	ви́нширгучIир		
винщир	угасание	SA2012	ви́нщир		
вирус	вирус	AA2019	ви́рус	-абалъи	-алъи
виски	виски	AA2019	ви́ски	-е	-лъи
виставка	выставка	AA2019	ви́ставка	-балъи	-лъи
витIайр	отправление | ссылка	AA2019	витIа́йр	-де	-лъи
витIир	справедливость	AA2019	витIи́р		
витамин	витамин	AA2019	витами́н	-де	-илъи
вихха-вичир	горячность	AA2019	ви́хха-ви́чир		
вихха-ххичир	переполох	AA2019	ви́хха-ххи́чир	-де	-лъи
виххатар	дизентерия	AA2019	вихха́тар		
виххатир	понос	AA2019	виххати́р		
виххир	растерянность	AA2019	виххи́р		
вичарухъан	продавец	SA2012	вича́рухъан		
вишекIва	толстяк	AA2019	више́кIва		
вишир	толщина	AA2019	виши́р		
виъир	смерть | смертность	AA2019	виъи́р		
включатель	выключатель	AA2019	включатель	-де	-лъи
водово	удод	AA2019	водово		
вододо	удод	SA2012	во́додо		
водород	водород	AA2019	водоро́д	-	-алъи
вожд	вождь	AA2019	вожд	-е	-илъи
волт	вольт	AA2019	волт	-е	-илъи
волтметр	вольтметр	AA2019	во́лтметр	-де	-илъи
волфрам	вольфрам	AA2019	во́лфрам	-	-(а)милъи
ворджихе	название садовой местности	AA2019	ворджихе́		
ворж	бастион	AA2019	ворж	-е	-илъи
ворчIайр	выручка	AA2019	во́рчIайр	-де	-лъи
ворчIир	избавление	AA2019	во́рчIир		
вотка	водка	AA2019	во́тка	-е	-лъи
вочIу	дедушка	SA2012	во́чIу		
вочIухабир	старшинство	AA2019	вочIу́хабир		
вуз	вузовский	AA2019	вуз	-е	-илъи
вукIир	присутствие	AA2019	вукIи́р		
вуккир	падение	AA2019	ву́ккир		
вулкан	вулкан	AA2019	вулка́н	-де	-илъи
вунгъир	возмужалость | рост	AA2019+SA2012	ву́нгъир	-де	-лъи
вунчир	купание	SA2012	ву́нчир		
вутайр	изгнание	AA2019	ву́тайр	-(ай)де	-(ай)лъи
вухир	высадка	AA2019	ву́хир		
вуххир	явка	AA2019	ву́ххир		
вучIир	см. биъи́р	SA2012	ву́чIир		
гIаᴴгIа	кака | грязь	SA2012	гIа́ᴴгIа		
гIабас	двугривенный	AA2019+SA2012	гIаба́с	-	-алъи
гIабасабалъи	мелочь	AA2019	гIабаса́балъи		
гIабдал	дурак	AA2019+SA2012	гIабда́л	-забалъи	-алъи
гIаврат	половой орган	AA2019	гIаврат	-абалъи	-алъи
гIага	штанина	SA2012	гIа́г/а		
гIагарлъи	родня | близость	AA2019+SA2012	гIага́рлъи | гIа́гарлъи	-	-лъи
гIадалир	дурость | глупость | безрассудство	AA2019+SA2012	гIада́лир		
гIаданлъи	вежливость | гостеприимство	SA2012	гIада́нлъи		
гIадат	обычай | обряд | привычка	AA2019+SA2012	гIада́т	-абалъи	-илъи
гIадатимна	обычный случай	AA2019	гIадати́мна		
гIаде	название улицы в Ботлихе	AA2019	гIаде		
гIаджаиблъи	странность	AA2019	гIаджа́иблъи		
гIаджиз	калека	AA2019	гIаджи́з	-де	-алъи
гIаджудж-маджудж	неисчислимое войско безбожников | сонмище | неразбериха	SA2012	гIаджу́дж-маджу́дж		
гIадилгьекIва	глашатай	SA2012	гIадилгье́кIва		
гIадилекIва	городовой | милиционер	AA2019	гIа́дилекIва		
гIадилза	охрана	AA2019	гIади́лза		-лъи
гIадихабир	колкость	AA2019	гIадиха́бир		
гIадлачир	упорядочение	AA2019	гIа́длачир	-де	-лъи
гIадлу	дисциплина | порядок	AA2019+SA2012	гIа́длу	- | -де	-лъи
гIадлу-мизан	мораль | обстановка	AA2019	гIа́длу-мизан	-де	-илъи
гIадлу-низам	то же, что гIа́длу	SA2012	гIа́длу-низа́м		
гIажаиблъи	странность | удивление	SA2012	гIажаи́блъи		
гIажал	смерть	SA2012	гIажа́л		
гIажизир	увечье	SA2012	гIажизи́р		
гIазаб	пытка | наказание в загробном мире | мучение	AA2019+SA2012	гIаза́б		
гIазаб-гIакъуба	мучения	SA2012	гIаза́б-гIакъу́ба		
гIайахълъи	осторожность	AA2019	гIайа́хълъи		
гIайиб	вина | замечание | укор	AA2019+SA2012	гIайи́б	-де	-алъи
гIайиб-гъол	порицание	AA2019	гIайиб-гъо́л	-де	-лъи
гIайибийав	зачинщик	AA2019	гIайиби́йав	-ал	-щуб
гIайибир	виновность | увечье	AA2019+SA2012	гIайи́бир	-де	-лъи
гIайиблъи	увечье	SA2012	гIайи́блъи		
гIайнус-майнус	игра типа жмурок	AA2019	гIайнус-майнус	-	-алъи
гIакIа	штраф | воззвание	AA2019+SA2012	гIа́кIа		
гIакъил	мудрец	AA2019+SA2012	гIакъи́л	-де	-алъи
гIакълу	ум | совет	AA2019+SA2012	гIа́кълу	-ве	-лъи
гIакъуба	мучение | трудности	SA2012	гIакъу́ба		
гIакъубакки	замучить	AA2019	гIакъу́бакки		
гIакьуба-къварилъи	невзгоды	SA2012	гIакьу́ба-къвари́лъи		
гIали	листва | Гали | ботва	AA2019+SA2012	гIа́л/и | гIа́ли	-е	-лъи
гIала	кобыла | отрасль	AA2019	гIала́ | гIа́ла	-балъи | -е	-лъи
гIалагъваджа	путаница | хлам | мазня	AA2019	гIала́гъваджа	-е	-лъи
гIалагъважа	чепуха | хлам | неразбериха	SA2012	гIала́гъважа		
гIалам	толпа	SA2012	гIала́м		
гIаламалъи	признак	AA2019	гIала́малъи		
гIаламалъир	чудо	AA2019	гIала́малъир		
гIаламат	предвестие | примета | чудо	AA2019+SA2012	гIала́мат	-абалъи	-илъи
гIалах	альпийские луга | пастбище | дерн	AA2019+SA2012	гIалах | гIала́х	- | -де	-алъи
гIалахе	сел. Алак	AA2019	гIалахе́		
гIалим	ученый	AA2019+SA2012	гIали́м		
гIалимгьекIва	ученый	SA2012	гIалимгье́кIва		
гIалимекIва	ученый	AA2019	гIалимекIва		
гIалхулпера	дикие	SA2012	гIалхулпе́р/а		
гIалхултIука	серна	SA2012	гIалхултIу́ка		
гIам	ам	SA2012	гIам		
гIамал	поведение | нрав | характер	AA2019+SA2012	гIама́л	-де | (-де)	-илъи
гIамал-тIабигIат	характер	SA2012	гIама́л-тIаби́гIат		
гIамал-хасийат	поведение	SA2012	гIама́л-хаси́йат		
гIамалакъутар	каприз	AA2019	гIамалакъу́тар	-де	-лъи
гIамалчIиквар	благонравный человек	SA2012	гIама́лчIиквар		
гIангиц	безрогий	SA2012	гIангиц		
гIангубацIа	шакал	AA2019	гIангубацIа		
гIангур	см. гIангу́рбацIа	SA2012	гIангу́р		
гIангурбацIа	шакал	SA2012	гIангу́рбацI/а		
гIанс	сугроб	AA2019	гIанс	-е	-илъи
гIанса	трость | глухарь	AA2019+SA2012	гIанса́	-балъи	-лъи
гIанхвара	хомяк	SA2012	гIанхва́ра		
гIанчу-бацIа	шакал	AA2019	гIанчу́-бацIа		
гIапапу	см. а́бабе	SA2012	гIапапу́		
гIапицер	офицер	AA2019	гIапи́цер	-де	-илъи
гIапицерлъи	офицерство	AA2019	гIапи́церлъи		
гIара	колос	AA2019	гIа́ра	-е	-илъи
гIараб	наука о Боге	AA2019	гIараб	-	-алъи
гIарабав	араб	AA2019	гIарабав		
гIарабийав	араб	SA2012	гIараби́йав		
гIарабийай	арабка	SA2012	гIараби́йай		
гIарабийал	арабы	SA2012	гIараби́йал		
гIарабист	арабист	AA2019	гIарабист	-ал	-илъи
гIарада	пушка | ладья	AA2019+SA2012	гIара́да	-балъи	-лъи
гIарадачи	артиллерист	AA2019	гIарадачи	-агIи	-щиб
гIаракъи	водка	AA2019+SA2012	гIара́къи	-абалъи	-(а)лъи
гIарап	арап	AA2019	гIарап	-	-алъи
гIарац-байдан	арац-байда́н	SA2012	гIара́ц-байдан		
гIардиралъи	см. гъардира́лъи	SA2012	гIа́рдиралъи		
гIарз	жалоба	AA2019+SA2012	гIарз	-е	-илъи
гIарза	жалоба	SA2012	гIарз/а́		
гIарзачи	заявитель	SA2012	гIарза́чи		
гIарччу	кремень | кремний	AA2019	гIа́рччу	-ве	-илъи
гIаршин	аршин	AA2019	гIаршин	-де	-алъи
гIассилъайр	озлобление	AA2019	гIасси́лъайр		
гIассилъи	зверство	AA2019	гIасси́лъи		
гIассилъир	озлобление | жестокость	AA2019+SA2012	гIасси́лъир		
гIатIику	ни рыба, ни мясо	AA2019	гIа́тIику		
гIатIилъи	раздолье	AA2019	гIатIи́лъи		
гIатIилъир	ширь	SA2012	гIатIи́лъир		
гIатIиракь	плоскость	SA2012	гIатIи́ракь		
гIахъушилъи	акушинец | даргинец	SA2012	гIахъуши́лъи		
гIахьалабир	общность	AA2019	гIахьа́лабир	-	-лъи
гIахьалир	участие	SA2012	гIахьа́лир		
гIахьаллъи	участие	AA2019+SA2012	гIахьа́ллъи		
гIахьучIабалъи	чепуха	SA2012	гIахьучIа́балъи	чепуха	
гIачIимукъу	хвощ	AA2019	гIачIимукъу		
гIачIина	колючий кустарник	SA2012	гIачIи́на		
гIашикъ	певец	AA2019	гIашикъ		
гIашину	сел. Ашино	AA2019	гIашину		
гIедегIир	спешка	SA2012	гIедегIир		
гIедигIир	спех	AA2019	гIеди́гIир		
гIел	возраст	AA2019	гIел	-е	-илъи
гIелму	наука	AA2019+SA2012	гIе́лм/у | гIе́лму	-(в)е	-лъи
гIенкъав	глухарь	AA2019	гIе́нкъав		
гIенкъир	глухота	AA2019+SA2012	гIе́нкъир	-	-лъи
гIерхъва	копье	AA2019	гIерхъва		
гIерцIи	см. къе́рцIи	SA2012	гIе́рцIи		
гIив-гIав	шум | межд. звукоподражание шуму	SA2012	гIив-гIав		
гIила	оправдание | объяснение	AA2019	гIила́	-балъи	-лъи
гIилла	причина	SA2012	гIилл/а́		
гIиндайр	насыщение	AA2019	гIинда́йр	-де	-лъи
гIиндидера	вдоволь	AA2019	гIиндиде́ра		
гIиндир	насыщение | сытость	AA2019+SA2012	гIи́ндир	-де	-лъи
гIиприт	демон	AA2019+SA2012	гIипри́т	-а(а)балъи	-и(а)лъи
гIиракъав	иракец	SA2012	гIира́къав		
гIиракъай	ирачка	SA2012	гIира́къай		
гIиракъал	иракцы	SA2012	гIира́къал		
гIирпит	см. гIиприт	AA2019	гIирпит		
гIишкъу	страсть | зазноба	AA2019+SA2012	гIишкъу | гIи́шкъу		
гIодир	отрыжка	SA2012	гIо:ди́р		
гIодогIанлъи	низость	AA2019	гIодо́гIанлъи		
гIойдир	бросание жребия на пальцах	SA2012	гIо́йдир		
гIолилав	подросток	AA2019	гIоли́лав		
гIолохъабалъи	молодежь	AA2019+SA2012	гIолохъа́балъи		
гIолохъанлъи	молодость	AA2019+SA2012	гIоло́хъанлъи	-	-лъи
гIуж-хьуᴴй	заметка	AA2019	гIу́ж-хьу́ᴴй		
гIуже	данные	AA2019	гIу́же		
гIужрукъ	ёж	AA2019+SA2012	гIу́жрукъ	-де	-илъи
гIузру	недуг	SA2012	гIу́зру		
гIуйчай	иванчай	SA2012	гIу́йчай		
гIумру	жизнь	AA2019+SA2012	гIу́мру	-ве	-лъи
гIумрулъи	возрастной	AA2019	гIу́мрулъи		
гIумуру	жизнь	AA2019	гIу́муру		
гIунгутIи	недостатки | упущения	SA2012	гIунгу́тI/и		
гIуртIахулу	сел. Ортаколо	AA2019	гIуртIаху́лу		
гIурусал	русские	AA2019+SA2012	гIуру́сал		
гIурусмучари	укроп	SA2012	гIурусмуча́ри		
гIурхIел-цIцIоб	cм. гурхIе́л	SA2012	гIурхIе́л-цIцIоб		
гIурхъи	граница | предел	AA2019+SA2012	гIурхъ/и́ | гIурхъи́	-балъи	-лъи
гIурцIен	мул	SA2012	гIурцIе́н		
гIуцIцIир	создание	SA2012	гIу́цIцIир		
гIуццигучир	неорганизованность	AA2019	гIу́ццигучир		
гIуццичIир	неустроенность	AA2019	гIу́ццичIир		
гавур	человек иной веры | озорник	AA2019+SA2012	гаву́р	-де	-алъи
гага	косточка | зернышко | семечки семечковых плодовых культур	AA2019+SA2012	га́г/а | га́га	-е	-улъи
гагибалъир	зернистость	AA2019	гаги́балъир		
гагу	кукушка	AA2019	гагу		
гадажа	косой	AA2019	гадажа		
гажу	пиала | миска	AA2019+SA2012	га́ж/у | га́жу	-абалъи (-ве) | -абалъи	-лъи
гажалу	клык	AA2019+SA2012	гажа́л/у | гажа́лу	-абалъи	-лъи
газ	газ | настроение | газета	AA2019+SA2012	газ	-е | -абалъи	-лъи | -илъи
газет	газета	SA2012	газе́т		
гайка	гайка	AA2019	га́йка	-абалъи	-алъи
гали	шаг	AA2019+SA2012	га́л/и | га́ли		
галагол	глагол	AA2019	галаго́л	-де	-илъи
галам	лён | конопля	AA2019+SA2012	гала́м	-(де)	-алъи
галипе	галифе	AA2019+SA2012	галип/е́ | галипе́	-балъи	-лъи
галипебарта	брюки галифе	SA2012	галипе́барта		
галупци	голубцы	AA2019	га́лупци	-	-лъи
галуска	галстук	AA2019	га́луска	-абалъи	-лъи
галълъассуб	тамошний	SA2012	галълъа́ссу/б		
гама	корабль	AA2019+SA2012	га́м/а | га́ма	-е(е) | -е	-(и)лъи
гамардин	габардин	AA2019	гамарди́н		
гамма	гамма	AA2019	га́мма	-	-лъи
гамущ	буйвол	AA2019+SA2012	гаму́щ	-абалъи	-алъи
гамчIил	угледобыча	AA2019	гамчIи́л		
гандаймалаб	тугой	AA2019	ганда́ймалаб		
гандайр	натяжение	AA2019	га́ндайр	-де	-лъи
гандар	натягивание	SA2012	га́ндар		
гандир	притяжение | мера | курение	AA2019	га́ндир	-де	-лъи
гандихаб	развесной	AA2019	гандиха́б		
гандо	навытяжку	AA2019	гандо́		
гантел	гантель	AA2019	гантел	-де	-алъи
гару	шея | воротник | подворотничок	AA2019+SA2012	га́р/у | га́ру	-абалъи (-ве) | -абалъи	-лъи
гарадус	градус | градусник	AA2019	гара́дус	-абалъи	-илъи
гараж	гараж	AA2019	гара́ж	-де	-алъи
гаражданин	гражданин	AA2019	гара́жданин	-де	-илъи
гаражданинлъи	гражданство	AA2019	гара́жданинлъи		
гарам	грамм | капля	AA2019+SA2012	гара́м	-де	-алъи
гараматика	грамматика	AA2019	гарама́тика	-	-лъи
гараната	граната	AA2019	гарана́та	-балъи	-лъи
гаранит	гранит	AA2019	гарани́т	-	-илъи
гарапин	графин	AA2019	гарапи́н	-де	-илъи
гарапит	графит	AA2019	гарапи́т	-	-илъи
гарас	вешалка для подвешивания сушёного мяса	AA2019	гара́с	-	-алъи
гарасс	вешало	SA2012	гара́сс		
гаргал	разговор	AA2019	гарга́л		
гарда	большая чаша | корчага	AA2019+SA2012	га́рд/а | га́рда	-е	-алъи
гарелка	горелка	AA2019	гаре́лка	-абалъи	-лъи
гарзагъу	см. терге́ч	SA2012	гарза́гъу		
гарнир	гарнир	AA2019	гарни́р	-де	-алъи
гарнитур	гарнитур	AA2019	гарниту́р	-де	-илъи
гарох	горох	AA2019	гаро́х	-	-алъи
гару-букъир	перевал	AA2019	га́ру-букъир	-де	-лъи
гарчица	горчица	AA2019	гарчи́ца	-	-лъи
гарчичник	горчичник	AA2019	гарчи́чник	-абалъи	-илъи
гастиница	гостиница	AA2019	гасти́ница	-балъи	-лъи
гастрит	гастрит	AA2019	гастри́т	-	-алъи
гатавални	готовальня	AA2019	гатава́лни	-е	-лъи
гахI	хворь | изъян	SA2012	гахI		
гач	белая глина | известь	SA2012	гач		
гачIа	мотыга	AA2019+SA2012	га́чI/а | га́чIа	-е	-илъи
гашиш	гашиш	AA2019	гаши́ш	-	-алъи
гвагь-гвагь	возглас	SA2012	гва́гь-гвагь		
гвадара	череп	SA2012	гвада́ра		
гвадача	засохший куст одного из видов полыни	SA2012	гвада́ч/а		
гважи	сука | кобель	AA2019+SA2012	гва́ж/и | гва́жи		
гвай	коллективная работа | помочь	AA2019+SA2012	гвай		
гвала	кисет для табака | сумка | мешочек	AA2019+SA2012	гва́л/а | гва́ла		
гвангва	звонок | глазница | колокол	AA2019+SA2012	гва́нгв/а | гва́нгва	-е	-алъи
гвангвадалъир	бодание	SA2012	гва́нгвадалъир		
гвангъадир	яркость	SA2012	гва́нгъадир		
гвангъир	глянец | освещенность	AA2019+SA2012	гва́нгъир		
гванзайр	усовершенствование	AA2019	гва́нзайр		
гванзургеду	рысь	SA2012	гванзу́ргед/у		
гегун	инструмент для вынимания косточек	AA2019	гегун		
гегуналъи	круг | бублик | один из видов хлеба	AA2019+SA2012	гегуна́лъ/и | гегуна́лъи		
геду	кошка | кот	AA2019+SA2012	ге́д/у | геду	-е	-лъи
гедел	хомут	AA2019	геде́л		
геделъи-реххун	название части села	AA2019	геде́лъи-рехху́н		
гедер	ошейник	SA2012	геде́р		
гедугьинцIа	один из видов камней	SA2012	ге́дугьинцIа		
гектар	гектар	AA2019	гекта́р	-де	-алъи
генаралиссимус	генералиссимус	AA2019	генарали́ссимус	-де	-лъи
генезинчу	местный сорт яблок	SA2012	генези́нчу		
геограпийа	география	AA2019	геогра́пийа	-	-лъи
герб	герб	AA2019	герб	-е	-илъи
гергалъаб	вислоухий	AA2019	ге́ргалъаб		
гергахоб	половой член	AA2019	ге́ргахоб		
гергунса	скорпион | общее название всех ядовитых пауков	AA2019+SA2012	гергу́нса		
гергунсса	фаланга	AA2019	гергунсса		
гергунца	общее название всех ядовитых пауков	AA2019	гергунца		
герекав	грек	AA2019	гере́кав		
герекай	гречанка	AA2019	гере́кай		
герекал	греки	AA2019	гере́кал		-у=б
герелка	грелка	AA2019	гере́лка	-балъи	-лъи
герой	герой	AA2019	геро́й	-балъи	-лъи
геъаметрийа	геометрия	AA2019	геъаме́трийа	-	-лъи
гигина	цветок	AA2019+SA2012	гиги́н/а | гиги́на		
гигинаххур	расцвет	AA2019	гигина́ххур		
гизу	корзина	AA2019+SA2012	ги́з/у | ги́зу	-абалъи	-лъи
гилавка	фунт	SA2012	гила́вка		
гилицерин	глицерин	AA2019	гилицери́н	-	-илъи
гимн	гимн	AA2019	гимн	-е	-илъи
гимнази	гимназия	AA2019	гимна́зи	-йабалъи	-йалъи
гимназист	гимназист	AA2019	гимнази́ст	-ал	-илъи
гиндуру	определенное количество муки	SA2012	ги́ндуру		
гипс	гипс	AA2019	гипс	-	-алъи
гира	гиря	AA2019	ги́ра	-е	-илъи
гиргалъир	дрожь	SA2012	ги́ргалъир//ги́ргар		
гиргар	дрожь	AA2019+SA2012	ги́ргалъир//ги́ргар | ги́ргар	-	-лъи
гири-гири	ягненок	SA2012	гири́-гири́		
гирип	грипп	AA2019	гири́п	-(де)	-а(а)лъи
гитара	гитара	AA2019	гита́ра	-балъи	-лъи
гиц-гиц	см. гу́цуну-гу́цуну	SA2012	гиц-ги́ц		
гичIа	окучник	AA2019	ги́чIа	-е	-илъи
года	несчастье	AA2019	го́да		
года-мучу	ревматическое заболевание	AA2019	го́да-мучу		
годалъи	колдун	AA2019	го́далъи		
гозо	колдун	SA2012	гоз/о́		
гол	гол	AA2019	гол	-е	-илъи
голобус	глобус	AA2019	голо́бус	-абалъи	-илъи
голълъассуб	тамошний	SA2012	го́лълъассу/б		
гор	окружность | круг | кольцо	AA2019+SA2012	гор	-е	-лъи
гори	обод	AA2019	го́ри	-е	-лъи
горком	горком	AA2019	горко́м	-де	-алъи
гормагъакь	тряпичный круг	SA2012	го́рмагъакь		
горозни	Грозный	AA2019	горо́зни	-	-лъи
госпитал	госпиталь	AA2019	го́спитал	-де	-илъи
гуаш	гуашь	AA2019	гуаш	-	-алъи
губерни	губерния	AA2019	губе́рни	-йабалъи	-лъи
гугарухъан	борец	SA2012	гуга́рухъан		
гуггу	кукушка	SA2012	гу́ггу		
гуггусар	кукование	SA2012	гу́ггусар		
гугихе	название садовой местности	AA2019	гугихе		
гуда	женский половой орган	AA2019	гуда		
гудана-гадана	вид ботлихского кушанья из размятых орехов и мёда	AA2019	гу́дана-гадана	-	-лъи
гудикIвал	центр (в селе)	AA2019	гу́дикIвал		
гудул	капкан	AA2019	гудул	-де	-алъи
гудур	капкан	SA2012	гуду́р		
гузер	козырь	AA2019+SA2012	гу́зер	-де	-алъи
гуккир	обман	SA2012	гу́ккир		
гули	вязанка | сноп | место папахи между наружной поверхностью и беретом	AA2019+SA2012	гу́л/и | гули		
гула	снаряд	AA2019	гула́		
гула-гьунчIа	боеприпасы	AA2019	гу́ла-гьунчIа	-	-лъи
гулатир	разговор | молва | говор	AA2019+SA2012	гу́латир	-де | ч.	-лъи
гулла	пуля | ядро	AA2019+SA2012	гулл/а́ | гулла́		
гулушител	глушитель	AA2019	гулуши́тел	-де	-лъи
гулюкоза	глюкоза	AA2019	гулюко́за	-	-лъи
гунгу	глоток | объем полости рта | полость рта	AA2019+SA2012	гу́нг/у | гу́нгу		
гуни	жареная мука | толокно	AA2019+SA2012	гу́ни	-	-лъи
гунига	просо	AA2019	гуни́га		
гупвахта	мн. -е, рп. -лъи гауптвахта	AA2019	гупва́хта	-е	-лъи
гури	моток | толпа	SA2012	гу́р/и | гу́ри		
гурайр	завивка	AA2019	гу́райр	-де	-лъи
гурарир	волнистость	AA2019	гу́рарир	-де	-лъи
гургинабир	овал	AA2019	гурги́набир	-де	-лъи
гургинир	округлость	AA2019+SA2012	гурги́нир	-де	-лъи
гургинлъи	круглый	AA2019	гурги́нлъи	-абалъи	-лъи
гуржийа	Грузия	AA2019	гу́ржийа		
гуржийав	грузин	AA2019+SA2012	гуржи́йа/в | гу́ржийав	гуржийал	-щуб
гуржийай	грузинка	AA2019+SA2012	гуржи́йай | гу́ржийай	-	-лъилъи
гуржийал	грузины	AA2019+SA2012	гуржи́йал | гу́ржийал	-	-уб
гуржистан	Грузия	AA2019	гу́ржистан		
гурзулу	крышка для чана | крушка	AA2019+SA2012	гурзу́лу | гу́рзулу	-абалъи	-лъи
гурир	загиб | виток | закатывание	AA2019+SA2012	гу́рир	-де	-лъи
гурупа	группа	AA2019	гуру́па	-балъи	-лъи
гурхIел	милость | жалость	AA2019+SA2012	гурхIе́л	-де	-алъи//--илъи
гурхIеллъи	жалостливость	AA2019	гурхIе́ллъи	-	-лъи
гурхIиле	помилуй	AA2019	гу́рхIиле		
гурхIир	милость | жалость	AA2019+SA2012	гу́рхIир	-де	-лъи
гусле	гусли	AA2019	гу́сле		
гуц	возглас	AA2019	гуц		
гуцугуцу	козленок	AA2019	гуцугуцу		
гуцуну-гуцуну	возглас	SA2012	гу́цуну-гу́цуну		
гуцуцу	козленок	AA2019	гу́цуцу	-абалъи	-лъи
гуч	сила	SA2012	гуч		
гучIир	неимение | отсутствие | не имеющий	AA2019+SA2012	гу́чIир	-де	-лъи
гучаймалал	переселенцы	SA2012	гуча́ймалал	переселенцы	
гучайр	изгнание	AA2019	гу́чайр	-де	-лъи
гучарухъан	кочевник	AA2019	гуча́рухъан		
гучатар	переселение	SA2012	гу́чатар		
гучир	кочёвка	AA2019	гу́чир	-	-лъи
гучудар	щекотание	AA2019	гучу́дар		
гучудир	щекотка	AA2019+SA2012	гучу́дир | гу́чудир		
гъаба	давай	AA2019	гъаба́		
гъабгъа	куропатка | хлеб в форме птицы | хлеб испечённый в форме птицы	AA2019+SA2012	гъа́бгъ/а | гъа́бгъа	-е	-лъи
гъаберха	вширь	AA2019	гъа́берха		
гъабир	ширина | расширение	AA2019+SA2012	гъа́бир		
гъагъалъи	сел. Анди	AA2019	гъагъалъи́		
гъагъи	щебёнка | мелкие камушки	AA2019+SA2012	гъа́гъи	-	-лъи
гъагъину	название улицы в Ботлихе	AA2019	гъагъи́ну		
гъада	ущелье	SA2012	гъа́д/а		
гъадалIу	название садового участка	AA2019	гъа́далIу		
гъадару	тарелка | название ущелья недалеко от Ботлиха | блюдо	AA2019+SA2012	гъада́р/у | гъадару | гъада́ру	-абалъи	-лъи
гъажи	рука	AA2019+SA2012	гъажи | гъа́жи		
гъажи-цIекIа	конечности	SA2012	гъа́жи-цIе́кI/а		
гъазават	газават	AA2019+SA2012	гъаза́ват	-	-илъи
гъазах	казак	AA2019	гъаза́х	-ал	-алъи
гъазахал	казаки	AA2019	гъаза́хал		
гъай	племя | бульон	AA2019+SA2012	гъай	-е | -	-лъи | -и(и)лъи
гъайчIа	бычок	AA2019+SA2012	гъа́йчI/а | гъайчIа	-балъи	
гъалай	олово | тонкий слой олова | тонкий слой снега	AA2019+SA2012	гъала́й	-	-лъи
гъалайчи	лудильщик	AA2019	гъала́йчи		
гъалатI	изъян | ошибка | упущение	AA2019+SA2012	гъала́тI	-абалъи	-алъи
гъалбацI	лев | храбрец	AA2019+SA2012	гъа́лбацI	-де	-илъи
гъалгъайав	ингуш	SA2012	гъа́лгъайав		
гъалгъайай	ингушка	SA2012	гъа́лгъайай		
гъалгъайал	ингуши	SA2012	гъа́лгъайал		
гъалмагъар	шум	SA2012	гъалмагъа́р		
гъами	поднос | корыто | таз	AA2019+SA2012	гъа́м/и | гъа́ми	-е	-лъи
гъамакьуххур	тазик	SA2012	гъа́макьуххур		
гъамди-ххудихаб	продукты	SA2012	гъа́мди-ххудихаб		
гъамдир	кушание	SA2012	гъа́мдир		
гъамдихаб	кушанье	AA2019	гъа́мдихаб		
гъан	патронташ	AA2019	гъан	-е	-илъи
гъани	хлеб | обобщенное понятие хлеб насущный	AA2019+SA2012	гъа́н/и | гъа́ни		
гъандулъи	корь	SA2012	гъа́ндулъи		
гъанкъилу	удавка	SA2012	гъа́нкъилу		
гъанкъир	потоп | удушье	AA2019+SA2012	гъа́нкъир		
гъанцIо	крючок | силки	AA2019+SA2012	гъанцIо́	-балъи	-лъи
гъапулир	полусон | дремота	AA2019+SA2012	гъапу́лир		
гъара	отбросы | шерсть-линька	SA2012	гъара́		
гъарабаш	слуга | раб | батрак	AA2019+SA2012	гъара́баш	-де(абалъи) | -де	-илъи
гъарабашлъи	невольничество	AA2019	гъара́башлъи		
гъаран	укроп	SA2012	гъара́н		
гъаранлъи	палас	SA2012	гъара́нлъи		
гъарачайав	карачаевец	SA2012	гъарача́йав		
гъарачайай	карачайка	SA2012	гъарача́йай		
гъарачайал	карачайцы	SA2012	гъарача́йал		
гъаргъану	ягода	SA2012	гъаргъа́/ну | гъа́ргъану		
гъаргъан	грязь	AA2019	гъаргъа́н		
гъардайр	лущение	AA2019	гъа́рдайр		
гъардар	разлом	SA2012	гъа́рдар		
гъардибал	седло осла	SA2012	гъарди́бал		
гъардибал-къай	упряжь	AA2019	гъарди́бал-къай		
гъардибар	седло для осла	AA2019	гъарди́бар	-де	-лъи
гъардир	разлом	SA2012	гъа́рдир		
гъардиралъи	плод со съемной косточкой	SA2012	гъардира́лъи		
гъарим	бедняга	SA2012	гъари́м		
гъаримир	беспомощность	SA2012	гъари́мир		
гъарир	сытость	SA2012	гъа́рир		
гъаркъи	малина | земляника	AA2019+SA2012	гъа́ркъи	-	-лъи
гъармасса	сундук | ларь	SA2012	гъарма́сса		
гъармахъ	скоба	SA2012	гъарма́хъ		
гъарсси	кожа	AA2019+SA2012	гъа́рсси	-	-алъи
гъаруй	рев	AA2019	гъару́й		
гъарцIцIи	облепиха	SA2012	гъа́рцIцIи		
гъарщир	зацепка	SA2012	гъа́рщир		
гъацIа	кузнечик | стрекоза	AA2019+SA2012	гъа́цI/а | гъа́цIа	-е	-лъи
гъаца	безрогая порода скота	AA2019	гъаца		
гъачIалъи	деревянная мера, прибл. 5 кг | мера сыпучих тел ( объемом в половину мерки (рахху) или десять йакъе )	AA2019+SA2012	гъачIалъи | гъачIа́лъи		
гъвабдир	осыпание	SA2012	гъва́бдир		
гъвадихичIаб	непостижимый	AA2019	гъвадихичIа́б		
гъвани	голова | рассудок | поголовье	AA2019+SA2012	гъва́н/и | гъва́ни	-е	-лъи
гъваналъигьани	мозг	SA2012	гъва́налъигьани		
гъвандайр	дотрагивание	AA2019	гъва́ндайр		
гъванди	сел. Анди	AA2019	гъва́нди		
гъвандил	андийцы	SA2012	гъва́ндил		
гъвандилув	андиец	SA2012	гъва́ндилув		
гъвандилуй	андийка	SA2012	гъва́ндилуй		
гъвандир	дотрагивание | догадка | хитроумие	AA2019+SA2012	гъва́ндир	-	-лъи
гъвандо	тот, кто догнал	AA2019	гъвандо́		
гъванекIва	хозяин	AA2019+SA2012	гъване́кIва	-абалъи	-лъи
гъванекIвалъи	главенство | хозяин	SA2012	гъване́кIвалъи		
гъвани-щункIа	сбой	SA2012	гъва́ни-щункI/а		
гъваниссардир	помешательство	SA2012	гъва́ниссардир		
гъванки	глухой звук	SA2012	гъва́нки		
гъванща	затылок | шиворот	AA2019+SA2012	гъва́нщ/а | гъва́нща	-е	-алъи
гъвар-гъвари	грохот | ворчание | урчание	SA2012	гъвар-гъва́ри		
гъвар-гъварисар	урчание	SA2012	гъвар-гъва́рисар		
гъварану	верблюд	AA2019+SA2012	гъвара́н/у | гъвара́ну	-абалъи	-лъи
гъваранчу	см. кара́чел	SA2012	гъвара́нчу		
гъвардир	раскрытие	SA2012	гъва́рдир		
гъварилъи	глубокомыслие	AA2019	гъва́рилъи		
гъваркьи	подмышкой | треск | хруст	AA2019+SA2012	гъваркьи́ | гъва́ркьи		
гъваркьимусе	подмышкой	SA2012	гъваркьи́мусе		
гъвартIамалъи	сливки	AA2019	гъвартIамалъи		-лъи
гъели	рот | горловина	AA2019+SA2012	гъе́л/и | гъе́ли		
гъеру	ложка	AA2019+SA2012	гъе́р/у | гъе́ру	-ве	-лъи
гъерсс	орудие	SA2012	гъерсс		
гъибгъир	приход	AA2019	гъибгъи́р		
гъибдиди	годоберинцы	SA2012	гъибди́д/и		
гъибдилъи	годоберинцы	SA2012	гъибди́лъи		
гъиду	Годобери	AA2019	гъи́ду		
гъижи	бок | боковая сторона | борт	AA2019+SA2012	гъи́жи	-е	-лъи
гъижугъван	плечо	SA2012	гъи́жугъван		
гъижухамалъи	оплечье	AA2019	гъижуха́малъи		
гъижухан	плечо	AA2019	гъи́жухан	-де	-(и)лъи
гъил	смола | гудрон | асфальт	AA2019+SA2012	гъил | хъил//гъил		
гъин	имущество | зарплата | добро	AA2019+SA2012	гъин | гъи́н		
гъинцIа	камешек	AA2019	гъи́нцIа		
гъир	пополнение	AA2019	гъир		
гъира	желание | задор | энтузиазм	AA2019+SA2012	гъир/а́ | гъира́ | гъи́ра	-балъи | -е	-лъи
гъири	ручка	SA2012	гъи́р/и		
гъиргъир	приход	AA2019	гъиргъи́р		
гъирдиди	см. гъибди́ди	SA2012	гъирди́ди		
гъирдир	опора	SA2012	гъи́рдир		
гъичIир	неявка	AA2019	гъи́чIир	-де	-лъи
гъогъадир	качание	AA2019	гъо́гъадир		
гъогъодир	качание	SA2012	гъо́гъодир		
гъогъол	почка	AA2019	гъогъо́л	-де	-алъи
гъогъола	бутон | почки	AA2019+SA2012	гъогъо́ла	-абалъи	-лъи
гъолбас	подпись	AA2019	гъо́лбас	-абалъи	-алъи
гъоли	скорлупа	AA2019+SA2012	гъо́ли	-е	-лъи
гъолобер	гуж	AA2019	гъоло́бер		
гъомокийав	кумухец | лакец	SA2012	гъомоки́/йав		
гъомокиди	кумухцы | лакцы	SA2012	гъомоки́д/и		
гъомокийай	кумухка | лачка	SA2012	гъомоки́йай		
гъугъадир	встряска	AA2019	гъу́гъадир	-де	-лъи
гъугъу	см. гъу́ргъу	SA2012	гъу́гъу		
гъудалух	грузовая машина	AA2019	гъуда́лух		
гъудир	глубина | углубление	AA2019+SA2012	гъу́дир	-де	-лъи
гъузи	грязь	SA2012	гъу́зи		
гъузилаххвир	загрязнение	SA2012	гъузи́лаххвир		
гъуй	колодец	AA2019+SA2012	гъуй	-балъи	-лъи
гъулбас	подпись	SA2012	гъу́лбас		
гъуни	куча | уйма | завал	AA2019+SA2012	гъуни́ | гъу́ни	-е	-лъи
гъункидир	уплотнение	SA2012	гъу́нкидир		
гъункиду	всплошную	AA2019	гъунки́ду		
гъунчибайлъи	название местности	AA2019	гъу́нчибайлъи		
гъур-гъури	ропот	SA2012	гъур-гъу́ри		
гъур-гъурир	ропот	SA2012	гъур-гъу́рир		
гъургъу	голубь	AA2019+SA2012	гъу́ргъ/у | гъу́ргъу	-е	-улъи
гъургъар	рык | ворчание	SA2012	гъу́ргъар		
гъургъул	настенный ящик для ложек и вилок	AA2019	гъургъул		
гъургъулгьуркьа	фундук	SA2012	гъу́ргъулгьуркьа		
гъургъуна	голубушка	AA2019	гъургъуна		
гъургъуну	мифическое таинственное доброе животное	AA2019	гъургъуну		
гъурда	луг	AA2019+SA2012	гъу́рд/а | гъу́рда	-е	-алъи
гъурдайр	уничтожение	AA2019	гъу́рдайр		
гъурдир	ломка | взлом | разгром	AA2019+SA2012	гъу́рдир	-де	-лъи
гъури	валежник | хворост	AA2019+SA2012	гъу́ри	-	-лъи
гъури-гъара	валежник	AA2019	гъу́ри-гъа́ра	-	-лъи
гъурмещу	мурлыканье	AA2019	гъурме́щу		
гъурту	мерка на 1-2 кг	AA2019	гъурту	-е	-лъи
гъуртухъ	шкатулка	SA2012	гъурту́хъ//гъорто́хъ		
гъортохъ	шкатулка	SA2012	гъурту́хъ//гъорто́хъ		
гъуруш	рубль	AA2019	гъуру́ш		
гъурущ	рубль	SA2012	гъуру́щ		
гъурцIу	щипцы | клещи	AA2019+SA2012	гъу́рцI/у | гъу́рцIу	-абалъи	-лъи
гьай	глаз | фара | глазок	AA2019+SA2012	гьа/й | гьай	гьабдилъи	-лъи
гьаража	вперемежку	SA2012	гьа/р/а́жа		
гьаᴴъа	пот	SA2012	гьа́ᴴъа		
гьаба	уголь	AA2019+SA2012	гьа́б/а | гьа́ба		
гьаба-гьабажо	вперемежку	AA2019	гьа́ба-гьаба́жо		
гьабагъабажа	вперемежку	SA2012	гьабагъаба́жа		
гьабажир	смешение	SA2012	гьаба́жир		
гьабахир	мягкость	SA2012	гьаба́хир		
гьабигьан	мельник | см . хвабу́хъан	AA2019+SA2012	гьаби́гьан	-де	-илъи
гьабигьанлъи	см . хва- бу́хъанлъи	SA2012	гьаби́гьанлъи		
гьаболълъи	тройка	AA2019	гьабо́лълъи		
гьабубешунуда	триста	AA2019	гьабубешуну́да		
гьабудакьу	три недели	AA2019	гьабу́дакьу		
гьава	воздух | климат | страсть	AA2019+SA2012	гьав/а́ | гьава́	-балъи	-лъи
гьава-бакъ	климат	SA2012	гьава́-бакъ		
гьагабир	блажь	AA2019	гьагабир	-де	-лъи
гьагалълъассуб	см. галълъа́ссуб	SA2012	гьага́лълъассуб		
гьагар	боль | болезнь | заболевание	AA2019+SA2012	гьа́гар	-де	-лъи
гьаглъи	бестолочь	AA2019	гьа́глъи	-балъи	-илъи
гьагъабццуб	наяву	AA2019	гьагъа́бццуб		
гьагъайр	показ | показание | доказательство	AA2019	гьа́гъайр	-де	-лъи
гьагъар	показ	SA2012	гьа́гъар		
гьагъе	фундамент	AA2019+SA2012	гьагъе | гьа́гъе		
гьагъир	зрение | видимость | вид	AA2019+SA2012	гьа́гъир	-де	-лъи
гьагъихичIабир	неприметность	AA2019	гьагъихичIа́бир		
гьагъичIир	близорукость	AA2019	гьа́гъичIир	-	-лъи:
гьагьадир	хохот	SA2012	гьагьа́дир		
гьагьаласар	зевание | зевок	AA2019+SA2012	гьагьа́ласар	-де	-лъи
гьади-регъил	голень	AA2019	гьади-регъил		
гьадирегъил	голень	SA2012	гьа́дирегъи/л		
гьаи	см. гьагъи́	SA2012	гьа́и		
гьай-йай-йай	ай-ай-ай	SA2012	гьай-йай-йай		
гьайбалъи	изящество | благонравие	AA2019	гьайба́лъи	-	-лъи
гьайбалъир	величавость | прелесть	AA2019+SA2012	гьа́йбалъир | гьайба́лъир//гьайба́тлъир	-де	-лъи
гьайбатлъир	прелесть	SA2012	гьайба́лъир//гьайба́тлъир		
гьайбатабир	прелесть	SA2012	гьайба́табир		
гьайкар	талисман | амулет	AA2019+SA2012	гьайкар | гьа́йкар		
гьакIвабалъи	лозняк	AA2019	гьакIва́балъи		
гьакIубар	тяжесть	AA2019+SA2012	гьакIубар | гьакIу́бар	-де	-лъи
гьакихъан	подитель арбы	AA2019	гьаки́хъан	-де	-илъи
гьакур	жатва	SA2012	гьа́кур		
гьакъу	неделя	AA2019	гьа́къу	-	-илъи
гьакьи	охапка | чеать | прясти	AA2019+SA2012	гьа́кь/и | гьакьи́	-е	-лъи
гьакьу	расческа | гребень-чесалка | гребень-уплотнитель	AA2019+SA2012	гьа́кь/у | гьа́кьу	-ве	-улъи
гьакьалълъи	семерка	AA2019	гьакьа́лълъи		
гьакье	см. гьа́кьи	SA2012	гьакье́		
гьакьубешунда	семьсот	SA2012	гьакьу́бешунда		
гьакьубешунуда	семьсот	AA2019	гьакьубешуну́да		
гьакьуцIайда	семьдесят	AA2019	гьакьуцIа́йда		
гьакьуцIалида	семьдесят	SA2012	гьакьуцIа́лида		
гьакьуцIалилъи	семьдесят	SA2012	гьакьуцIалилъи		
гьала	ветвь | ветвь плетения | мешочек	AA2019+SA2012	гьа́л/а | гьа́ла	-е	-лъи
гьаладаццуб	задаром	AA2019	гьа́ладаццуб		
гьалакаб	девушка лёгкого поведения	AA2019	гьала́ка=б		
гьалакир	возбуждение | нервность | волнение	AA2019+SA2012	гьала́кир	-де	-лъи
гьале-кьару	название улицы в Ботлихе	AA2019	гьале-кьа́ру		
гьаленкIва	подкова	AA2019	гьале́нкIва	-балъи	-лъи
гьали	подкова | фасоль | горох	AA2019+SA2012	гьали | гьа́ли		
гьалигIатI	мука	SA2012	гьали́гIатI		
гьалмагъ	товарищ	AA2019+SA2012	гьа́лмагъ		
гьалмагълъи	товарищество | друзья-товарищи | компания	AA2019+SA2012	гьа́лмагълъи		
гьалургIа	недотрепа	SA2012	гьалу́ргIа		
гьалълъассуб	здешний	SA2012	гьа́лълъассу/б		
гьамахи	мн. -е, рп. от осёл | осел	AA2019+SA2012	гьа́махи	-е	-лъи
гьамахилъигьантIукIа	щавель	SA2012	гьамахи́лъигьантIукIа		
гьамдар	раскрытие	SA2012	гьа́мдар		
гьамдир	разговор	SA2012	гьа́мдир		
гьанатIир	раскрытие	SA2012	гьана́тIир		
гьанда	лоб | горизонтальная балка | верхняя лицевая часть черепа	AA2019+SA2012	гьа́нд/а | гьа́нда	-е	-алъи
гьанду-рикьи	хорь	AA2019	гьа́нду-рикьи		
гьандурикьи	ласка	SA2012	гьа́ндурикь/и		
гьани	мозг | лесной | село	AA2019+SA2012	гьа́ни	-е	-лъи | -илъи
гьани-бай	окраина села	AA2019	гьани-бай		
гьанкIадир	встряска	AA2019	гьанкIа́дир	-де	-лъи
гьанкIва	гоздь | гвоздь	AA2019+SA2012	гьа́нкIв/а | гьа́нкIва	-е	-лъи
гьанкIела	вперевалку	AA2019	гьанкIе́ла		
гьанкъу	здание | дом | комната	AA2019+SA2012	гьа́нкъ/у | гьа́нкъу	-вабалъи	-лъи
гьанкъасар	жажда	SA2012	гьанкъаса́р		
гьанкъасир	жажда	AA2019	гьа́нкъасир	-	-лъи
гьанкъвабалъи	дом	AA2019	гьанкъва́балъи		-лъи
гьанкъу-къай	предметы домашнего обихода	AA2019	гьа́нкъу-къай		
гьанкьи	название садового участка	AA2019	гьанкьи́		
гьанлIиссув	сельчанин	SA2012	гьанлIи́ссу/в		
гьантIукIа	ухо	SA2012	гьантIу́кIа		
гьантIукIариккир	слушание	SA2012	гьантIу́кIариккир		
гьанулъа	овца	AA2019+SA2012	гьану́лъа	-балъи	-лъи
гьанчIирар	обрезка	SA2012	гьанчIира́р		
гьаражир	общительность	SA2012	гьара́жир		
гьарде	наяву	SA2012	гьарде́		
гьарзалъи	обилие	AA2019	гьарза́лъи	-абалъи	-лъи
гьарзалъир	изобилие | щедрость	AA2019+SA2012	гьарза́лъир	-де	-лъи
гьаркIкIи	жена | самка	SA2012	гьа́ркIкI/и		
гьаркIкIикьани	многоженец	AA2019	гьаркIкIикьани́		
гьарсс	гоп	SA2012	гьарсс		
гьархьелар	качка	SA2012	гьархье́лар		
гьарчIчIа	равнина | площадь	AA2019+SA2012	гьа́рчIчI/а | гьарчIчIа		
гьарчIчIу	голос	SA2012	гьа́рчIчI/у		
гьарчелар	тряска	SA2012	гьарче́лар		
гьатIи	тесто	AA2019+SA2012	гьа́тIи		
гьау	грудинка	SA2012	гьа́у		
гьацIалIи	десятка	AA2019	гьацIа́лIи		
гьацIахар	белок	AA2019	гьа́цIахар	-де	-лъи
гьацIахха	белогвардейцы	SA2012	гьа́цIахха		
гьацIаххагьай	глазной белок	SA2012	гьа́цIаххагьай		
гьацIаххар	седина | белок	AA2019+SA2012	гьа́цIаххар		
гьацIаххаунщи	мергель	SA2012	гьа́цIаххаунщи		
гьацIаххир	поседение	SA2012	гьа́цIаххир		
гьацIаши	полтинник	AA2019	гьацIа́ши		
гьачIа	расстояние между раздвинутыми ногами | расстояние	AA2019+SA2012	гьа́чIа	-е	-алъи
гьачIалIи	девятка	AA2019	гьачIа́лIи		
гьачIиб	низина	AA2019	гьачIи́б	-де(е) | -де	-алъи
гьаъадир	зевок	SA2012	гьаъа́дир		
гьеабигъир	настойчивость	SA2012	гьеаби́гъир		
гьеакIанцIир	нападение	SA2012	гьеакIа́нцIир		
гьеарахъи	верхняя сторона	SA2012	гьеара́хъи		
гьеассуб	всевышний	SA2012	гьеа́ссуб		
гьеатIамир	натравливание	SA2012	гьеатIа́мир		
гьеберсси	неправда	AA2019	гьебе́рс(с)и	-абалъи	-лъи
гьеберси	неправда	AA2019	гьебе́рс(с)и	-абалъи	-лъи
гьебесси	ложь	SA2012	гьебе́сс/и		
гьегъовгьекIва	чужак	SA2012	гьегъо́вгьекIва		
гьедир	теленок	AA2019+SA2012	гьеди́/р | гьеди́р		
гьекIва	человек	AA2019	гье́кIва		
гьеку	Верхний Ботлих	AA2019	гье́ку		
гьенассуб	теперешний	AA2019+SA2012	гье́нассу/б | гье́нассуб		
гьеркъи	длинный тулуп	SA2012	гье́ркъ/и		
гьеркьи	кожух	AA2019	гье́ркьи	-е	-илъи
гьерссарухъан	обманщик	AA2019	гьерсса́рухъан	-де	-илъи
гьерссухъан	обманщик | врун	AA2019+SA2012	гьерссу́хъан | гье́рссухъан	-де	-илъи
гьерссухъанлъи	занятие лжеца	SA2012	гьерссу́хъанлъи		
гьерцIа	корыто | лодка | лоханка	AA2019+SA2012	гье́рцIа	-е	-лъи
гьерчIу-ресхъе	полдень	AA2019	гье́рчIу-ресхъе́		
гьеседир	намерение	SA2012	гье́седир		
гьессуб	потусторонний	AA2019	гье́ссуб		
гьецIил	палец	AA2019+SA2012	гьецIи́/л | гьецIи́л	гьецIибалъи	-алъи
гьецIибащу	кольцо	AA2019	гьецIи́бащу	-абалъи	-лъи
гьецIибущу	кольцо	SA2012	гьецIи́бущ/у		
гьечIуш	см. гьецIи́бущу	SA2012	гьечIу́ш		
гьеъал	днём	AA2019	гье́ъал		
гьиᴴву	см. гьи́нгъул	SA2012	гьи́ᴴву		
гьиᴴгьу	груша	SA2012	гьи́ᴴгьу		
гьиᴴи	см. гьингъи́	SA2012	гьиᴴи		
гьибгъир	приход	SA2012	гьибгъи́р		
гьибгьил	трус	AA2019	гьи́бгьил		
гьибгьил-русси	трус	AA2019	гьи́бгьил-русси		
гьибдир	испуг | угроза | боязнь	AA2019+SA2012	гьи́бдир	-де	-лъи
гьибдихичIабир	неустрашимость	AA2019	гьибдихичIа́бир	-де	-лъи
гьибир	см. гьибгъи́р	SA2012	гьиби́р		
гьибцIайр	набивка	AA2019	гьибцIа́йр	-де	-лъи
гьибцIидера	дополна	AA2019	гьибцIиде́ра		
гьибцIир	наполнение	SA2012	гьи́бцIир		
гьигьирайхаб	поливной	AA2019	гьигьира́йхаб		
гьикъа-бакъир	расспросы	SA2012	гьи́къа-ба́къир		
гьикьаб	сказанное	SA2012	гьикьа́б		
гьикьадир	понижение	SA2012	гьикьа́дир		
гьикьи-регьир	заклад	AA2019	гьикьи́-регьир		
гьикьи-ригъир	засада	AA2019	гьикьи́-ри́гъир		
гьикьиб	корень | корень зуба	AA2019+SA2012	гьикьи́б | гьи́кьиб	-де	-алъи
гьикьибукIайр	залог	AA2019	гьикьи́букIайр	-	-лъи
гьикьигъал	порог	AA2019	гьикьигъал		
гьикьидвеччикуйр	недержание	AA2019	гьикьи́двеччикуйр	-де	-лъи
гьикьикуда	исподтишка	SA2012	гьикьи́куда		
гьикьимарссу	название садовой местности	AA2019	гьи́кьимарссу		
гьикьин	см. гьикьи́б	SA2012	гьикьи́н		
гьикьир	выговор | высказывание | поговорка	AA2019+SA2012	гьикьи́р	-	-лъи
гьикьирахъи	низ	AA2019	гьикьира́хъи	-е	-лъи
гьикьуссуб	исподний	AA2019	гьикьу́ссуб		
гьила	тополь	AA2019	гьи́ла		
гьими	шило	AA2019+SA2012	гьи́м/и | гьи́ми		
гьимдир	улыбка	AA2019	гьи́мдир		
гьингур	окно | отверстие в стене	AA2019+SA2012	гьи́нгур	-де	-илъи
гьингъви	миарс. гьиби́	SA2012	гьингъви́		
гьингъи	миарс. гьи́ ᴴи	SA2012	гьингъи́		
гьингъу	дно	AA2019	гьи́нгъу	-ве	-лъи
гьингъул	дно	SA2012	гьи́нгъул		
гьинкIкIва	мышь	SA2012	гьи́нкIкIв/а		
гьинкIуш	амбар | закром	AA2019+SA2012	гьинкIу́ш	-де(-абалъи) | -де	-(а)лъи
гьинугьай	зрачок	SA2012	гьину́гьай		
гьинулъимар	название склона хребта Цагван	AA2019	гьинулъимар		
гьинусебарду	название садовой местности	AA2019	гьи́нусебарду		
гьинуссессуб	потроха | кишечник | нутро	AA2019+SA2012	гьи́нуссе:ссуб | гьинуссессуб	-де	-лъи
гьинцIцIу	гумно | дверь	AA2019+SA2012	гьинцI(цI)у | гьи́нцIцI/у		
гьинцIу	гумно	AA2019	гьинцI(цI)у		
гьинцIа	камень	AA2019+SA2012	гьи́нцIа	-	-лъи
гьинцIокъ	кувалда | молот	AA2019+SA2012	гьинцIо́къ	-абалъи	-илъи
гьинцIцIу-регьи	все, что закрывается в доме	AA2019	гьинцIцIу-регьи		
гьинцIцIубайлъи	название части сел. Ботлих	AA2019	гьи́нцIцIуба́йлъи		
гьир	переделка	AA2019	гьир		
гьира	облако | туман | туча	AA2019+SA2012	гьи́ра	-е	-лъи
гьирайр	установление плохой погоды	AA2019	гьирайр		
гьиращир	облачность	SA2012	гьи́ращир		
гьиргъи	см. гьибгъи́	SA2012	гьиргъи́	I	
гьири	кровь	AA2019+SA2012	гьи́ри	-	-лъи
гьиркIкIидайр	икание	AA2019	гьи́ркIкIидайр		
гьирцIайр	повышение | подъём	AA2019	гьи́рцIайр	-де	-лъи
гьирцIайхаб	перекидной	AA2019	гьирцIайха́б		
гьирцIир	возвышение | высота	AA2019+SA2012	гьи́рцIир	-де	-лъи
гьитIич	кроха	SA2012	гьитIи́ч		
гьицIцIицIцIидар	действительность	AA2019	гьи́цIцIицIцIидар		
гьичIчIир	подъем	SA2012	гьи́чIчIир		
гьичIчIума	доброе утро	SA2012	гьи́чIчIума		
гьо-гьа	возглас	SA2012	гьо:-гьа		
гьогобда	см. го́бда	SA2012	гього́бда		
гьоголълъассуб	см. го́лълъассуб	SA2012	гього́лълъассуб		
гьогьадар	хохот	AA2019	гьогьа́дар		
гьогьом	прохлада	SA2012	гьогьо́м		
гьогьомир	прохлада	SA2012	гьогьо́мир		
гьодир	дыхание	SA2012	гьо́дир		
гьойцу	подзывание телёнка | телёнок	AA2019	гьойцу		
гьоко	телега	AA2019	гьоко́	-балъи	-лъи
гьокочи	возница	AA2019	гьоко́чи	-е	-лъи
гьоп	гоп	SA2012	гьоп:		
гьоркьохъанлъи	посредничество	AA2019	гьоркьо́хъанлъи		
гьуᴴ	межд. гм	AA2019	гьуᴴ		
гьугьадар	качка	AA2019	гьу́гьадар		
гьугьадир	встряска	AA2019	гьу́гьадир	-де	-лъи
гьудалъанси	плотник	AA2019	гьу́далъанси		
гьудалъансилъи	плотничество	AA2019	гьу́далъансилъи		
гьуди	дрова | древесина	AA2019	гьу́ди	-	-лъи
гьудул	друг | возлюбленный | шафер	AA2019+SA2012	гьуду́л	-забалъи	-алъи
гьудул-гьалмагъ	друг	SA2012	гьуду́л-гьа́лмагъ		
гьудул-гьалмагълъи	друзья | дружба	SA2012	гьуду́л-гьа́лмагълъи		
гьудулай	приятельница | подруга невесты | подруга	AA2019+SA2012	гьуду́л/ай | гьуду́лай	-забалъи	-лъилъи
гьудуллъи	дружба	AA2019+SA2012	гьуду́ллъи		
гьужум	штурм | наступление	AA2019+SA2012	гьужу́м		
гьуй-гьарай	вой	AA2019	гьуй-гьара́й	-	-лъи
гьукъир	запрет	AA2019	гьу́къир	-	-лъи
гьума	прогон | клуб | столб	AA2019+SA2012	гьу́ма	-е (ибалъи) | -е	-(и)лъи
гьумер	страница	SA2012	гьуме́р		
гьуму	ноготь | коготь	AA2019	гьу́му	-абалъи	-улъи
гьумуру	пригоршня	SA2012	гьуму́ру		
гьунар	талант | успех | подвиг	AA2019+SA2012	гьуна́р | гьу́нар	-де	-алъи/-илъи | -алъи
гьункьи	рывок	SA2012	гьу́нкьи		
гьункьидир	бросок | рывок	AA2019+SA2012	гьу́нкьидир	-де	-лъи
гьунцIцIи	мед	SA2012	гьу́нцIцI/и		
гьунчIа	сено | зелье | трава	AA2019+SA2012	гьу́нчI/а | гьу́нчIа	-	-лъи
гьургу	матрац	AA2019+SA2012	гьу́рг/у | гьу́ргу	-абалъи	-лъи
гьургьулу	ящерица	AA2019+SA2012	гьургьу́л/у | гьургьу́лу		
гьурдир	тряска	SA2012	гьу́рдир		
гьуркьа	орех	AA2019+SA2012	гьу́ркь/а | гьу́ркьа	-	-лъи
дади	папа	AA2019+SA2012	да:ди | да́ди	-е	-лъи
даᴴв	бум	AA2019	даᴴв		
дабагъа	сыромять	SA2012	даба́гъа		
давла	добыча	SA2012	давла́		
давула	набег | добыча	AA2019	даву́ла	-балъи	-лъи
дагIба	спор | претензия	AA2019+SA2012	дагIб/а́ | дагIба́		
дагIба-къец	спор | тяжба	SA2012	дагIба́-къец		
дагIбадулав	драчун	AA2019	да́гIбадулав	-л	-щуб
дагIимабир	обыкновенность	AA2019	дагIи́мабир		
дагIимир	продолжительность	AA2019	дагIи́мир		
дагIимлъи	вечность	AA2019	дагIи́млъи	-	-лъи
дагъабасар	игра в кости	SA2012	дагъа́басар		
дагъалу	маленькие камешки для игры	AA2019	дагъа́лу		
дагъистан	Дагестан	SA2012	дагъистан		
дагъистанийав	дагестанец	SA2012	дагъистани́йав		
дагъистанийай	дагестанка	SA2012	дагъистани́йай		
дагъистанийал	дагестанцы	SA2012	дагъистани́йал		
дада	пыль	SA2012	да́да		
дадичу	папаша	AA2019	дади́чу		
дайарка	доярка	AA2019+SA2012	дайа́рка	-абалъи	-лъи
дайаркалъи	занятие доярки	SA2012	дайа́ркалъи		
даклад	доклад	AA2019+SA2012	дакла́д	-абалъи	-алъи
дакумент	документ	AA2019+SA2012	дакуме́нт | даку́мент	-абалъи	-илъи
дакументаци	документация	AA2019	дакумента́ци		
далак	парикмахер	AA2019	далак		
далакбесун	бритва	AA2019	далакбесун		
далакнус	бритва	AA2019	далакнус		
далакчи	парикмахер	AA2019	далакчи		
далир	провисание	SA2012	да́лир		
дама	дама	AA2019	да́ма	-е	-лъи
дамба	дамба	AA2019	да́мба	-е	-лъи
дамдал	зоб	AA2019	дамда́л	-де	-алъи
дамдам	зоб	SA2012	дамда́м		
дамкрат	домкрат	AA2019	дамкра́т	-абалъи	-илъи
дангъва	красота | приятное поведение	AA2019	да́нгъва		
дандабуккичIир	разлад	SA2012	дандабуккичIир		
дандагьир	собрание	SA2012	да́ндагьир		
дандалъайр	мобилизация	AA2019	да́ндалъайр		
дандалъир	встреча | собрание | сбор	AA2019+SA2012	да́ндалъир	-де	-лъи
дандарахир	встреча	SA2012	да́ндарахир		
дандахвар	пререкания | пререкание	AA2019+SA2012	да́ндахвар		
данди-битIив	напрямик	AA2019	данди-битIи́в		
дандийав	соперник | свояк	SA2012	данди́йа/в		
дандийай	соперница | жена брата	SA2012	данди́йа/й		
дани	барабан	AA2019+SA2012	да́ни	-е	-лъи
данихъан	барабанщик	AA2019	данихъан	-де	-илъи
дапрос	допрос	AA2019	дапро́с	-абалъи	-алъи
дару	лекарство	AA2019+SA2012	дар/у́ | дару́	-балъи	-лъи
даража	уровень | превосходство | степень	AA2019+SA2012	даража́		
дарай	шёлк	AA2019+SA2012	дара́й		
дарам	торг | торговля | брачный союз	AA2019+SA2012	дара́м		
даранка	дранка	AA2019	дара́нка	-абалъи	-лъи
дарап	драп	AA2019	дара́п	-	-алъи
дарман	лекарство | отрада	SA2012	дарма́н		
дарс	урок	AA2019	дарс		
дару-сабаб	целебное средство | способ	SA2012	дару́-саба́б		
дарц	урок | предмет	AA2019	дарц		
дарцц	урок	SA2012	дарцц		
даска	доска	AA2019+SA2012	даск/а́ | даска́	-балъи	-лъи
дахIцабалъи	чарыки	SA2012	да́хI/цабалъи	чарыки	
даход	доход	SA2012	дахо́д		
дацент	доцент	AA2019	даце́нт	-абалъи	-алъи
дача	дача	AA2019	да́ча	-е	-лъи
дванга	см. до́нги	SA2012	два́нга		
дванкадир	затишье	AA2019	два́нкадир		
двар-двари	топот	SA2012	двар-два́ри		
дваргъи-гIанхъи	грохот	AA2019	два́ргъи-гIа́нхъи		
двардвари	дробь	AA2019	два́рдвари	-	-лъи
дед-мароз	дед мороз	AA2019	дед-маро́з	-абалъи	-алъи
дедом	детдом	AA2019	дедо́м	-де	-алъи
дежурни	дежурный	AA2019+SA2012	дежу́рни	-абалъи	-лъи
декрет	декрет	SA2012	декре́т		
делегат	делегат	SA2012	делега́т		
делегацийа	делегация	SA2012	делега́ций(а)		
делегаций	делегация	SA2012	делега́ций(а)		
демонстраци	демонстрация	AA2019	демонстра́ци		
депутат	депутат	SA2012	депута́т		
депутатлъи	депутатство	SA2012	депута́тлъи		
дергва	летучая мышь	AA2019+SA2012	де́ргв/а | де́ргва	-е	-лъи
деректор	директор	SA2012	дере́ктор		
деректорлъи	директорство	SA2012	дере́кторлъи		
дерел	дрель	AA2019	дере́л	-де	-алъи
джаваб	ответ | ответственность	SA2012	джава́б		
джавабийавлъи	ответственность	SA2012	джавабийавлъи		
джавабчилъи	ответственность	SA2012	джава́бчилъи		
джагIза	карать	AA2019	джагIза́	-балъи	-лъи
джагьил	неуч	AA2019	джагьил		
джагьилав	неграмотный	SA2012	джагьи́ла/в		
джаз	джаз	AA2019	джаз	-е	-илъи
джаза	наказание | расправа	AA2019+SA2012	джаз/а́ | джаза́		
джазму	экстаз	SA2012	джа́зму		
джазну	азарт | экстаз | неистовство	AA2019	джа́зну	-	-лъи
джайран	джейран	AA2019	джайра́н	-де	-илъи
джамагIат	общество | община | совершить совместный намаз	AA2019+SA2012	джама́гIат | джа́магIат	-де	-илъи
джамадул-ахир	июнь	AA2019	джама́дул-ахир		
джамадул-ула	май	AA2019	джама́дул-ула		
джан	сила	SA2012	джан		
джанавур	хищник	AA2019	джана́вур	-де	-лъи
джаназа	покойник | труп	AA2019+SA2012	джана́з/а | джана́за	-(а)балъи	-лъи
джанахI	коридор	AA2019	джана́хI		
джандарма	жандарм	AA2019	джанда́рма	-	-илъи
джаргъу	сковорода	AA2019+SA2012	джаргъ/у́ | джаргъу́		
джахIда	неприязнь | зависть	AA2019+SA2012	джа́хIда	-де	-лъи
джахIда-букир	неприязненность	AA2019	джа́хIда-букир		
джахIдалъи	см. джа́хIда	SA2012	джа́хIдалъи		
джем	джем	AA2019	джем	-	-илъи
джемпир	джемпер	AA2019	дже́мпир	-де	-илъи
джен	джинн	AA2019	джен	-е	-илъи
дженар	черт | дух	AA2019+SA2012	дже́нар		
джигит	джигит	AA2019	джиги́т	-абалъи	-илъи
джиндал	переплёт	AA2019	джинда́л	-де	-илъи
джинджи	бубенчик	AA2019	джинджи́	-балъи	-лъи
джинс	пол | вид | род	AA2019+SA2012	джинс	-е	-илъи
джугьутI	иуда	AA2019	джугьу́тI	-ал	-алъи
джуджахI	ад	AA2019+SA2012	джуджа́хI	-де	-алъи
джузи	одна тридцатая часть Корана	SA2012	джу́з/и		
джунгле	джунгли	AA2019	джу́нгле	-	-елъи
джурнал	журнал	AA2019	джурнал		
дзин-дзин	звукоподр. звону колокольчика	AA2019	дзин-дзин		
диᴴв-да	звукоподр. звону колокольчика	AA2019	диᴴв-да		
диагноз	диагноз	AA2019	диа́гноз	-	-илъи
дибда	мулла	AA2019	ди́бда		
дибир	мулла	AA2019+SA2012	диби́р	-забалъи(де) | -забалъи	-илъи
диван	диван | суд	AA2019+SA2012	дива́н	-де	-алъи
диверси	диверсия	AA2019	диве́рси	-	-лъи
дивизи	дивизия	AA2019	диви́зи	-йабалъи	-лъи
дивирсант	диверсант	AA2019	ди́вирсант	-абалъи	-илъи
дизинтири	дизентерия	AA2019	дизинтири́	-	-лъи
дийета	диета	AA2019	дийе́та	-	-лъи
дикабир	декабрь	AA2019	дика́бир	-	-лъи
дикан	декан	AA2019	дика́н	-де	-илъи
дикараци	декорация	AA2019	ди́караци	-йабалъи	-лъи
диклараци	декларация	AA2019	диклара́ци	-йабалъи	-лъи
дикрет	декрет	AA2019	дикре́т	-абалъи	-алъи
диктант	диктант	AA2019+SA2012	дикта́нт	-е	-алъи
диктатор	диктатор	AA2019	дикта́тор	-забалъи	-илъи/-иб
диктор	диктор	AA2019	ди́ктор	-де/-забалъи	-илъи
дилигат	делегат	AA2019	дилига́т	-абалъи	-илъи
дилигаци	делегация	AA2019	дилига́ци		
дин	религия	AA2019+SA2012	дин	-	-илъи
динамик	динамик	AA2019	дина́мик	-абалъи	-алъи
динамит	динамит	AA2019	ди́намит	-	-илъи
динди	см. ишку́р	SA2012	ди́нди		
диневник	дневник	AA2019	диневни́к	-абалъи	-илъи
дипламат	дипломат	AA2019	ди́пламат	-абалъи	-илъи
дипламататлъи	дипломатия	AA2019	ди́пламататлъи		
диплом	диплом	AA2019	дипло́м	-де	-алъи
диптири	дифтерия	AA2019	ди́птири	-	-илъи
дипутат	депутат	AA2019	дипута́т	-е	-илъи
директор	директор	AA2019	дире́ктор	-забалъи	-иб
директорлъи	директорство	AA2019	дире́кторлъи		
дирекци	дирекция	AA2019	дире́кци	-йабалъи	-лъи
диржабил	дирижабль	AA2019	диржа́бил	-де	-лъи
дирижор	дирижёр	AA2019	дирижо́р	-забалъи	-илъи
дирижорлъи	дирижерство	AA2019	дирижо́рлъи		
дисант	десант	AA2019	диса́нт	-абалъи	-илъи
диска	диск	AA2019	ди́ска	-е	-алъи
дискуси	дискуссия	AA2019	диску́си	-йабалъи	-лъи
дисссертаци	диссертация	AA2019	дисссерта́ци	-йабалъи	-лъи
дицциметра	дециметр	AA2019	дицци́метра	-абалъи	-лъи
доза	доза	AA2019	до́за	-е	-лъи
долар	доллар	AA2019	до́лар	-де	-илъи
долълъассуб	тамошний	SA2012	до́лълъассу/б		
домино	домино	AA2019	домино́	-	-лъи
донги	яма | выбоина	AA2019+SA2012	до́нг/и | до́нги	-е	-лъи
дордол	желоб	SA2012	дордо́л		
дороб	дробь	AA2019	дороб	-де	-алъи
драма	драма	AA2019	дра́ма		
дрр-дррр	тпру	SA2012	дрр-дррр		
дубликат	дубликат	AA2019	дублика́т	-абалъи	-илъи
дубчики-дубчики	позывной клич для коня	SA2012	ду́бчики-ду́бчики		
дугIа	молитва | мольба | заклинание	AA2019+SA2012	дугI/а́ | дугIа́	-балъи	-лъи
дунел	мир | земля | погода	AA2019+SA2012	дуне́л	-де(балъи) | -де	-лъи
дунел-гIалам	вселенная | много	SA2012	дунел-гIала́м		
дуржина	дружина	AA2019	ду́ржина	-балъи	-лъи
дуржиникI	дружинник	AA2019	дуржи́никI	-абалъи	-илъи
дурна	бинокль	SA2012	дурн/а́		
дурнабалъи	бинокль	AA2019	дурна́балъи	-	-лъи
духи	ком шерсти | духи	AA2019+SA2012	ду́х/и | духи́	-	-лъи
душ	душ	AA2019	душ	-е	-илъи
дуъел	дуэль	AA2019	дуъе́л	-де	-алъи
е	сферы собеседников	SA2012	е		
жабдайр	повреждение	AA2019	жа́бдайр		
жабдир	боль	SA2012	жа́бдир		
жабрабалъи	жабры	AA2019	жа́брабалъи		
жаваб	ответ | ответственность	AA2019	жава́б	-де	-алъи
жавгьар	бриллиант | жемчуг	AA2019+SA2012	жавгьа́р	-де	-илъи
жавгьар-йакъут	драгоценности	SA2012	жавгьа́р-йакъу́т		
жага	вишня	AA2019+SA2012	жа́г/а | жа́га	-е	-лъи
жагарир	старение	SA2012	жа́гарир		
жагъалир	порча	SA2012	жагъа́лир		
жагъаллъи	неисправность	SA2012	жагъа́ллъи		
жагьандаман	преисподня | край света	SA2012	жагьандама́н		
жагьилав	неуч	SA2012	жагьи́ла/в		
жадайр	загар	AA2019	жада́йр		
жайран	антилопа	SA2012	жайра́н		
жали	челка | грива | вихор	AA2019+SA2012	жа́л/и | жа́ли	-е	-лъи
жамжа	белка | лесная соня	AA2019+SA2012	жа́мж/а | жа́мжа	-е(е) | -е	-(а)лъи
жами	жгут	AA2019	жа́ми		
жана	вино	AA2019+SA2012	жа́н/а | жа́на	-е	-алъи
жанавар	зверь	SA2012	жана́вар		
жанахI	коридор	SA2012	жана́хI		
жануб	юг	AA2019	жануб		
жаркко	жаркое	AA2019	жаркко́	-балъи	-лъи
жваркьин	кнут	SA2012	жваркьи́н		
жегвара	грибок на дереве	AA2019	жегвара		
железобетон	железобетон	AA2019	железобето́н	-	-илъи
жергъен	см. ще́нги	SA2012	жергъе́н		
жи	черви | яйца мух | личинки мух на мясе, сыре	AA2019+SA2012	жи | жи́		
жигар	старание	SA2012	жига́р		
жигарир	живость | предприимчивость	AA2019+SA2012	жига́рир | жига́рир//жига́рлъи	-	-лъи
жигарлъи	живость | предприимчивость	SA2012	жига́рир//жига́рлъи		
жигетка	жакет	SA2012	жиге́тк/а		
жижи	мясо	SA2012	жи́жи		
жила	рубашка | платье	AA2019+SA2012	жи́ла	-балъи | -е	-лъи
жилдал	переплет	SA2012	жи́лдал		
жимжикIвар	щемление	SA2012	жи́мжикIвар		
жимих	жмыхи	AA2019	жими́х	-	-илъи
жингуралъи	калач | бублик	AA2019+SA2012	жингура́лъи	-абалъи (-е) | -абалъи	-лъи
жиндар	обложка	AA2019	жинда́р	-де	-илъи
жинкIидир	вывих	SA2012	жи́нкIидир		
жинкьидир	растяжение | ушиб	AA2019	жи́нкьидир		
жирапа	жираф	AA2019	жира́па	-балъи	-лъи
жирдайр	мимика	AA2019	жи́рдайр	-де	-лъи
жола	прут | ива | ивовые прутья	AA2019+SA2012	жо́л/а | жо́ла	-е	-(а)лъи
жолакIур	ива	SA2012	жо́лакIур		
жолалъихъарсу	нутряной жир	SA2012	жо́лалъихъарсу		
жолорка	глист	AA2019+SA2012	жоло́рка	-балъи	-лъи
жоркьин	бич	AA2019	жоркьи́н	-де(е) | -де	-а(а)лъи
жубай	сложение | плюс	AA2019+SA2012	жуба́й	-балъи	-лъи
жугьутIав	еврей	SA2012	жугьу́тIав		
жугьутIай	еврейка	SA2012	жугьу́тIай		
жугьутIал	евреи	SA2012	жугьу́тIал		
жужадар	размазывание	SA2012	жу́жадар		
жужадир	размазня	AA2019	жу́жадир		
жужу	насекомое	SA2012	жу́жу		
жуликI	жулик	AA2019	жу́ликI	-абалъи	-алъи
жуна	подбородок	AA2019+SA2012	жу́на	-е	-лъи
жундар	кишение	SA2012	жу́ндар		
журжар	движение | шевеление	AA2019+SA2012	журжа́р | жу́ржар	-	-лъи
журжуку	вертлявый человек	AA2019	журжу́ку		
жури	жюри	AA2019	жури́	-	-лъи
журнал	журнал	AA2019+SA2012	журна́л	-де	-(а)лъи
журналист	журналист	AA2019	журнали́ст	-е	-илъи
зай	кулак	AA2019+SA2012	за\й | зай	-абдилъи	-лъи
заатехник	зоотехник	AA2019	заате́хник	-де	-илъи
забор	забор	AA2019	забо́р	-де	-алъи
забур	псалтырь	AA2019	забу́р		
завал	пора | зенит | расцвет	AA2019+SA2012	зава́л	-де	-алъи
заведени	заведение	AA2019	заведе́ни	-йабалъи	-лъи
заведущи	заведующий	SA2012	заве́дущи		
завод	завод	AA2019+SA2012	заво́д	-абалъи	-алъи
завуч	завуч	SA2012	за́вуч		
завучлъи	занятие завуча	SA2012	за́вучлъи		
завхоз	завхоз	SA2012	завхо́з		
загIипаб	убогий	AA2019	загIи́па=б		
загIипир	истощение | хилость	AA2019+SA2012	загIи́пир		
загIиплъи	истощение	SA2012	загIи́плъи		
загар	загар	AA2019	зага́р	-	-алъи
загатовка	заготовка	AA2019	загато́вка	-	-лъи
загс	загс	AA2019	загс	-е	-илъи
загьирир	известность	SA2012	загьи́рир		
загьирлъи	ясность	AA2019+SA2012	загьи́рлъи		
загьру	яд	AA2019+SA2012	за́гьру	-	-лъи
загьру-заркъум	яд	SA2012	за́гьру-заркъу́м		
загьруман	яд	SA2012	загьрума́н		
задачник	задачник	AA2019	зада́чник	-абалъи	-илъи
задникI	задник	AA2019	за́дникI	-абалъи	-алъи
зажигалка	зажигалка	AA2019	зажига́лка	-балъи	-лъи
зажигани	зажигание	AA2019	зажига́ни	-	-лъи
займа	заем | заём	AA2019+SA2012	за́йм/а | за́йма	-е	-лъи
закагIат	закят	SA2012	закагIат		
заказ	заказ	AA2019	зака́з	-абалъи	-алъи
закалка	закалка	AA2019	зака́лка	-	-лъи
закон	закон	AA2019+SA2012	зако́н	-де	-алъи
закса	загс	SA2012	за́кса		
закусачни	закусочная	AA2019	заку́сачни	-абалъи	-лъи
закуска	закуска	AA2019	заку́ска	-балъи	-лъи
зал	зал	AA2019	зал	-е	-илъи
залам	кладбище	AA2019+SA2012	зала́м	-де	-алъи
залим	гигант | угнетатель | великан	AA2019+SA2012	зали́м	-де	-алъи
залп	залпом	AA2019	залп	-е	-илъи
замаздилар	лихорадка | озноб	AA2019	замазди́лар	-де	-лъи
заман	время | сезон	AA2019+SA2012	зама́н | зама́н(а)	-де(е) | -де	-алъи
замана	время | сезон	SA2012	зама́н(а)		
замангучIир	недосуг	AA2019	зама́нгучIир	-де	-лъи
замаска	замазка	AA2019	зама́ска	-	-лъи
заместител	заместитель	SA2012	замести́тел		
замзам	земзем	SA2012	замза́м		
замикани	замыкание	AA2019	замика́ни	-йабалъи	-лъи
замиститил	заместитель	AA2019	замисти́тил	-де	-лъи
зампари	стужа | мороз	AA2019+SA2012	зампари́		
замша	замша	AA2019	за́мша	-	-лъи
зана	см. зала́м	SA2012	зана́		
зангалде	гетры | сапоги	AA2019+SA2012	зангалде́ | за́нгалде	сапоги	
зани	граница | надгробный памятник | надгробие	AA2019+SA2012	зани́	-балъи	-лъи
заочни	заочная	AA2019	зао́чни		
заочник	заочник	AA2019	зао́чник	-абалъи	-илъи
запас	запас	AA2019	запа́с	-абалъи	-алъи
запигIир	измождение	AA2019	запи́гIир		
запигIлъи	слабость	AA2019	запи́гIлъи		
запитой	запятая	AA2019	запито́й	-балъи	-лъи
заправка	заправка	AA2019	запра́вка	-балъи	-лъи
запрос	запрос	AA2019	запрос	-абалъи	-алъи
зар	град	AA2019	за́р	-де	-илъи
зара	мизерность	AA2019	зара́		
зарал	ущерб | утрата | вред	AA2019+SA2012	зара́л	-де	-алъи
зарал-зийан	вред	SA2012	зара́л-зийан		
зарбал	парча	AA2019+SA2012	зарба́л		
зарду	средь бела дня	SA2012	за́рду		
зари	град | лед	AA2019+SA2012	зари | за́ри		
заркъу	противоядие	AA2019	заркъу́		
заркъум	отрава	SA2012	заркъу́м		
зарча-гъварчир	мление	AA2019	зарча-гъва́рчир		
зарчар	замораживание	SA2012	за́рчар		
зарчир	мерзлота | замерзание	AA2019+SA2012	зарчир | за́рчир	-де	-лъи
заседани	заседание	AA2019+SA2012	заседа́ни	-йабалъи	-лъи
захIмалъи	затруднение	AA2019	захIма́лъи		-лъи
захIмалъир	тягость | предсмертное состояние | трудности	AA2019+SA2012	захIма́лъир		
захIмат	труд | трудности	SA2012	захIма́т		
захIмат-зив	трудодень	AA2019	захIма́т-зив		
захIматзив	трудодень	SA2012	захIматзи́в		
захIматир	осложнение	AA2019	захIма́тир	-де	-лъи
захвачик	захватчик	AA2019	захва́чик	-абалъи	-илъи
зачинщик	зачинщик	AA2019	зачи́нщик	-абалъи	-илъи
заччот	зачёт	AA2019	заччо́т	-абалъи	-алъи
заявлени	заявление	AA2019	заявле́ни		
зберкасса	сберкасса	AA2019	зберка́сса	-е	-лъи
зберкинишка	сберкнижка	AA2019	зберкини́шка		
зваргъелар	лязг	AA2019	зваргъе́лар	-де	-лъи
зваргъи	дребезг | звон	AA2019+SA2012	зва́ргъи	-е	-лъи
зварххадир	прояснение	SA2012	зва́рххадир		
зварххи	блеск	SA2012	зва́рххи		
зебра	зебра	AA2019	зе́бра	-е	-лъи
зелёнка	зелёнка	AA2019	зелёнка	-	-лъи
зенитка	зенитка	AA2019	зени́тка	-балъи	-лъи
зеничик	зенитчик	AA2019	зени́чик	-абалъи	-илъи
зибизда	звезда	AA2019	зибизда́	-балъи	-лъи
зив	день | рабочий день	AA2019+SA2012	зив	-абалъи	-лъи
зив-регьа	пир	AA2019	зи́в-регьа	-е	-лъи
зивди	целый день	SA2012	зи́вди		
зиверу-зива	день ото дня	SA2012	зи́веру-зива		
зигара	стон | соболезнование	AA2019+SA2012	зига́ра		
зигарилар	стон | вопль | жалоба	AA2019+SA2012	зигари́лар	-де	-лъи
зигьарат	паломничество	AA2019	зигьара́т	-де	-илъи
зийан	ущерб | невыгода | вред	AA2019+SA2012	зийа́н	-де(де) | -де	-илъи
зийарат	паломничество | место паломничества	SA2012	зийа́рат		
зикру	зикр	SA2012	зи́кру		
зилакъуркъу	медведка	SA2012	зи́лакъуркъ/у		
зина	блуд | похоть	AA2019+SA2012	зин/а́ | зина́	-балъи	-лъи
зини	корова | мн. -е, рп. от корова	AA2019+SA2012	зи́н/и | зи́ни	-е	-алъи
зинадир	агония	AA2019	зинадир	-де	-алъи
зингир	швейная машина	SA2012	зи́нгир		
зипIа	хилый мужчина	AA2019	зи́пIа		
зирител	зритель	AA2019	зири́тел	-забалъи	-лъи
зиркъи	крошка	SA2012	зи́ркъи		
зона	зональный	AA2019	зо́на	-е	-алъи
зоологи	зоология	AA2019	зооло́ги	-	-лъи
зуᴴй	гудок	AA2019	зуᴴй		
зудар	жужжание	SA2012	зу́дар		
зузуна	неженка | трусишка	AA2019+SA2012	зузу́на	-абалъи	-лъи
зукIкIир	уменьшение	SA2012	зу́кIкIир		
зукIкIугьецIил	мизинец	SA2012	зу́кIкIугьецIи/л		
зукIкIударукIа	смолоду	AA2019	зу́кIкIударукIа		
зукIкIуна	кроха	SA2012	зукIкIу́на		
зулкъагIида	ноябрь	AA2019	зулкъагIида́		
зулму	произвол | насилие | угнетение	AA2019+SA2012	зу́лму	-е	-лъи
зулму-хIал	гнет | насилие	AA2019+SA2012	зу́лму-хIал		
зулхIуджа	декабрь	AA2019	зулхIуджа́		
зумрут	изумруд | Зумрут	SA2012	зумру́т		
зумуйав	деспот	AA2019	зумуйав		
зумуруд	изумруд	AA2019	зумуру́д	-	-илъи
зундар	гам | зудение	AA2019+SA2012	зу́ндар		зундарлъи
зунзури	зудение	SA2012	зунзу́ри		
зурзунчи	качели	AA2019+SA2012	зурзу́нч/и | зурзу́нчи	-абалъи	-лъи
зуригат	поколение	SA2012	зури́гат		
зурма	зурна	AA2019+SA2012	зурм/а́ | зурма́	-балъи	-лъи
зурма-къали	игра на зурне и барабане | музыка	SA2012	зурма́-къали		
зурмихъан	зурнист	SA2012	зурми́хъа/н		
зурмихъанлъи	профессия зурниста	SA2012	зурми́хъанлъи		
зухIмат	праздник | увеселение с танцами	AA2019+SA2012	зухIма́т	-абалъи	-алъи
иᴴи	скисшее молоко	SA2012	и́ᴴи		
иᴴла	маменька	AA2019	и́ᴴла		
ибдир	закрытие	SA2012	и́бдир		
ибхваб	взятыцй	AA2019	ибхваб		
ибхваталъо	покупатель	AA2019	ибхваталъо́		
ибхир	взятие | купля	AA2019+SA2012	ибхи́р	-(де)	-лъи
ибчир	водительство | вождение	AA2019+SA2012	ибчи́р | и́бчир	-де	-лъи
ибчихаб	ведущий	AA2019	ибчихаб		
игзамен	экзамен	AA2019	игза́мен		
игзамин	экзамен	SA2012	игза́мин		
игрушка	игрушка	AA2019	игру́шка	-абалъи	-лъи
игьа	войско | толпа	SA2012	и́гь/а		
игьабу	ремень | кожаный ремень для осла	AA2019+SA2012	игьа́б/у | игьа́бу		
игьадайр	осиротение	AA2019	игьада́йр	-	-лъи
игьаду	беспризорный | сирота | осиротевший	AA2019+SA2012	игьаду́ | игьа́ду		
игьадулъир	сиротство	SA2012	игьадулъи́р		
игьадурлъи	сиротство	AA2019	игьаду́рлъи		
игьайр	воздействие	AA2019	игьа́йр		
игьаталъо	исполнитель	AA2019	игьаталъ=о́		
игьир	постройка | деятельность | делание	AA2019+SA2012	игьир | и́гьир	-де(е) | -де	-лъи
игьихабир	исполнительность	AA2019	игьи́хабир		
игьур	озеро | водоём	AA2019+SA2012	и́гьур	-де	-(а)лъи
игьурбай	берег озера	AA2019	игьурбай	-балъи	-лъи
игьуре	название местности в Ботлихе	AA2019	игьуре́		
идала-идичIала	волей-неволей	AA2019	и́дала-и́дичIала		
идалъи	благосостояние	AA2019	и́далъи	-рде	-рлъи
идалълъир	обеспеченность	AA2019	и́далълъир		
идар	имущество	AA2019	и́дар	-	-лъи
идара	руководство	SA2012	ида́ра		
идейа	идея	AA2019	иде́йа	-балъи	-лъи
идир	любовь | вкус | желание	AA2019+SA2012	и́дир	-де	-лъи
ижара	аренда	SA2012	ижа́ра		
ижун	приспособление	SA2012	и́жун		
изба-читални	изба-читальня	AA2019	изба-чита́лни	-йабалъи	-лъи
избирател	избиратель	AA2019	избира́тел	-де	-лъи
изванок	звонок	AA2019+SA2012	извано́к	- абалъи	-илъи
извено	звено	AA2019	извено́	-балъи	-лъи
извенод	звеньевой	AA2019	извено́д	-абалъи	-илъи
извищени	извещение	AA2019	извище́ни	- йабалъи	-лъи
издача	сдача	AA2019	изда́ча		
излажени	изложение	AA2019	излаже́ни	-йабалъи	-лъи
измур	байка	SA2012	изму́р//измо́р		
измор	байка	SA2012	изму́р//измо́р		
изнак	знак	AA2019	изна́к	-абалъи	-алъи
изначок	знак	AA2019	изначо́к	-абалъи	-илъи
изну	разрешение	AA2019+SA2012	и́зну	-ве	-лъи
израгIил	продаваться	AA2019	изра́гIил		
ийул	июль	AA2019	ийу́л	-	-илъи
ийун	июнь	AA2019	ийу́н	-	-илъи
иккир	выдача | дарование | отдаваемое	AA2019+SA2012	икки́р | и́ккир		
иккуб	см. дордо́л	SA2012	икку́б		
икра	экран | икра	AA2019	икра́	-	-лъи
икъбал	удача	SA2012	икъба́л		
ила	мать | самка | маменька	AA2019+SA2012	и́л/а | и́ла	-абалъи	-улъи
ила-бабу	бабушка	AA2019	ила-ба́бу		
ила-има	родители	SA2012	и́ла-има		
ила-пера	матка	AA2019+SA2012	и́ла-пер/а | и́ла-пе́ра		
илакьур	тёща | свекровь	AA2019+SA2012	и́лакьур		
илалъи	материнство	AA2019+SA2012	и́лалъи	-	-лъи
илбис	сатана | дьявол | хитрец	AA2019+SA2012	илби́с		
илектрастанци	электростанция	AA2019	илектраста́нци		
илектрик	электрик	AA2019	иле́ктрик		
илима	родители	AA2019	или́ма		
илхIам	илхам	SA2012	илхIа́м		
илхъи	табун	SA2012	илхъи́		
има	отец | основоположник	AA2019+SA2012	и́м/а | и́ма	-е (-балъи) | -е	-улъи
има-кIквандихо	отцеубийца	AA2019	и́ма-кIквандихо		
имавлал	предки	SA2012	има́влал		
имавлалуб	груша предков	SA2012	има́влалуб		
имагучIир	безотцовщина	AA2019	имагучIир	-де	-лъи
имакьур	тесть | свекр	AA2019+SA2012	и́макьур		
ималъир	отцовство	AA2019+SA2012	и́малъир	-де	-лъи
имам	имам | имам мечети	AA2019+SA2012	има́м	-де	-илъи
иман	правоверность | вера | благородство	AA2019+SA2012	иман | има́н	-де	-илъи
имачу	батенька	AA2019	имачу	-абалъи	-лъи
имвалид	инвалид	AA2019	имвали́д	-е	-илъи
имвалидлъи	инвалидность	AA2019	и́мвалидлъи	-	-лъи
имигрант	иммигрант	AA2019	имигра́нт	-де	-илъи
импери	империя	AA2019	импе́ри	-йабалъи	-лъи
импирализм	империализм	AA2019	импирали́зм	-	-илъи
импиралист	империалист	AA2019	импирали́ст	-ал	-илъи
импорт	импорт	AA2019	и́мпорт	-	-илъи
имча	корзина	AA2019	и́мча		
инарав	генерал	SA2012	ина́рав		
инарал	генерал	AA2019	ина́рал	-де	-иб
инга	маленькая корзина из прутьев	AA2019	инга		
ингилисав	англичанин	AA2019+SA2012	ингили́сав	-ал	-щуб
ингилисай	англичанка	SA2012	ингили́сай		
ингилисал	англичане	SA2012	ингили́сал		
ингушав	ингуш	SA2012	ингу́шав		
ингушай	ингушка	SA2012	ингу́шай		
ингушал	ингуши	SA2012	ингу́шал		
индагIала	навек	AA2019	индагIа́ла		
индейцав	индеец	AA2019	инде́йцав		
индейцай	индианка	AA2019	инде́йцай		
индейцал	индейцы	AA2019	инде́йцал	-	-уб
инджилъир	пошлость	AA2019	инджи́лъир	-де	-лъи
инджинер	инженер	AA2019	инджи́нер	-де	-илъи
инджинерлъи	инженерство	AA2019	инджи́нерлъи		
индирав	тиндинец	SA2012	инди́рав		
индирай	тиндинка	SA2012	инди́рай		
индирал	тиндинцы	SA2012	инди́рал		
индусав	индиец | индус	AA2019+SA2012	инду́сав		
индусай	индианка | индуска | индиец	AA2019+SA2012	инду́сай		
индусал	индийцы | индусы	AA2019+SA2012	инду́сал	-	-уб
индушка	индюшка	AA2019	инду́шка	-балъи	-лъи
инжил	евангелие	SA2012	инжи́л		
инжилъир	пакость	AA2019	инжи́лъир		
инжинер	инженер	SA2012	инжине́р		
инжинерлъи	профессия инженера	SA2012	инжине́рлъи		
инжит	бестия | унижать | бесчестить	AA2019+SA2012	инжит | инжи́т	-абалъи	-алъи
инжитайр	оскорбление | издевательство	AA2019	инжи́тайр	-	-лъи
инжитир	оскорбление	AA2019	инжи́тир		
инки	потник | подстилка под попону для осла | растяпа	AA2019+SA2012	и́нк/и | и́нки	-е	-лъи
инкар	отказ | отрицание	AA2019+SA2012	инка́р	-де	-и(а)лъи
инкассатор	инкассатор	AA2019	инкасса́тор	-де	-илъи
инквайр	корм	AA2019	инква́йр	-	-лъи
инкку	вода, которая просочилась через стену или потолок	AA2019	и́нкку		
инккубакьи	название садовой местности	AA2019	инккубакьи́		
инккубе	название садовой местности	AA2019	инккубе́		
инкогобрахъи	см. битIира́хъи	SA2012	инкого́брахъи		
инкубатор	инкубатор	AA2019	инкуба́тор	-де	-илъи
инкубаци	инкубация	AA2019	инкуба́ци	-йабалъи	-йалъи
инкуйр	обжорство	AA2019	инку́йр		
инлIелълъи	шестерка	AA2019	инлIе́лълъи		
инлIицIай	шестьдесят	SA2012	инлIицIа́й//инлIицIа́лилъи		
инлIицIалилъи	шестьдесят	SA2012	инлIицIа́й//инлIицIа́лилъи		
инлIицIалида	шестьдесят	SA2012	инлIицIа́лида		
инса	творог	SA2012	и́нса		
инсабай	берег реки	AA2019	инсаба́й	-балъи	-лъи
инсан	существо. | человек | существо	AA2019+SA2012	инса́н		
инсангучIир	безлюдье	AA2019	инсангучIир	-де	-лъи
инсанийат	человечество | человечество.	AA2019+SA2012	инсанийа́т | инсани́йат		
инсанлъи	человечность	SA2012	инса́нлъи		
инситут	институт	AA2019	инситу́т	-де	-илъи
инспектор	инспектор	AA2019	инспе́ктор	-де	-лъи
инспекторлъи	инспекторство. | инспекторство	AA2019	инспе́кторлъи		
инспекци	инспекция. | инспекция	AA2019	инспе́кци		
инсса	река | творог	AA2019+SA2012	и́нсс/а | и́нсса		
инссабай	берег реки	AA2019	инссаба́й		
институт	институт	SA2012	институ́т		
интар	пазуха	AA2019+SA2012	инта́р	-де	-алъи
интелегент	интеллигентный	AA2019	интелеге́нт	-ал	-лъи
интерес	интерес	AA2019	интере́с	-абалъи	-илъи
интир	полынья | наледь	AA2019+SA2012	инти́р	-де	-лъи
интирвент	интервент	AA2019	интирве́нт	-абалъи	-илъи
интирнат	интернат	AA2019+SA2012	интирна́т	-абалъи	-алъи
инучIалар	повсеместность	AA2019	инучIа́лар		
инфакт	инфаркт	AA2019	инфа́кт	-	-илъи
инххи	сель | ручей | речка	AA2019+SA2012	и́нхх/и | и́нххи	-де	-лъи
инххе	название садовой местности	AA2019	инххе́		
инххибай	берег речушки	AA2019	инххиба́й		
инцци	родник	AA2019+SA2012	и́нцц/и | и́нцци	-е	-лъи
инцце	название улицы в Ботлихе	AA2019	и́нцце		
инцциликье	название садового участка	AA2019	инццили́кье		
инццимикьеха	название сада в Ботлихе	AA2019	инццими́кьеха		
инча	сапетка | маленькая плетёная корзина	AA2019+SA2012	и́нч/а | инча		
инчитIа	мята	AA2019+SA2012	инчи́тIа	-	-лъи
инчу	яблоко	AA2019+SA2012	и́нчу	-ве	-лъи
иранав	иранец	AA2019	ира́нав		
иранай	иранка	AA2019	ира́най		
иранал	иранцы	AA2019	ира́нал		
ирбис	дьявол	AA2019	ирби́с	-абалъи	-малъи
ирга	очередь	SA2012	ирг/а́		
иргади	попорядку	SA2012	ирга:ди		
иргъва	галоп | иноходь | воодушевление	AA2019+SA2012	иргъва́	-	-лъи
иргъвалълъикIату	иноходь	SA2012	иргъва́лълъикIат/у		
иргъван	одеяло	AA2019	иргъван		
ирдир	вздрагивание	SA2012	и́рдир		
ирис	ирим	AA2019	ири́с	-	-илъи
ирландав	ирландец	AA2019	ирла́ндав		
ирландай	ирландка	AA2019	ирла́ндай		
ирландал	ирландцы	AA2019	ирла́ндал		-уб
ирс	наследство	AA2019+SA2012	ирс	-е	-лъи
ирсилав	наследник	SA2012	и́рсила/в		
ирсилай	наследница	SA2012	и́рсила/й		
ирххагьали	фасоль	SA2012	и́рххагьал/и		
ирххайр	краснота	AA2019	и́рххайр		
ирххапурчч	красный перец	SA2012	и́рххапурчч		
ирххар	краснота | румянец	AA2019+SA2012	и́рххар		
исбишка	спичка	AA2019	исби́шка		
исиб	бок | полость тела	SA2012	иси́б		
исибалъижола	ребро	SA2012	исибалъижо́л/а		
иск	иск	AA2019	иск	-е	-илъи
искаватор	экскаватор	AA2019	искава́тор		
искалад	склад	AA2019+SA2012	искала́д		
искамейка	скамейка	AA2019	искаме́йка		
искатир	скатерть	AA2019	иска́тир		
искуство	искусство	AA2019	иску́ство	-	-лъи
иславар	словарь	SA2012	ислава́р		
ислам	ислам | Ислам	AA2019+SA2012	исла́м	-	-алъи
исландав	исландец	AA2019	исла́ндав		
исландай	исландка	AA2019	исла́ндай		
исландал	исландцы	AA2019	исла́ндал		-уб
иследовани	исследование	AA2019	исле́довани	-йабалъи	-лъи
иследовател	исследователь	AA2019	исле́довател	-де	-иб
испалком	исполком	AA2019	испалко́м	-	-алъи
испанав	испанец	AA2019	испа́нав		
испанай	испанка	AA2019	испа́най		
испанал	испанцы	AA2019	испа́нал		
испанийал	испанцы	SA2012	испа́нийал		
испаравка	справка	AA2019+SA2012	испара́вка | испа́равка		
испирт	спирт	AA2019	испи́рт		
исписок	список	AA2019	испи́сок		
испитани	испытание	AA2019	испита́ни	-йабалъи	-лъи
испишка	спичка	AA2019+SA2012	испи́шка		
истадион	стадион	AA2019	истадио́н		
истаж	стаж	SA2012	иста́ж		
истакан	стакан	AA2019+SA2012	иста́ка/н | иста́кан		
исталица	столица	AA2019	истали́ца		
исталой	столовая	AA2019	истало́й		
истанци	станция	AA2019	иста́нци		
истанцийа	станция	SA2012	иста́нцийа		
истарах	страх	AA2019	истара́х		
истаршина	старшина	AA2019	иста́ршина		
истатйа	статья	AA2019	истатйа́		
истикъат	исповедание	AA2019	истикъа́т		
истилйага	стиляга	AA2019	истилйа́га		
истипенди	стипендия	AA2019	истипе́нди		
истори	история	AA2019	исто́ри	-	-лъи
историйа	история	SA2012	исто́рийа		
историк	историк	AA2019	исто́рик	-абалъи	-илъи
исторож	сторож	AA2019	исто́рож		
истрапил	стропило	AA2019	истрапил		
истрибител	истрибитель	AA2019	истриби́тел	-де	-лъи
истудет	студент	AA2019	истудет		
исхъал	сукно	SA2012	исхъа́л		
итажерка	этажерка	AA2019	итаже́рка		
италийал	итальянцы	SA2012	италийал		
италийанав	итальянец	AA2019	италийа́нав		
италийанай	итальянка	AA2019	италийа́най		
италийанцал	итальянцы	AA2019	италийа́нцал		
итни	понедельник	AA2019	итни́	-	-лъи
итнизив	понедельник	SA2012	итни́зив		
ихIрам	одежда паломника	SA2012	ихIра́м		
ихаб	ибхва́б	SA2012	иха́б		
ихтийар	право | воля | разрешение	AA2019+SA2012	ихтийа́р	-де	-илъи
ихтилат	веселье	SA2012	ихтила́т		
ихтилат-кеп	веселье	AA2019+SA2012	ихтила́т-кеп	-е	-илъи
ихтиол	ихтиол	AA2019	ихтио́л	-	-илъи
ихъана	опора	SA2012	ихъа́на		
ичу	кобыла	SA2012	и́ч/у		
ича	кобыла	AA2019	ича		
ичитIа	см. инчи́тIа	SA2012	ичи́тIа		
иш	дело | действие	AA2019+SA2012	иш	-е	-илъи
иша	табун | стадо	SA2012	и́ша		
ишаму	козёл от 1 г. до 2-х л. | двухгодовалый козел или коза	AA2019+SA2012	иша́му		
ишан	глазом поданный знак | жест | прицел	AA2019+SA2012	иша́н	-де	-илъи
ишанасар	моргание	AA2019	иша́насар	-де	-лъи
ишара	знак	SA2012	иша́ра		
ишкаб	шкаф	AA2019	ишка́б		
ишкур	эрг. от мест. ден | миарс. ди́нди	SA2012	ишку́р		
ишкъессуб	чтение	AA2019	ишкъессуб		
ишланг	шланг	AA2019	ишла́нг		
ишлйапа	шляпа	AA2019	ишлйапа		
ишнур	шнур	AA2019	ишну́р		
ишпагат	шпагат	AA2019	ишпага́т		
ишпаргалка	шпаргалка	AA2019	ишпарга́лка		
ишпилка	шпилька	AA2019	ишпи́лка		
ишпион	шпион	AA2019	ишпио́н		
ишпионлъи	шпионаж	AA2019	ишпио́нлъи		
ишприцц	шприц	AA2019	ишпри́цц		
иштакъваралала	вдоволь	SA2012	иштакъвара́лала		
ишталълъала	почем	SA2012	ишталълъа́(ла)		
ишталълъа	почем	SA2012	ишталълъа́(ла)		
ишталълъаххула	почем	SA2012	ишталълъа́ххула		
иштамп	штамп	AA2019	ишта́мп		
иштапел	штапель	AA2019	ишта́пел		
иштарап	штраф	AA2019	иштара́п		
иштик	штык	AA2019	ишти́к		
иштолълъи	пятерка	AA2019	ишто́лълъи		
иштудала	впятером	SA2012	ишту́дала		
ищир	закрытие	AA2019+SA2012	и́щир	-де	-лъи
ищихаб	раскладной	AA2019	ищиха́б		
йекъин	ровесница	SA2012	й/екъи́н		
йаблухъ	платок маленького размера | платок | косынка	SA2012	йаблу́хъ		
йабу	кляча	AA2019+SA2012	йабу́	-балъи	-лъи
йагъарим	послушай	SA2012	йа́гъарим		
йагъзин	плут	AA2019	йагъзин	-де	-алъи
йазихъивлъаб	обеднелый	SA2012	йазихъи́в/лъаб		
йазихъир	обеднение	SA2012	йази́хъир		
йазихълъи	беспомощность	SA2012	йази́хълъи		
йакутал	якуты	SA2012	йаку́тал		
йакъе	якия | литровая жестяная банка | мерка 0,5—1 кг	AA2019+SA2012	йакъ/е́ | йакъе́	-балъи	-лъи
йакъуб	пустошь	AA2019	йа́къуб		
йакъут	рубин | яхонт	AA2019+SA2012	йакъу́т		
йакьина	любовница | барышня	AA2019+SA2012	йа́кьин/а | йа́кьин\а	-забалъи	-лъилъи
йанвар	январь | февраль | март	AA2019+SA2012	йанва́р		
йанхир	беременность	SA2012	йа́нхир		
йапонийав	японец	AA2019	йапони́йав		
йапонийай	японка	AA2019	йапони́йай		
йапонийал	японцы	AA2019+SA2012	йапони́йал		
йарагъ	оружие	AA2019+SA2012	йара́гъ	-	-алъи
йарагъ-матахI	вооружение	AA2019	йара́гъ-мата́хI	-де	-алъи
йасин	отходная молитва	SA2012	йаси́н		
йасли	ясли	AA2019+SA2012	йа́сл/и | йа́сли		
йатIалъай	разведенка	SA2012	йатIалъай		
йатаб	силка	AA2019	йатаб		
йатим	сирота	SA2012	йати́м		
йахI	совесть | терпение | честь	AA2019+SA2012	йахI		
йахI-намус	честь	SA2012	йа́хI-наму́с		
йахарешикIва	старуха	AA2019	йахаре́шикIва		
йахси	оселок	SA2012	йахс/и́		
йацци	сестра	AA2019+SA2012	йа́цц/и | йа́цци		
йаццагIал	двоюродная сестра	AA2019+SA2012	йа́ццагIал		
йаццаку	сестрица	AA2019	йацца́ку		
йашав	жизнь | быт	AA2019+SA2012	йаша́в	-	-алъи
йашавлъи	бытность	AA2019	йаша́влъи	-	-лъи
йашикI	ящик	SA2012	йа́шикI		
йащи	тётка	AA2019	йа́щи		
йащур	ящур	AA2019+SA2012	йа́щур		
йаъир	выход	AA2019	йа́ъир		
йешай	победительница	AA2019	йе:шай	нишал	
йевлухъ	носовой платок	AA2019	йевлу́хъ	-абалъи	-алъи
йези	бронза	AA2019+SA2012	йе́зи	-	-лъи
йечIу	бабка	AA2019	йе́чIу	-	-лъи
йечIухаила	бабушка	SA2012	йечIу́хаил/а		
йеши	дочь | девушка | женщина	AA2019+SA2012	йе́ши	-е	-лъилъи
йеши-гьади	ячмень	AA2019	йе́ши-гьа́ди		
йеши-гьай	зрачок	AA2019	йе́ши-гьай		
йешикIва	женщина	AA2019+SA2012	йеши́кIва	-йешил	-лъилъи
йешикIвалъир	девичество | женственность	AA2019+SA2012	йеши́кIвалъир		
йешилнихихов	женоненавистник	SA2012	йешилнихихо́в		
йешилххира	женолюб	SA2012	йешилххира́		
йинщи	см. ви́нщи	SA2012	йи́нщи		
йичарухъан	продавщица	SA2012	йича́рухъан		
йод	йод	AA2019	йод	-	-илъи
йодоформа	йодоформ	AA2019	йо́доформа		
йолка	ёлка	AA2019	йо́лка	-е	-лъи
йубка	юбка	SA2012	йу́бк/а		
йуг	юг	AA2019	йуг		
йурист	юрист	AA2019	йури́ст		
йустици	юстиция	AA2019	йусти́ци		
кIабша	кит	AA2019	кIа́бша	-е	-алъи
кIабща	кит	SA2012	кIа́бщ/а		
кIази	шаль | платок	AA2019+SA2012	кIа́з/и | кIа́зи	-балъи(е) | -балъи	-лъи
кIакIу	мяч	SA2012	кIа́кI/у		
кIакIал	полова	SA2012	кIакIа́л		
кIакIусар	волейбол	SA2012	кIа́кIусар		
кIалцIи	овес	SA2012	кIа́лцIи		
кIаму	рог	AA2019+SA2012	кIа́м/у | кIа́му		
кIамаракIашта	разновидность женского головного убора-повязки	SA2012	кIамаракIа́шта		
кIамаххир	вспышка	AA2019	кIа́маххир	-де	-лъи
кIандайр	осаждени	AA2019	кIа́ндайр	-де	-лъи
кIандамна	отстой	AA2019	кIандамна́		
кIандир	осадок | отстаивание	AA2019+SA2012	кIа́ндир	-	-лъи
кIанкIа	осленок	SA2012	кIа́нкI/а		
кIанкъибу	ножницы	AA2019	кIанкъибу		
кIанкьа	вилка	AA2019	кIанкьа		
кIанцIамна	побег	AA2019	кIа́нцIамна		
кIанцIантар	нападки	AA2019	кIанцIантар		
кIанцIелар	подпрыгивание	SA2012	кIанцIе́лар		
кIанцIир	прыжок	SA2012	кIа́нцIир		
кIанцIу-кIанцIу	вприпрыжку	SA2012	кIанцIу-кIа́нцIу		
кIанцIцIимакIил	детвора	AA2019	кIа́нцIцIимакIил		
кIанчи	лук	AA2019+SA2012	кIа́нчи	-е	-лъи
кIару	колода деревянная | ком шерсти | клубок	AA2019+SA2012	кIа́р/у | кIа́ру	-абалъи/-ве	-лъи
кIардар	рвота	AA2019+SA2012	кIардар | кIа́рдар		
кIардир	рвота	AA2019	кIа́рдир		
кIаркIану	яйцо	AA2019+SA2012	кIаркIа́/ну | кIаркIа́ну		
кIартIу	вход	SA2012	кIартIу́		
кIартаххир	лохматость	SA2012	кIа́ртаххир		
кIарцIцIу	комок | узел | сук	AA2019+SA2012	кIа́рцIцI/у | кIа́рцIцIу		
кIарчамир	игривость | непослушание	SA2012	кIарча́мир		
кIату	конь | мн. -е́, рп. от лошадь	AA2019+SA2012	кIа́т/у | кIа́ту	-е	-улъи
кIатIара	подседельник из тряпья для осла и лошади | трубкообразное приспособление, заполненное тряпьем ( или соломой ) и связанное с подхвостником | крепится на спине осла, чтобы не травмировать спину грузом и обеспечить устойчивость груза на спине	AA2019+SA2012	кIатIара | кIатIа́ра		
кIатIахI	деталь зурны	SA2012	кIатIахI		
кIашта	головная повязка | чохто	SA2012	кIа́шт/а		
кIванкIва	мотоцикл	AA2019	кIва́нкIва		
кIванкьа	вилы	AA2019+SA2012	кIва́нкь/а | кIванкьа	-е	-лъи
кIванкьибу	ножницы	AA2019+SA2012	кIванкьи́б/у | кIванкьи́бу	-абалъи	-лъи
кIвар	надобность	SA2012	кIвар		
кIвартIас	деталь для отведения мочи из люльки	AA2019	кIвартIа́с		
кIватIелар	стук	SA2012	кIватIе́лар		
кIватIеру	дятел	SA2012	кIватIе́р/у		
кIватIи	стук	AA2019+SA2012	кIва́тIи		
кIватIи-кIватIи	тук-тук	SA2012	кIва́тIи-кIватIи		
кIвахI	лень	SA2012	кIвахI		
кIвахIалир	болезнь | лень	SA2012	кIвахIа́лир		
кIвахIалихо	леность	AA2019	кIвахIа́лихо		
кIелIи	двойка	AA2019	кIе:лIи		
кIелълъи	очковая двойка	AA2019	кIе́лълъи	-	-лъи
кIетIанкIи	двоеточие	SA2012	кIе́тIанкIи		
кIечIи	поэзия	AA2019	кIе́чIи		
кIикIи	виноград	SA2012	кIи́кIи		
кIикIималъи	щепки	AA2019	кIикIималъи		
кIилу	щека	AA2019+SA2012	кIи́л/у | кIи́лу		
кIиликI	см. къи́нкъил	SA2012	кIили́кI		
кIилълъучIал	близнецы	SA2012	кIилълъу́чIал	близнецы	
кIиндир	обсечение	AA2019	кIи́ндир	-де	-лъи
кIиркIирилълъи	навзрыд	SA2012	кIиркIи́рилълъи		
кIичIи	петля | крючок	SA2012	кIи́чI/и		
кIичIа	искоса	AA2019	кIи́чIа		
кIичIаб	косой	AA2019+SA2012	кIи́чIа/б//кIичIачIа́б | кIичIа́б		
кIичIачIаб	косой	SA2012	кIи́чIа/б//кIичIачIа́б		
кIичIардухъан	кривляка	SA2012	кIичIа́рдухъан		
кIичIачIилар	кривляние	AA2019	кIичIачIи́лар		
кIичIачIир	кривлянье	SA2012	кIичIа́чIир		
кIичIачIо	вкривь и вкось	AA2019	кIичIачIо́		
кIичIир	кривизна	SA2012	кIи́чIир		
кIичIо	наискосок | вкривь	AA2019	кIичIо́		
кIиччу	зги | крошка	AA2019+SA2012	кIи́ччу	-	-лъи
кIищу	шиповник	SA2012	кIи́щу		
кIкIабдайр	дубление кожи	AA2019	кIкIа́бдайр		
кIкIабдайхо	дубильщик	AA2019	кIкIа́бдайхо		
кIкIабдир	оползень | линька	SA2012	кIкIа́бдир		
кIкIабкIкIалде	название садовой местности	AA2019	кIкIабкIкIалде́		
кIкIабкIкIарде	арка	AA2019	кIкIабкIкIарде		
кIкIамур	арка	AA2019+SA2012	кIкIамур | кIкIаму́р		
кIкIандар	брань	SA2012	кIкIа́ндар		
кIкIандир	бритьё	SA2012	кIкIа́ндир		
кIкIанцIцIилкIуркIун	курага	SA2012	кIкIа́нцIцIилкIуркIун		
кIкIанцIцIилххинкIибалъи	хинкали	SA2012	кIкIа́нцIцIилххинкIибалъи		
кIкIанцIцIир	мелочь	SA2012	кIкIа́нцIцIир		
кIкIара	комар	SA2012	кIкIа́р/а		
кIкIвандатахоб	острые боли	AA2019	кIкIвандатахоб		
кIкIвандир	убийство	SA2012	кIкIва́ндир		
кIкIвандихо	женоубийца	AA2019	кIкIва́ндихо		
кIкIвандо	убийца	AA2019	кIкIвандо́		
кIкIвардир	месиво	SA2012	кIкIва́рдир		
кIкIераму	каталка	AA2019	кIкIераму		
кIкIибдайр	уничтожение	AA2019	кIкIи́бдайр		
кIкIибдир	гибель	SA2012	кIкIи́бдир		
кIкIими	калитка	SA2012	кIкIи́м/и		
кIкIираму	каток	SA2012	кIкIира́му		
кIкIоли	пятно	AA2019+SA2012	кIкIо́л/и | кIкIоли		
кIкIуᴴй	почка	SA2012	кIкIуᴴ/й		
кIкIумадар	вой	SA2012	кIкIу́мадар		
кIкIумай	вой волков	AA2019	кIкIума́й		
кIкIуркIкIун	абрикос	SA2012	кIкIуркIкIу́н		
кIой	щенок	AA2019+SA2012	кIой		
кIокIар	разминка	SA2012	кIо́кIар		
кIокIоц	цельный (мякот.?) орех	AA2019	кIокIоц		
кIоркье	название садовой местности	AA2019	кIо́ркье		
кIужу	волосы, собранные на затылке	AA2019	кIу́жу		
кIунцIцIи	сердцевина | середина чего-л. Съестного	AA2019+SA2012	кIу́нцIцIи		
кIуру	зоб | желудок птиц	AA2019+SA2012	кIу́р/у | кIуру		
кIутIи	стук	SA2012	кIу́тIи		
кааператив	кооператив	AA2019	кааперати́в	-де	-лъи
кааператор	кооператив	AA2019	каапера́тор	-де	-лъи
каапераци	коопераци]	AA2019	каапера́ци	-йабалъи	-лъи
кабаги	труха	SA2012	каба́ги		
кабак	кабак	AA2019	каба́к	- абалъи	-алъи
кабардинав	кабардинец	AA2019+SA2012	кабарди́нав		
кабардинай	кабардинка	AA2019	кабарди́най		
кабардинал	кабардинцы	AA2019+SA2012	кабарди́нал		
кабил	кабель	AA2019	ка́бил	-	-илъи
кабина	кабина	AA2019+SA2012	каби́на	-абалъи	-алъи
кабинет	кабинет	AA2019+SA2012	кабине́т	- абалъи	-илъи
кабинка	кабина	AA2019	каби́нка	-абалъи	-алъи
кабиркот	коверкот	AA2019	кабирко́т	-	-илъи
каварат	кабарат	SA2012	кава́рат		
кавартира	квартира	AA2019	каварти́ра	-балъи	-лъи
кавбой	ковбой	AA2019	кавбо́й	-балъи	-лъи
кавичкабалъи	кавычки	AA2019	кавичка́балъи		
каву	ворота	SA2012	каву́		
кавучук	каучук	AA2019	кавучу́к	-	-алъи
кагIба	Кааба	SA2012	кагIб/а́		
кагъат	бумага | письмо	AA2019+SA2012	кагъа́т	-абалъи	-лъи
кагъатабалъи	карты	AA2019+SA2012	кагъата́балъи | кагъа́табалъи	1)	
кагьру	янтарь	SA2012	ка́гьру		
кагьу	ворота	AA2019	кагьу́	-балъи	-лъи
кадра	кадр	AA2019	ка́дра	-е	-илъи
казакав	казак	SA2012	каза́кав		
казакай	казачка	SA2012	каза́кай		
казакал	казаки	SA2012	каза́кал		
казахав	казах	AA2019	каза́хав		
казахай	казашка	AA2019	каза́хай		
казахал	казахи	AA2019+SA2012	каза́хал		-уб
казет	газета	SA2012	казе́т		
казийат	см. газе́т	SA2012	кази́йат		
казирка	козырёк | козырек	AA2019+SA2012	кази́рка	-балъи	-лъи
кака	грудь	AA2019+SA2012	ка́к/а | кака		
какав	какао	AA2019	кака́в		-лъи
какарилар	брань	SA2012	какари́лар		
каки	призыв к молитве	SA2012	ка́ки		
какир	критика | осуждение	AA2019+SA2012	ка́кир	-де	-лъи
кактус	кактус	AA2019	ка́ктус	-	-илъи
калавиш	клавиша	AA2019	кала́виш	-абалъи	-илъи
каладовка	кладовая	AA2019	каладо́вка	-балъи	-лъи
калам	разговор	SA2012	кала́м		
калапан	клапан	AA2019	кала́пан	-де	-илъи
каларнет	кларнет	AA2019	каларне́т	-абалъи	-алъи
калас	класс	AA2019+SA2012	кала́с	-абалъи	-илъи
калбаса	колбаса	AA2019	калбаса́	-	-лъи
калекцир	коллекция	AA2019	кале́кцир	-йабалъи	-лъи
калесса	бункер	AA2019	калесса		
калибир	калибр	AA2019	кали́бир	-абалъи	-илъи
каликтив	коллектив	AA2019	каликти́в	-балъи	-лъи
калиндар	календарь	AA2019+SA2012	калинда́р	-де	-илъи
калит	колит	AA2019	кали́т	-	-алъи
калмикав	калмык	SA2012	калми́кав		
калмикай	калмычка	SA2012	калми́кай		
калмикал	калмыки	SA2012	калми́кал		
калони	колония	AA2019	кало́ни	-йабалъи	-лъи
калониализм	колониализм	AA2019	калониали́зм		
калонизатор	колонизатор	AA2019	калониза́тор	-де	-лъи
калош	галоша	SA2012	кало́ш		
калсонде	кальсоны	AA2019	калсонде́		
калуш	калоша	AA2019	калу́ш	-абалъи	-илъи
калхоз	колхоз	AA2019+SA2012	калхо́з	-абалъи	-алъи
калхозник	колхозник	SA2012	калхо́зник		
калхозникI	колхозник	AA2019	калхо́зникI	-абалъи	-илъи
калцо	кольцо	AA2019	калцо́	-балъи	-лъи
калълъет	котлета	AA2019	калълъе́т	-абалъи	-илъи
каляска	коляска	AA2019	каляска	-балъи	-лъи
каманда	команда | отряд | спортивная команда	AA2019+SA2012	кама́нда	-балъи	-лъи
камандар	командир	AA2019	кама́ндар	-де	-иб
камандировка	командировка	AA2019	камандиро́вка	-балъи	-лъи
камандовани	командование	AA2019	кама́ндовани	-	-лъи
камбайин	комбайн	SA2012	камба́йин		
камбайн	комбайн	AA2019	камба́йн	-де	-лъи
камбайнер	комбайнер	SA2012	камба́йнер		
камбайнерлъи	занятие комбайнера	SA2012	камба́йнерлъи		
камбикорма	комбикорм	SA2012	камбико́рма		
камбинат	комбинат	AA2019	камбина́т	--абалъи	-илъи
камбинаци	комбинация	SA2012	камбина́ц/и		
камеди	комедия	AA2019	каме́ди	-йабалъи	-йалъи
камилаб	зрелый	SA2012	ками́ла/б		
камилабир	мудрость	SA2012	ками́лабир		
камиллъи	совершенство	SA2012	ками́ллъи		
каминдант	комендант	AA2019	каминда́нт	-де	-илъи
камир	недостаток | недочёт | нехватка	AA2019+SA2012	ка́мир	-де	-лъи
камир-кватIир	см. ка́мир	AA2019	ка́мир-ква́тIир		
камира	камера	SA2012	ка́мира		
камисар	комиссар	AA2019	камиса́р	-де	-илъи
камиси	комиссия	AA2019	ками́си	-йабалъи	-лъи
камитет	комитет	SA2012	камите́т		
камод	комод	AA2019	камо́д	-абалъи	-алъи
кампазитор	композитор	AA2019	кампази́тор	-де	-лъи
кампани	кампания | компания	AA2019	кампа́ни	-йабалъи	-лъи
кампит	конфета | конфеты	AA2019+SA2012	кампи́т	-абалъи	-алъи
кампликт	конфликт	AA2019	кампли́кт	-абалъи	-илъи
камплимент	комплимент	AA2019	камплиме́нт	-абалъи	-илъи
кампот	компот	AA2019+SA2012	кампо́т	-абалъи	-илъи
камса	укреплённый участок сада | крепость | конусообразный ящик для подачи зерна на водяную мельницу	AA2019	камса	-е	-лъи
камсамол	комсомол	AA2019	камсамо́л	-	-илъи
камсамолиц	комсомолец	AA2019	камсамо́лиц		
камсорг	комсорг	AA2019	камсо́рг	-абалъи	-илъи
камсса	лоток | (о мельнице)	AA2019+SA2012	ка́мсс/а | ка́мсса		
камуна	коммуна	AA2019	каму́на	-балъи	-лъи
камунар	коммунар	AA2019	камуна́р	-ал	-илъи
камунизм	коммунизм	AA2019	камуни́зм	-	-алъи
камунист	коммунист	AA2019	камуни́ст	-ал	-илъи
канавур	фонарь	AA2019	канавур	-де	-лъи
канадцав	канадец	AA2019	кана́дцав		
канадцай	канадка	AA2019	кана́дцай		
канадцал	кандцы	AA2019	кана́дцал		-уб
канал	канал	SA2012	кана́л		
канализаци	канализация	AA2019	канализа́ци	-йабалъи	-(йа)лъи
канверт	конверт	AA2019+SA2012	канве́рт	-абалъи	-илъи
канвой	конвой	AA2019	канво́й	-	-лъи
кангрес	конгресс	AA2019	кангре́с	-абалъи	-алъи
кандидат	кандидат	AA2019+SA2012	кандида́т	-абалъи	-илъи
кандир	тесание	SA2012	ка́ндир		
кандуктор	кондуктор	AA2019	канду́ктор	-де	-илъи
каникулде	каникулы	AA2019+SA2012	кани́кулде		-лъи
канйак	коньяк	AA2019	канйа́к	- абалъи	-илъи
канки	коньки	AA2019	канки́	-балъи	-лъи
кансерва	консервы	SA2012	кансе́рва		
кансеру	консервы	AA2019	кансе́ру	-абалъи	-лъи
кансилар	канцелярия	SA2012	кансила́р		
кансирватори	консерватория	AA2019	кансирвато́ри	-йабалъи	-лъи
канспект	конспект	AA2019	канспе́кт	-абалъи	-алъи
кансса	см. ка́мсса	SA2012	ка́нсса		
канституци	конституция	SA2012	канститу́ци		
кансултаци	консультация	AA2019	кансулта́ци	- йабалъи	-лъи
кантIир	догадливость	SA2012	ка́нтIир		
кантейнир	контейнер	AA2019	канте́йнир	-де	-лъи
кантора	контора	AA2019	канто́ра	-балъи	-лъи
кантрабанда	контрабанда	AA2019	кантраба́нда	-е	-лъи
кантрабандист	контрабандист	AA2019	кантрабанди́\ст	-ал	-лъи
кантралор	контролёр	AA2019	кантрало́р	-де	-илъи
кантрибуци	контрибуция	AA2019	кантрибу́ци		
кану	деревянный цилиндрический сосуд для хранения пряжи	AA2019	ка́ну		
канференци	конференция	AA2019	канфере́нци	-йабалъи	-лъи
канцерт	концерт	AA2019+SA2012	канце́рт	-абалъи	-илъи
канцилIр	канцелярия	AA2019	канцилIр	-де	-илъи
канцлагер	концлагерь	AA2019	канцла́гер	-де	-илъи
капе	кафе	SA2012	кап/е́		
капек	копейка	SA2012	капе́к		
капеки	копейка	AA2019	капе́ки	-абалъи	-лъи
капидра	кафедра	AA2019	ка́пидра	-балъи	-лъи
капилка	копилка	AA2019	капи́лка	-балъи	-лъи
капитал	капитал	AA2019	капита́л	-де	-илъи
капитализм	капитализм	AA2019	капитали́зм	-	-алъи
капиталист	капиталист	AA2019	капитали́ст	-ал	-илъи
капитан	капитан	AA2019+SA2012	капита́н | капи́тан	-де	-илъи
капишон	капюшон	AA2019	капишо́н	-де	-илъи
капрон	капрон	AA2019	капро́н	-	-алъи
капронде	чулки капроновые	AA2019	капронде́		-лъи
капсул	капсюль	AA2019	ка́псул	-	-илъи
капур	иноверец | не исповедующий мусульманства | поганый	AA2019+SA2012	капу́р	-забалъи (-де) | -забалъи	-алъи
капурадам	безбожник	SA2012	капу́радам//капу́ргьекIва		
капургьекIва	безбожник	SA2012	капу́радам//капу́ргьекIва		
капурлъи	вероотступничество	AA2019	капу́рлъи	-	-лъи
капуста	капуста	AA2019+SA2012	капу́ста	-	-лъи
капут	капут	AA2019	капу́т	-	-илъи
кара	проволока | струна | телеграмма	AA2019+SA2012	ка́р/а | ка́ра	-далъи	-лъи
караван	караван	AA2019	карава́н	-де	-илъи
карават	кровать	SA2012	кара́ват		
каравт	кровать	AA2019	кара́вт	-абалъи	-илъи
карамалъи	прорицания	SA2012	кара́малъи		
каран	кран	AA2019	кара́н	-де	-алъи
карант	кран	AA2019	кара́нт	-а(а)балъи	-алъи
карантин	карантин	AA2019	каранти́н	-де	-илъи
караска	краска	AA2019	кара́ска	-балъи	-лъи
карахмал	крахмал	AA2019	карахма́л	-	-илъи
карачайав	карачаевец	SA2012	карача́йав		
карачайай	карачаевка	SA2012	карача́йай		
карачайал	карачаевцы	SA2012	карача́йал		
карачел	волна	AA2019+SA2012	кара́чел	-де	карачеллъи
кардон	картон	AA2019+SA2012	кардо́н	-	-илъи
кардум	кордон	AA2019	карду́м	-де	-алъи
кардуме	местность по дороге в с. Анди	AA2019	кардуме		
карейав	кореец	SA2012	каре́йав		
карейай	кореянка	SA2012	каре́йай		
карейал	корейцы	SA2012	каре́йал		
каректор	корректор	AA2019	каре́ктор	-де	-илъи
карешок	корешок	AA2019	карешо́к	-абалъи	-илъи
карзина	корзина	AA2019	карзи́на	-балъи	-лъи
карзинка	см. карзи́на	AA2019	карзи́нка		
каридор	коридор	AA2019+SA2012	каридо́р	-де	-алъи
карикатура	карикатура	AA2019	карикату́ра	-балъи	-лъи
кариспандент	корреспондент	AA2019	кариспанде́нт	-абалъи	-илъи
каркар	темя | родничок	SA2012	ка́ркар		
карниз	карниз	AA2019	карни́з	-абалъи	-илъи
карнистир	канистра	AA2019	карни́стир	-де	-лъи
каробка	коробка	AA2019	каро́бка	-балъи	-лъи
карол	король	AA2019	каро́л	-де	-илъи
каронка	коронка	AA2019	каро́нка	-балъи	-лъи
карта	карта | загон	AA2019+SA2012	ка́рт/а | ка́рта	-е	-лъи
картушка	луковица	AA2019	карту́шка		
кару	тутовые плоды | тутовая ягода | шов	AA2019+SA2012	ка́ру		
карцер	карцер	AA2019	ка́рцер	-де	-илъи
касета	кассета	AA2019	касе́та	-балъи	-лъи
касинка	косынка	AA2019	каси́нка	-балъи	-лъи
касичка	косичка	AA2019	каси́чка	-балъи	-лъи
каска	каска	AA2019	ка́ска	-е	-лъи
касса	касса	AA2019+SA2012	ка́сс/а | ка́сса	-е	-лъи
кассир	кассир	AA2019+SA2012	касси́р	-де	-илъи
кастум	костюм	AA2019+SA2012	касту́м	-де	-алъи
катан	полотно	SA2012	ката́н		
катуша	катюша	AA2019	кату́ша	-балъи	-лъи
катушка	картофель | катушка	AA2019+SA2012	кату́шка	- | -абалъи	-лъи
кашиш	поп	AA2019+SA2012	каши́ш	-абалъи	-илъи
кащелъи	дрожжи	AA2019	кащелъи		
кащир	каша	AA2019+SA2012	кащи́р	-	-алъи
квай	половник | черпак | ковш	AA2019+SA2012	ква/й | квай	-е	-илъи
кваᴴгьакьур	рассвет	SA2012	ква́ᴴгьакьур		
кваᴴй	лучина	SA2012	кваᴴй		
квагъайхичIабир	неукротимость	AA2019	квагъайхичIа́бир	-де	-лъи
квагъир	дрессировка	SA2012	ква́гъир		
квагьир	рассвет	AA2019	ква́гьир		
квайиквай	кирка	AA2019	квайи́квай	- де	-лъи
квайквай	кирка | дятел	AA2019+SA2012	ква́йква/й | квайквай		
квал-квай	заминка	AA2019	квал-квай		
квал-квайсар	загвоздка	AA2019	квал-ква́йсар		
квалквал	помеха	AA2019+SA2012	квалква́л	- де	-илъи
кванамассугьуди	древесина	SA2012	ква́намассугьуд/и		
кванар	огонь | зрение | свет	AA2019+SA2012	ква́нар	- де	кванарлъи
кванархи	засветло	AA2019	квана́рхи		
кванххи	скребок | скребница	AA2019+SA2012	ква́нххи		
кванчIир	посветление	SA2012	ква́нчIир		
кварквай	препятствие | помеха	AA2019+SA2012	кварква́й	-	-лъи
кваркин	ручка кастрюли	AA2019	кваркин		
кваркъин	браслет | обруч	AA2019+SA2012	кваркъ\ин | кваркъи́н	-е	-илъи
квартIа	молоток | колотушка	AA2019+SA2012	ква́ртI/а | ква́ртIа		
квартал	квартал	SA2012	ква́ртал		
квартар	плавание	AA2019+SA2012	кварта́р | ква́ртар	- де	-лъи
квартира	квартира	SA2012	кварти́ра		
квас	квас	AA2019	квас	-	-илъи
кватIаб	поздний	SA2012	кватIа́б		
кватIир	опоздание	AA2019+SA2012	ква́тIир	-де	-лъи
кватIо	поздний	AA2019	кватIо́		
кваха	рукав	AA2019+SA2012	ква́х/а | ква́ха	-ибалъи	-лъи
квацIи	пучок | метла	AA2019	ква́цIи	- е	-лъи
квачIи	крыло | борт | манжета	AA2019+SA2012	квачIи́ | ква́чIи	-б(д)алъи/-е	-лъи
квачIибде	дыбы	AA2019	квачIибде́		
квачIикъ	левша | левый	AA2019+SA2012	квачIи́къ	-де	-алъи
квача	худой	AA2019+SA2012	ква́ча		
квачайр	исхудание	AA2019	квача́йр		
квачар	худоба	SA2012	ква́чар		
квачир	худоба	SA2012	ква́чир		
кверщел	власть	SA2012	кверще́л		
кверщеллъи	власть | завоевание	AA2019	кверще́ллъи	-	-лъи
кекс	кекс	AA2019	кекс	-е	-илъи
келетка	клетка	AA2019	келе́тка	-балъи	-лъи
кенчер	околоплодник ореха	SA2012	кенче́р		
кеп	наслаждение | веселье | кайф	AA2019+SA2012	кеп	-е	-илъи
кепгучIир	неудовольствие | недомогание	AA2019	ке́пгучIир	-де	-лъи
кепив	навеселе	AA2019	ке́пив		
кепир	опьянение	SA2012	ке́пир		
кепка	кепка	AA2019	кепка	-е	-лъи
кепккир	наслаждение	AA2019	кепккир		
кепла-бекъипла	умора	AA2019	ке́пла-бекъипла		
кередит	кредит	AA2019	кереди́т	-абалъи	-илъи
керем	крем	AA2019	кере́м	-де	-илъи
керемли	кремль	AA2019	кере́мли	-абалъи	-лъи
керенсса	жилет | корсаж | безрукавка	AA2019+SA2012	кере́нсса	-балъи	-(р)лъи
керепдашин	крепдешин	AA2019	кере́пдашин		
керест	крест	AA2019	кере́ст	-абалъи	-илъи
керчибир	лохматость	SA2012	ке́рчибир//ке́рчир		
керчир	лохматость	SA2012	ке́рчибир//ке́рчир		
керчигергунса	сороконожка	SA2012	ке́рчигергунса		
кете	кеды	AA2019	ке́те	-	-лъи
кечIи	песня | стихотворение | стих	AA2019+SA2012	ке́чI/и | ке́чIи	-е	-лъи
кечIухъан	певец	AA2019+SA2012	кечIу́хъа/н | ке́чIухъан	-де(хъабалъи) | -де	-илъи
кивитанци	квитанция	AA2019	кивита́нци	-йабалъи	-лъи
кизил	кизил	AA2019	кизи́л	-	-алъи
кила	коровяк | навоз | кизяк	AA2019+SA2012	ки́л/а | ки́ла	-	-(у)лъи
кило	килограмм	AA2019+SA2012	кил/о́ | кило́	- балъи	-лъи
киламетра	километр	SA2012	киламе́тра		
килёнка	клеёнка	AA2019	килёнка	-балъи	-лъи
килизма	клизма	AA2019	кили́зма	-балъи	-лъи
килийонка	клеёнка	SA2012	килийонка		
килиса	церковь	SA2012	кили́са		
килка	килька	AA2019	ки́лка	-е	-лъи
километра	километр	AA2019	кило́метра	- балъи	-лъи
килу	сел. Миарсо	AA2019	ки́лу		
килулъитIунтIу	муха навозная	SA2012	килу́лъитIунтI/у		
кимано	кимоно	AA2019	кимано́	- балъи	-лъи
кини	колыбель	AA2019+SA2012	ки́н/и | ки́ни	-е	-лъи
кино	кино | фильм | кинотеатр	AA2019+SA2012	кин/о́ | кино́	-балъи	-лъи
киндир	см. ни́гъир	SA2012	кинди́р		
кинишка	книжка	AA2019+SA2012	кини́шка	-балъи	-лъи
киноактёр	киноактёр	AA2019	киноактёр	-де	-илъи
киноапарат	киноаппарат	AA2019	киноапара́т	-абалъи	-илъи
киоск	киоск	AA2019	кио́ск	-абалъи	-илъи
кира	груз | обоз	AA2019+SA2012	кир/а́ | кира́	-балъи	-лъи
кири	благословение	SA2012	кир/и́		
кирагаз	керогаз	AA2019	кирага́з	-е	-илъи
кирасинка	керосинка	AA2019	кираси́нка	-балъи	-лъи
киргизав	киргиз	AA2019	киргизав		
киргизай	киргизка	AA2019	кирги́зай		
киргизал	киргизы	AA2019	кирги́зал		
киризис	кризис	AA2019	кири́зис	-абалъи	-илъи
киримдишин	крепдешин	SA2012	киримдиши́н		
кирпич	кирпич | бубна	AA2019+SA2012	кирпи́ч	-абалъи	-алъи
кисай	тюль	AA2019+SA2012	киса́й		
кисет	кисет	SA2012	кисе́т		
кисларод	кислород	AA2019	кисларо́д	-	-илъи
кислата	кислота	AA2019	кислата́	-	-лъи
китайав	китаец	AA2019	кита́йав		
китайай	китаянка	AA2019+SA2012	китайай | кита́йай		
китайал	китайцы	AA2019+SA2012	кита́йал		
кител	китель	AA2019	ки́тел	-де	-илъи
кици	пословица | поговорка	AA2019+SA2012	киц/и́ | кици́	-балъи	-лъи
кицIу	ловушка | подножка	AA2019	ки́цIу	-ве	-лъи
кицIцIи	крючок | подножка | зацеп	SA2012	ки́цIцI/и		
кичир	мякина | отруби	SA2012	кичи́р		
кичир-цIаᴴй	тамир	AA2019	кичир-цIаᴴй // кичир-ца		
кичир-ца	тамир	AA2019	кичир-цIаᴴй // кичир-ца		
кишмиш	кишмиш | изюм	AA2019+SA2012	кишми́ш	-	-илъи
ккала	плесень	AA2019+SA2012	кка́ла	-	-лъи
ккалаххур	плесень	SA2012	кка́лаххур		
ккамна	придаток	AA2019	кка́мна		
ккандир	раздой | удой | дойка	AA2019+SA2012	кка́ндир		-лъи
ккимдир	улыбка	AA2019+SA2012	кки́мдир		
кодир	намаз	AA2019+SA2012	ко:дир | ко́дир	-де	-лъи
кодир-дин	вера	SA2012	ко:дир-дин		
коб-миххи	железные изделия	AA2019	коб-миххи		
коби	железо	AA2019+SA2012	ко́б/и | коби	-	-лъи
кобалъанси	кузнец	AA2019	коба́лъанси		
коби-миххи	домашняя утварь	AA2019	коби-миххи		
кобимиххи	металлолом	SA2012	кобими́хх/и		
кожинка	кожанка	AA2019	ко́жинка	-балъи	-лъи
койка	кожа	AA2019	ко́йка	-балъи	-лъи
коклуш	коклюш	AA2019	ко́клуш	-	-илъи
кокон	слива	AA2019+SA2012	коко́н		
коли	двор | хутор | дворик	AA2019+SA2012	коли́ | ко́ли		
коми	бревно | столб | растяпа	AA2019+SA2012	ко́ми		
компас	компас	AA2019	ко́мпас	-абалъи	-илъи
коних	конюх	AA2019	ко́них	-абалъи	-илъи
конопка	кнопка	AA2019	коно́пка	-балъи	-лъи
контразведка	контрразведка	AA2019	контразведка	-балъи	-лъи
контразведчик	контрразведчик	AA2019	контразве́дчик	-абалъи	-и
контревалюционер	контрреволюционер	AA2019	контревалюционе́р	-де	-иб
копи	кофе	AA2019	ко́пи	-	-лъи
копийа	копия	AA2019	ко́пийа	-балъи	-лъи
копта	кофта	AA2019	ко́пта	-е	-лъи
кор	печь | пекарня	AA2019+SA2012	кор | ко́р	-е	-илъи
кора	водопойная колода | вымя	AA2019+SA2012	ко́ра	-е	-илъи
корейал	корейцы	AA2019	коре́йал		-уб
корейанав	кореец	AA2019	коре́йанав		
корейанай	кореянка	AA2019	коре́йанай	корейалъи йешил	-лъилъи
коржик	коржик	AA2019	ко́ржик	-абалъи	-илъи
кори	название садовой местности	AA2019	ко́ри		
корчIчIал	подол | один из углов платка	SA2012	ко́рчIчIал		
корчIчIин	см. ко́рчIчIал	SA2012	ко́рчIчIин		
корчIчамурчу	название садовой местности	AA2019	корчIчаму́рчу		
корщел	власть	SA2012	корще́л		
коскон	см. ку́ссу	SA2012	коско́н		
коцокъ	урод	SA2012	коцо́къ		
куᴴй	баран	SA2012	куᴴ/й		
кубанав	кубанец	AA2019	куба́нав	-л	-щуб
кубанай	кубанка	AA2019	куба́най	-	-лъилъи
куби	см. ко́би	SA2012	ку́би		
кубимиххи	см. коби­ми́ххи	SA2012	куби́миххи		
кубок	кубок	AA2019	ку́бок	-абалъи	-илъи
кузер	см. гу́зер	SA2012	ку́зер		
кузов	кузов	AA2019	ку́зов	-де	-лъи
куй	баран	AA2019	куй		
кулак	кулак	AA2019	кула́к	-абалъи	-илъи
кулаклъи	кулачество	AA2019	кула́клъи		
култпаход	культпоход	AA2019	култпахо́д	-абалъи	-илъи
култура	культура	AA2019	култу́ра	-	-лъи
кулуб	клуб	AA2019+SA2012	кулуб | кулу́б	-де	-илъи
кулумба	клумба	AA2019	кулу́мба	-балъи	-лъи
кулъебалъи	рукавицы	SA2012	кулъе́балъи	рукавицы	
кулъел	перчатка	AA2019	кулъе́л	-ебалъи	-лъи
кумак	помощь	AA2019+SA2012	кума́к	-де	-илъи
кумакчи	помощник	SA2012	кума́кчи		
кунак	кунак	AA2019	куна́к	-ал	-алъи
кунтIа	муж | самец	AA2019+SA2012	ку́нтI/а | ку́нтIа	-ибалъи	-улъи
кунтIа-гьаркIкIи	супруги	SA2012	ку́нтIа-гьаркIкI/и		
кунтIал	мужчины	SA2012	кунтIа́л		
кунтIаркIкIилъир	супружество	AA2019	кунтIа́ркIкIилъир		
кунтIекIва	мужчина | герой	SA2012	кунтIе́кIва		
кунтIекIва-махIамалъи	молодцеватость	AA2019	кунтIе́кIва-махIамалъи		
кунтIекIвалъи	смелость	SA2012	кунтIе́кIвалъи		
кунтIекIвамахIай	мужеподобная	SA2012	кунтIе́кIвамахIай		
кунтIучIуссуй	замужняя	AA2019	кунтIу́чIуссуй		
кунтиквар	щекотка | зуд | непреодолимое желание	AA2019+SA2012	кунтиквар | кунти́квар		
кунчIелар	сияние	AA2019	кунчIе́лар		
купалник	купальник	AA2019	купа́лник	-абалъи	-илъи
купе	купе	AA2019	купе́	-балъи	-лъи
купиникI	кофейник	SA2012	купи́никI		
куплет	куплет	AA2019	купле́т	-абалъи	-алъи
купуникI	кофейник	AA2019	купу́никI	-абалъи	-илъи
кура	кыш	AA2019	ку́ра		
курдав	курд	SA2012	ку́рдав		
курдай	курдянка	AA2019+SA2012	ку́рдай	-	-лъилъи
курдал	курды	AA2019+SA2012	ку́рдал	-	-уб
куренжа	пиявка | прилипала	SA2012	куре́нж/а		
куренжу	пиявка	AA2019	куре́нжу	-абалъи	-лъи
куржа	кружева	AA2019	ку́ржа	-абалъи	-алъи
куржок	кружок	AA2019	куржо́к	-абалъи	-а(и)лъи
куркин	ручка домашней утвари	SA2012	курки́н		
курорт	курорт	AA2019	куро́рт	-абалъи	-илъи
курорталъиссу	курортник	AA2019	куро́рталъи́ссу	-л	-щуб
курпа	крупа	AA2019+SA2012	курп/а́ | ку́рпа	-	-алъи
курс	курс	AA2019	курс	-е	-илъи
курсант	курсант	AA2019	курса́нт	-ал	-илъи
курсе	курсы	AA2019	ку́рсе	-	-лъи
куртIа	топор	AA2019+SA2012	ку́ртI/а | ку́ртIа		
куртка	куртка	AA2019	ку́ртка	-е	-алъи
куружок	кружок	SA2012	куружо́к		
курушка	кружка	AA2019+SA2012	куру́шка	-балъи	-лъи
курушурентIу	божья коровка	SA2012	курушуре́нтI/у		
куршентIу	божья коровка	AA2019	куршентIу		
куса	безбородый	SA2012	куса́		
кусачкабалъи	кусачки	AA2019	куса́чкабалъи		
кусок	кусок	AA2019	кусо́к	-абалъи	-алъи
куссу	дикая алыча	SA2012	ку́ссу		
кусу	алыча	AA2019	ку́су	-е	-лъи
кутак	сила	AA2019+SA2012	кута́к		
кутакабир	мощность	AA2019	кута́кабир	-де	-лъи
кутакгучIир	немощь	AA2019	кута́кгучIир		
кутаклъи	могучесть	AA2019	кута́клъи	-абалъи	-лъи
кухарка	кухарка	AA2019	куха́рка	-балъи	-лъи
кухни	кухня	AA2019	ку́хни	-е	-лъи
куц	вид | выродок | форма	AA2019+SA2012	куц	-е	-илъи
куц-мухъ	вид	SA2012	ку́ц-мухъ		
куц-мухъи	наружность	AA2019	куц-му́хъи	-е	-лъи
куц-рецц	выражение	AA2019	куц-рецц		
куцгучIир	неприглядность	AA2019	ку́цгучIир	-де	-лъи
куш-куш	цып-цып	AA2019	куш-куш		
куши	соска	AA2019+SA2012	ку́ш/и | ку́ши		
кущуку	половой орган мальчика	AA2019	ку́щуку		
къабалъа	шапка	AA2019	къаба́лъа		
къабихI	подлец | идиот | унижать	AA2019+SA2012	къаби́хI	-де	-аклъи
къабихIир	подлость | унижение	AA2019+SA2012	къаби́хIир		
къабихIлъи	мерзость | идиотизм	AA2019	къаби́хIлъи		
къабкъи	каракуль | внутренняя сторона шкуры	AA2019	къабкъи | къа́бкъи	-	-илъи
къабкъуббугъа	похлебка	SA2012	къабкъу́ббугъа		
къабулир	приемлемость	SA2012	къабу́лир		
къабцIеру	застежка	SA2012	къабцIе́р/у		
къавуда	чума | холера	AA2019+SA2012	къаву́да		
къади	кадий	SA2012	къад/и́		
къада-мадарабир	недоброкачественность	AA2019	къада-мада́рабир	-де	-лъи
къадар	судьба | смерть | количество	AA2019+SA2012	къада́р	-де	-лъи
къадарабир	зло | негодность	AA2019	къада́рабир	-де	-лъи
къадарир	низость	SA2012	къада́рир		
къадарухъан	каменщик	AA2019	къада́рухъан		
къадахъан	каменщик	SA2012	къада́хъа/н		
къаджарав	азербайджанец	AA2019	къаджа́рав	-ал	-щув
къаджарай	азербайджанка	AA2019	къаджа́рай	-ал	-лъилъи
къадихъан	каменщик	AA2019	къади́хъан	-де	-илъи
къадру	влияние | автоитет | достоинство	AA2019+SA2012	къа́дру	-е(къарве) | -е	-лъи
къадру-къимат	уважение	SA2012	къа́дру-къима́т		
къажарав	азербайджанец | перс	SA2012	къажа́рав		
къажарай	азербайджанка | персиянка	SA2012	къажа́рай		
къажарал	азербайджанцы | персы	SA2012	къажа́рал		
къай	закут | вещи | товар	AA2019+SA2012	къай	-балъи/-е	-лъи
къай-матахI	пожитки | вещи	AA2019+SA2012	къай-мата́хI | къа́й-матахI		
къай-цIайи	вещи	SA2012	къа́й-цIайи		
къай-чIай	манатки	AA2019	къа́й-чIай		
къайда	правило | метод | манера	AA2019+SA2012	къайда́	-балъи	-лъи
къайдайр	украшение	AA2019	къа́йдайр		
къайдар	починка	SA2012	къа́йдар		
къайдир	нарядность	SA2012	къа́йдир		
къакъадар	гогот | кудахтание	AA2019+SA2012	къакъа́дар	-де	-лъи
къалам	карандаш	AA2019+SA2012	къалам | къала́м	-де	-лъи
къалам-шай	запах чего-л. горящего	AA2019	къала́м-шай		
къали	бункер	SA2012	къа́ли		
къалъил	полдник	AA2019	къа́лъил	-де	-лъи
къамакур	подгорелость	SA2012	къа́макур		
къамдир	укус	SA2012	къа́мдир		
къамкъадар	покусывание	SA2012	къа́мкъадар		
къаму	сословие	AA2019	къаму		
къанагIалъир	редкость	AA2019+SA2012	къана́гIалъир		
къанцIи	уксус	AA2019+SA2012	къа́нцIи		
къанцIур	жадюга	SA2012	къанцIу́р		
къапила	ватага	SA2012	къапи́ла		
къара	козявка в носу | козюля	AA2019+SA2012	къара | къа́ра		
къардир	грабёж | гололедица	AA2019	къа́рдир	-де	-лъи
къарз	долг	SA2012	къарз		
къарзи	взаймы	AA2019	къа́рзи		
къарилъа	чурек	AA2019	къа́рилъа		
къаркъа	лепёшка	AA2019+SA2012	къа́ркъ/а | къа́ркъа	-е	-(у)лъи
къаркъадир	морщина	AA2019	къа́ркъадир	-де	-лъи
къаркъала	тело	AA2019+SA2012	къаркъа́ла | къа́ркъала		
къаркъатIир	морщина	AA2019+SA2012	къаркъатIир | къа́ркъатIир		
къарум	жмот | скряга	AA2019+SA2012	къару́м	-де	-алъи
къарумав	скупой	SA2012	къару́ма/в		
къарумир	скряжничество | скупость	AA2019+SA2012	къару́мир		
къарун-къарун	жадина	AA2019	къару́н-къару́н		
къарцIи	скряга	AA2019	къарцIи		
къас	воля	AA2019	къас	-е	-илъи
къасд	намерение	SA2012	къасд		
къатIипа	бархат	AA2019+SA2012	къатIи́па	-	-лъи
къатIра	капля | мизерность	AA2019+SA2012	къатIр/а́ | къатIра́		
къачагъ	бандит | баловник	AA2019+SA2012	къача́гъ	-а(а)балъи/-де	-алъи
къачагълъи	бандитизм | разбойничество	AA2019+SA2012	къача́гълъи	-	-лъи
къва	пика	AA2019	къва	-балъи	-лъилъи
къвабалъи	пики	AA2019	къва́балъи		
къвагъир	шкварки	SA2012	къва́гъир		
къвайелар	карканье	SA2012	къвайе́лар		
къвакI	жареное сало	AA2019	къвакI		
къвакIи	треск	AA2019	къва́кIи		
къвакъва	ворона | ворон	AA2019+SA2012	къвакъв/а́ | къвакъва́	-балъи	-лъи
къвали	пояс | свивальник для колыбели | подпруга	AA2019+SA2012	къва́л/и | къвали		
къванкIара	жировик | шишка | уплотнение на теле	AA2019+SA2012	къва́нкIар/а | къванкIара		
къванкъва	глиняный кувшин с длинным горлышком и ручкой | глиняный кувшин(чик)	AA2019+SA2012	къва́нкъв/а | къва́нкъва		
къванкъватIир	глотка | горло	AA2019+SA2012	къва́нкъватIир	-де	-лъи
къванкъващекир	см. де́ргва	SA2012	къва́нкъващекир		
къванчIи	висок | бакенбарда	AA2019	къва́нч(I)и	-е	-лъи
къванчи	висок | бакенбарда	AA2019+SA2012	къва́нч(I)и | къва́нчи	-е	-лъи
къванщи	см. къва́нчи	SA2012	къва́нщи		
къвараб	воля | надобность | поручение	AA2019+SA2012	къвара́б	-де	-алъи
къварайр	прискорбие	AA2019	къвара́йр		
къварала	вдоволь	AA2019	къвара́ла		
къварар	узость | дефиле | теснина	AA2019+SA2012	къвара́р | къва́рар	-де	-лъи
къвардир	грызня	SA2012	къва́рдир		
къварерхиссуб	торговля	AA2019	къваре́рхиссуб		
къваригIел	нужность | поручение	SA2012	къвари́гIел		
къварилъи	невзгоды | беда | горе	AA2019+SA2012	къвари́лъ/и | къвари́лъи	-а(а)балъи	-лъи
къварир	хотение | нужда	AA2019	къвари́р	-де	-лъи
къварихаббугъа	всё необходимое	SA2012	къвариха́ббугъ/а		
къварихичIаб	излишний	AA2019	къварихичIа́=б		
къваричIада	поневоле	AA2019	къваричIа́да		
къваричIир	нежелание | нежелательность | ненадобность	AA2019	къва́ричIир	-де	-лъи
къваркъвари	хруст | урчание	SA2012	къваркъва́ри		
къваркъварисар	урчание	AA2019	къваркъва́рисар		
къватIи	улица	AA2019+SA2012	къва́тI/и | къва́тIи		
къватIа	ущелье	AA2019+SA2012	къва́тIа		
къватIу	найдёныш	AA2019	къва́тIу	-(в)е (къватIелъи набалъи)	-лъи
къватIуха	незаконнорожденный	SA2012	къватIу́ха		
къвацIеру	см. къабцIе́ру	SA2012	къвацIе́ру		
къвачIа	бурдюк	AA2019	къва́чIа	-е	-алъи
къвачара	сыр	AA2019+SA2012	къва́чара	-	-лъи
къебед	кузнец	AA2019	къебе́д	-абалъи	-алъи
къебкъа	шкурка | шкура	SA2012	къе́бкъ/а		
къегьен	мешок	AA2019+SA2012	къегье́/н | къегьен	-де	-илъи
къекIва	червяк	SA2012	къе́кIв/а		
къенлъи	род	AA2019	къенлъи́		
къену	лето	AA2019+SA2012	къе́ну	-	-улъи
къенулъи	летом	SA2012	къену́лъи		
къерайр	ранение	AA2019	къе́райр		
къерар	ранение	SA2012	къе́рар		
къеру	пшеница	AA2019+SA2012	къе́ру		
къерцIи	сыворотка	AA2019+SA2012	къе́рцI/и | къе́рцIи	-е	-лъи
къетIен	сажа | смоль	SA2012	къетIе́н		
къец	соревнование	AA2019+SA2012	къец	-е	-илъи
къибтIа	кусок палки	AA2019	къибтIа		
къийамассабзив	светопреставление | день страшного суда | никогда	SA2012	къийа́массабзив		
къимат	оценка | достоинство | цена	AA2019+SA2012	къима́т	-абалъи	-лъи
къинда	стена	AA2019+SA2012	къи́нд/а | къи́нда		
къиндов	скупой	SA2012	къинд/о́в		
къиндайр	зажимание	AA2019	къи́ндайр		
къиндир	зажим | скупость | жадность	AA2019+SA2012	къи́ндир | къи́ндир//къи́ндабир	-де	-лъи
къиндабир	жадность	SA2012	къи́ндир//къи́ндабир		
къиндихабир	колкость	AA2019	къи́ндихабир		
къиндо	скупой	AA2019	къи́ндо		
къинду	закрыв	SA2012	къи́нду		
къинкIелар	моргание	SA2012	къинкIе́лар		
къинкъа	см. бигъай	AA2019	къи́нкъа		
къинкъар	моргание	AA2019	къи́нкъар		
къинкъил	серьги | серьга	AA2019+SA2012	къи́нкъи/л | къи́нкъил		
къинкъибалъи	клипсы	AA2019	къи́нкъибалъи		
къинкъиндо	натуго	AA2019	къинкъиндо́		
къинцIур	жадина	AA2019	къинцIу́р		
къир-къири	скрежет | скрип | хруст	SA2012	къир-къи́ри		
къирал	король	SA2012	къира́л		
къирба	юг	AA2019+SA2012	къирб/а́ | къирба́		
къирдаб	отбивной	AA2019	къирда́б		
къирдир	стрижка	SA2012	къи́рдир		
къиркъар	скрип	AA2019	къиркъа́р	-де	-лъи
къиркъидар	вырезывание	AA2019	къи́ркъидар	-де	-лъи
къиркъири	скрип	AA2019	къиркъи́ри		
къисмат	судьба	AA2019+SA2012	къисма́т		
къисса	сказ | повесть	AA2019+SA2012	къисса́	-балъи	-лъи
къиссасс	расплата | кара	AA2019+SA2012	къисса́с(с) | къисса́сс		
къиссас	расплата	AA2019	къисса́с(с)		
къича	тайком	AA2019+SA2012	къи́ча		
къичада	украдкой	AA2019	къича́да		
къичар	тайна	SA2012	къи́чар		
къокъидассан	вкратце	AA2019	къокъи́дассан		
къокъоц	коротышка	SA2012	къокъо́ц		
къокъоч	лилипут	AA2019	къокъо́ч	-абалъи	-илъи
къоркъол	яичко | грыжа	AA2019+SA2012	къоркъо́/л | къоркъо\л	-балъи/-де	-илъи/-алъи
къоролав	вдовец | разведенный	AA2019+SA2012	къоро́л/ав | къоро́лав	-забалъи	-щуб
къоролай	вдова | разведенка	AA2019+SA2012	къоро́л/ай | къоро́лай	-забалъи	-лъилъи
къороллъи	вдовство	AA2019+SA2012	къоро́ллъи	-	-лъи
къотIи	договор | условие | щель	AA2019+SA2012	къо́тI/и | къо́тIи	-е	-лъи
къотIе	нарезка	AA2019	къо́тIе		
къотIи-къай	уговор | договоренность	AA2019+SA2012	къо́тIи-къай		
къощ	обращение к ослу, чтобы он остановился	AA2019	къощ		
къубу	лемех	SA2012	къу́бу		
къуват	лемех | сила	AA2019+SA2012	къува́т	-абалъи	-лъи
къуватабир	мощность	AA2019	къува́табир	-де	-лъи
къудир	нырок	AA2019	къу́дир	-де	-лъи
къудосар	игра в воде	AA2019	къудо́сар	-де	-лъи
къудралъи	могущество	AA2019	къудра́лъи	-абалъи	-лъи
къудрат	сила	AA2019+SA2012	къудра́т	-абалъи	-алъи
къукъа	отряд | стая | общество	AA2019+SA2012	къукъ/а́ | къукъа́	-балъи	-лъи
къули	туша	AA2019+SA2012	къу́л/и | къу́ли		
къулгIа	родник	SA2012	къулгI/а́		
къулден	кольчуга	SA2012	къулде́н		
къулехи	название садового участка	AA2019	къуле́хи		
къулир	поклон | наклон	AA2019+SA2012	къу́лир	-де	-лъи
къуллай	см. къулгIа́	SA2012	къулла́й		
къуло	сутулый	AA2019	къуло́		
къулпу	название суры Корана | поминальный обряд	SA2012	къу́лпу		
къулпу-алхIам	молитва	AA2019	къу́лпу-алхIам	-де	-илъи
къулу	бутень	SA2012	къу́лу		
къулчIидайр	глоток	AA2019	къу́лчIидайр		
къумаше	название садового участка	AA2019	къу́маше		
къуну	плита | надгробная плита | сковорода	AA2019+SA2012	къу́н/у | къу́ну	-е(-абалъи) | -е	/-лъи
къункъра	журавль	AA2019	къункъра́	-балъи	-лъи
къунцIур	см. къанцIу́р	SA2012	къунцIу́р		
къуру	курятник | лачуга | конура	AA2019+SA2012	къу́р/у | къу́ру	-е	-лъи
къурантIу	см. урде́к	SA2012	къура́нтIу		
къурбан	жертва | жертвоприношение | Курбан	AA2019+SA2012	къурба́н	-де	-алъи
къурбанзив	день жертвоприношений	SA2012	къурба́нзив		
къургIан	коран | Коран	AA2019+SA2012	къургIа́н	-де	-илъи
къурден	панцирь	AA2019	къурде́н	-де	-и(а)лъи
къурентIу	журавль	SA2012	къуре́нтI/у		
къуркъу	лягушка | рубанок	AA2019+SA2012	къу́ркъ/у | къу́ркъу	-е	-лъи
къуркъулъигIали	подорожник	SA2012	къуркъу́лъигIал/и		
къурчIидир	глоток	SA2012	къу́рчIидир		
къусов	человек, сбившийся с пути	SA2012	къус/о́в		
къусир	заблуждение	AA2019+SA2012	къу́сир	-де	-лъи
къучара	тёплая | безрукавка	AA2019+SA2012	къуча́ра	-балъи	-лъи
кьаби	умножение	SA2012	кьа́би		
кьал	междуусобие | вражда | ссора	AA2019+SA2012	кьал		
кьаму	ржавчина | фитофтороз	AA2019+SA2012	кьа́му		
кьанана	провал | неудача	AA2019	кьанана́		
кьани	умножение	AA2019	кьа́ни		
кьанибугъа	большинство | преимущественно	AA2019	кьани́бугъа	-	-луб
кьанигучIир	незначительность	AA2019	кьани́гучIир	-де	-лъи
кьанихир	множественность	AA2019	кьани́хир	-	-лъи
кьанкIар	мн. -де́, рп. -алъи заяц | заяц	AA2019+SA2012	кьанкIа́р	-де	-алъи
кьантIайр	затверделость	AA2019	кьантIа́йр		
кьантIи	твёрдый	AA2019	кьа́нтIи		
кьантIи-кьантIир	доблесть	AA2019	кьа́нтIи-кьа́нтIир		
кьантIир	отвердение | храбрость | крепость	AA2019+SA2012	кьа́нтIир	-де	-лъи
кьардаб	ограбленный	AA2019	кьа́рдаб		
кьардарухъан	громила	AA2019	кьарда́рухъан	-де	-иб
кьардир	выдергивание	SA2012	кьа́рдир		
кьардихо	взломщик	AA2019	кьа́рдихо		
кьару	почвенная пора	AA2019	кьа́ру		
кьарулъи	название улицы	AA2019	кьарулъи́		
кьваᴴгьелар	стрельба	SA2012	кьваᴴгье́лар		
кьваᴴгьир	выстрел | взрыв	SA2012	кьва́ᴴгьир//кьваᴴгьадир		
кьваᴴгьадир	выстрел | взрыв	SA2012	кьва́ᴴгьир//кьваᴴгьадир		
кьвагьадайхаб	подрывной	AA2019	кьвагьада́йхаб		
кьвагьадир	взрыв	AA2019	кьвагьадир	-де	-лъи
кьвагьелар	стрельба	AA2019	кьвагье́лар		
кьвагьеру	деревянный самодельный игрушечный пистолет	AA2019	кьвагье́ру		
кьвагьи	взрыв | огонь | обстрел	AA2019	кьвагьи	-е	-лъи
кьвар-кьвари	хруст | треск	AA2019+SA2012	кьвар-кьва́ри		
кьварир	твердость	SA2012	кьва́рир		
кьватIелар	потрескивание	SA2012	кьватIе́лар		
кьватIеру	хлопья | жареное зерно | попкорн	AA2019+SA2012	кьватIе́ру		
кьватIир	трещина	SA2012	кьва́тIир		
кье	пепел | зола	SA2012	кье:		
кьей	зола	AA2019	кьей	-	-илъи
кьекьел	седло	SA2012	кьекье́л		
кьери	цвет | масть	AA2019+SA2012	кье́р/и | кье́ри	-е	-лъи
кьеркьел	седло	AA2019	кьеркье́л		
кьеркьел-къай	упряжь	AA2019	кьеркье́л-къай		
кьерхахъан	буревестник	AA2019	кьерха́хъан	-де	-
кьерххаб	хмурый	AA2019	кье́рххаб		
кьетIир	ягненок | ягнёнок	AA2019+SA2012	кьетI/и́р | кьетIи́р	кьетIе	-алъи
кьехъва	пена с примесями ( с листвой, остатками сена, веток ) на поверхности воды	SA2012	кье́хъва		
кьибдар	пляс	AA2019	кьи́бдар	-де	-лъи
кьибдарухъан	плясун	AA2019	кьибда́рухъан	-де	-лъи
кьибдир	танец	AA2019+SA2012	кьи́бдир		
кьибтIа	палочка | спичинка | вилка	SA2012	кьи́бтI/а		
кьикьи	сорока	AA2019+SA2012	кьикьи́		
кьимжура	оса	AA2019+SA2012	кьи́мжур/а | кьи́мжура	-(а)де	-лъи
кьимссир	ресница | бровь	AA2019+SA2012	кьи́мссир | кьи́мссир//кьинсси́р	-де	-алъи
кьинссир	бровь	SA2012	кьи́мссир//кьинсси́р		
кьир	вступление	AA2019	кьир		
кьири	мост	AA2019+SA2012	кьи́р/и | кьи́ри	-е	-лъи
кьирайр	изнашиваемость	AA2019	кьи́райр		
кьирасирар	старье	SA2012	кьи́расирар		
кьирдир	см. кьи́бдир	SA2012	кьи́рдир		
кьиркьири	треск	SA2012	кьиркьи́ри		
кьиртIа	см. кьи́бтIа	SA2012	кьи́ртIа		
кьони-кьони	помногу	SA2012	кьо́ни-кьони́		
кьонихибугъа	большинство | зачастую	SA2012	кьони́хибугъа		
кьонихир	рост	SA2012	кьони́хир		
кьуᴴй	рыбья кость	SA2012	кьуᴴй		
кьуди	утёс | скала	AA2019+SA2012	кьу́д/и | кьу́ди		
кьудаб	опухлый	SA2012	кьуда́б		
кьуди-бай	пропасть | утёс	AA2019	кьуди-ба́й		
кьудилъипирцIцIи	мумиё	SA2012	кьу́дилъипирцIцIи		
кьудир	опухоль | нарыв | воспаление	AA2019+SA2012	кьу́дир	-де	-лъи
кьунчур	барсук	SA2012	кьунчу́р		
кьурайр	завод	AA2019	кьу́райр		
кьури	сдвиг | отклонение	SA2012	кьу́ри		
кьурихичIабир	неуклонность	AA2019	кьурихичIа́бир	-де	-лъи
кьуркьар	ворчание | уклонение	SA2012	кьу́ркьар		
Кьухъи	сел. Тлох	AA2019	Кьухъи		
кьучIчI	основание	SA2012	кьучIчI		
кьучIчIар	достоверность	SA2012	кьу́чIчIар		
кьучIчайр	конкретизация	AA2019	кьу́чIчайр		
кьучIчир	конкретность	AA2019	кьу́чIчир		
лIандир	отсекание	SA2012	лIа́ндир		
лIапа	растяпа	AA2019	лIа́па		
лIарахъан	тамада	AA2019	лIара́хъан		
лIардир	подметание | протирание	SA2012	лIа́рдир		
лIеникьанир	многоводье	AA2019	лIе́никьанир	-	-лъи
лIертIа	клин	SA2012	лIе́ртI/а		
лIимдир	отклонение от нормы | прогибание	AA2019+SA2012	лIимдир | лIи́мдир		
лIини	зубило | долото	AA2019+SA2012	лIини́	-балъи	-лъи
лIирлIи	масло	SA2012	лIи́рлI/и		
лIулIадир	протирание	SA2012	лIулIа́дир		
лIурайхаб	отдвижной	AA2019	лIура́йхаб		
лIурдир	сползание	SA2012	лIу́рдир		
лIурлIадир	подтирка	AA2019	лIу́рлIадир		
лIурлIар	ползание	SA2012	лIу́рлIар		
лIутарухъан	беглец	SA2012	лIута́рухъан		
лабаллъи	косогор	AA2019	лабаллъи		
лабарант	лаборант	AA2019	лабара́нт	-абалъи	-илъи
лабаратори	лаборатория	AA2019	лабарато́ри	-е	-лъи
лабдайр	удар	AA2019	ла́бдайр		
лабдар	удар	SA2012	ла́бдар		
лабхащир	жевание	SA2012	ла́бхащир		
лабххелар	лоск	AA2019	лабххе́лар	-де	-лъи
лабххущир	жвачка	AA2019	ла́бххущир		-лъи
лабци	подошва | подмётка	AA2019+SA2012	ла́бц/и | ла́бци	-е	-лъи
лабчур	недоумок	SA2012	лабчу́р		
лабша	лапша	AA2019	лабша́	-	-лъи
лабщугьуркьа	сорт ореха с трудно отделяемой мякотью	AA2019	лабщугьуркьа		
лавка	скамейка | лавка	AA2019	ла́вка	-е	-лъи
лага	тело | часть туши животного | часть тела	AA2019+SA2012	ла́г/а | ла́га	-е	-илъи
лаге	брусья	SA2012	ла́ге		
лагир	лагерь	AA2019+SA2012	ла́гир	-де	-лъи
лагъ	раб	SA2012	лагъ		
лагълъи	рабство	SA2012	лагълъ/и́		
лагь	раб	AA2019	лагь	-дул	
лагьлъи	рабство	AA2019	лагьлъи́	-балъи	-лъи
ладжибар	краска	AA2019	ладжибар		
ладу	послезавтра | послепослезавтра	AA2019+SA2012	ладу | ла́ду		
лажбар	краска	SA2012	лажба́р		
лазат	блаженство | наслаждение | покой	AA2019+SA2012	лаза́т	-	-алъи
лай	сажа	AA2019+SA2012	лай		-лъи
лайла	зикр | убаюкивание	SA2012	ла́йла		
лайлалъи-къадру	ночь предопределения	SA2012	ла́йлалъи-къадру		
лак	лак	AA2019+SA2012	лак		-илъи
лакав	лакец	SA2012	ла́кав		
лакай	кожа | сафьян | лачка	AA2019+SA2012	лака́й | ла́кай		-лъи
лакал	лакцы	SA2012	ла́кал		
лала	листва	SA2012	ла́ла		
лалу	дульце	AA2019	лалу́	-балъи	-лъи
ламатIур	морковь	AA2019	ламатIу́р	-де	-лъи
ламдир	лизание	SA2012	ла́мдир		
ламийалид	разрушение	SA2012	ла́мийалид		
лампа	стекло для лампы	AA2019	ла́мпа	-е	-илъи
лампушка	лампочка	AA2019	ла́мпушка	-балъи	-лъи
ламус	честь	AA2019+SA2012	ламу́с	-де	-алъи
ламусгучIир	нескромность	AA2019	ламу́сгучIир	-де	-лъи
ламуслъи	стыдливость	SA2012	ламу́слъи		
ланкIа	лянга	SA2012	ла́нкI/а		
ларёк	ларёк	AA2019	ларёк	-абалъи	-илъи
латаре	лотерея	AA2019+SA2012	латаре́	-балъи	-лъи
латин	латинский | латынь	AA2019	лати́н	-	-илъи
латишав	латыш	AA2019+SA2012	лати́шав		-щуб
латишай	латышка	AA2019+SA2012	лати́шай		-лъилъи
латишал	латыши	AA2019+SA2012	лати́шал		-уб
лато	лото	AA2019	лато́	-балъи	-лъи
лауриат	лауреат	AA2019	лауриа́т	-е	-илъи
лахIту	ниша в могиле | гробница	SA2012	ла́хIту		
лаци	см. ла́бци	SA2012	ла́ци		
лачен	сокол	AA2019	лаче́н		
ле	частица	AA2019	ле		
лебаллъи	бойкость | живучесть | острота	AA2019+SA2012	ле́баллъи	-	-лъи
лезгийал	лезгины	AA2019	лезги́йал		-уб
лезгинав	лезгин	AA2019	лезги́нав		
лезгинай	лезгинка	AA2019	лезги́най		
лезгинал	лезгины	SA2012	лезги́нал		
лезгинка	лезгинка	AA2019+SA2012	лезги́нка	-балъи	-лъи
лейка	лейка	AA2019	ле́йка	-балъи	-лъи
лекал	лекало	AA2019	лека́л	-де	-илъи
лектар	лектор	AA2019	ле́ктар	-де	-иб
лекци	лекция	AA2019	ле́кци	-е	-лъи
ленинизма	ленинизм	AA2019	ленини́зма		-лъи
лента	лента	AA2019	ле́нта	-е	-лъи
летра	литр	AA2019	ле́тра	-е	-лъи
лёчик	лётчик	AA2019	лёчик	-абалъи	-илъи
лиже	лыжи	SA2012	ли́же		
лийочик	лётчик	SA2012	лийо́чик		
ликвидатар	ликвидатор	AA2019	ликвида́тар	-де	-илъи
ликвидатарлъи	ликвидаторство	AA2019	ликвида́тарлъи		
ликвидаци	ликвидация	AA2019	ликвида́ци	-йабалъи	-лъи
ликёр	ликёр	AA2019	ликёр	-де	-илъи
лиманад	лимонад	AA2019	лимана́д		-илъи
лимон	лимон	AA2019	лимо́н	-де	-илъи
линейка	линейка	AA2019	лине́йка	-балъи	-лъи
линолиум	линолеум	AA2019	лино́лиум		-лъи
липа	липа	AA2019	ли́па	-е	-лъи
липта	лифт	AA2019	ли́пта	-е	-илъи
лист	обходной лист	AA2019	лист		
листовка	листовка	AA2019	листо́вка	-балъи	-лъи
литинант	лейтенант	AA2019	литина́нт	-абалъи	-илъи
литиратура	литература	AA2019+SA2012	литирату́ра		-лъи
литовцав	литовец	AA2019	лито́вцав		
литовцай	литовка	AA2019	лито́вцай		
литовцал	литовцы	AA2019	лито́вцал		-уб
литра	литр	SA2012	ли́тр/а		
личебница	лечебница	AA2019	личе́бница	-балъи	-лъи
лозунг	лозунг	AA2019	ло́зунг	-абалъи	-илъи
локIи	локи	SA2012	ло́кIи		
локIицIули	игра	SA2012	ло́кIицIули		
луладир	землетрясение	AA2019	лу́ладир		
лъай	сознание | знание | сознательность	AA2019+SA2012	лъай		
лъай-хъвай	знакомство	AA2019+SA2012	лъай-хъва́й | лъа́й-хъвай		
лъайе	наяву	SA2012	лъа́йе		
лъакI	след	AA2019+SA2012	лъакI	-е	-илъи
лъалхъир	перемирие | остановка	AA2019+SA2012	лъа́лхъир		
лъамаку	баловник	AA2019	лъа́маку	-вабалъи	-лъи
лъарагIав	кумык	AA2019+SA2012	лъара́гIав		-щуб
лъарагIай	кумычка	AA2019+SA2012	лъара́гIай		-лъилъи
лъарагIал	кумыки	AA2019+SA2012	лъара́гIал		-уб
лъарагIлъи	равнина	SA2012	лъара́гIлъи		
лъебелав	тляратинец	SA2012	лъебе́лав		
лъебелай	тляратинка	SA2012	лъебе́лай		
лъебелал	тляратинцы	SA2012	лъебе́лал		
лъелгойав	пешеход	AA2019	лъе́лгойа=в	-л	-щуб
лъелъерир	редкость	SA2012	лъелъе́рир		
лъени	сок арбуза	AA2019	лъе́ни	-е	-илъи
лълъадар	подсушивание	SA2012	лълъа́дар		
лълъамалъир	жидкость	AA2019	лълъама́лъир		
лълъамамалъир	раствор	AA2019	лълъама́малъир		
лълъамамесед	ртуть	SA2012	лълъама́месед		
лълъебкIвала	ничья	AA2019	лълъе́бкIвала		
лълъебкIвалагучIаб	ничей	AA2019	лълъе́бкIвалагучIаб		
лълъеди	эрг. п. от мест. эᴴв | эᴴй	SA2012	лълъе́ди		
лълъени	вода	AA2019+SA2012	лълъе́ни	-е	-илъи
лълъенкер	сырые дрова | мокрая	SA2012	лълъенке́р		
лълъертIа	клин	AA2019	лълъе́ртIа	-е	-лъи
лълъибдир	закат	AA2019	лълъи́бдир		
лълъилилъелар	рыдание	AA2019	лълъилилъелар		
лълъимдир	крен	AA2019	лълъи́мдир		
лълъимкъелар	всхлипывание	SA2012	лълъимкъе́лар		
лълъирлълъи	масло	AA2019	лълъи́рлълъи		
лълъундир	сморканье	SA2012	лълъу́ндир		
мавзалей	мавзолей	AA2019	мавзале́й	-балъи	-лъи
мавлид	мавлюд	SA2012	мавли́д		
магIарулав	горец | аварец	AA2019+SA2012	магIа́рулав		-щуб
магIарулай	горянка | аварка	AA2019+SA2012	магIа́рулай	-	-лъилъи
магIарулал	горцы | аварцы	AA2019+SA2012	магIа́рулал		
магIарулъи	нагорье	AA2019	магIа́рулъи		
магIдан	руда | металл | рудник	AA2019+SA2012	магIда́н	-де	-а(и)лъи
магIихъан	плакальщица	SA2012	магIи́хъа/н		
магIишат	хозяйство	AA2019+SA2012	магIи́шат		
магIна	смысл | толк | значение	AA2019+SA2012	магIн/а́ | магIна́	-балъи	-лъи
магазин	магазин	AA2019	мага́зин	-де	-лъи
магнат	магнат	AA2019	магна́т	-ал	-илъи
магнитапон	магнитофон	AA2019	магнитапо́н	-де	-илъи
магъа	слеза | оплакивание | деталь вьючного седла осла	AA2019+SA2012	ма́гъ/а | ма́гъа		
магъакь	подхвостник | человек-тряпка	SA2012	магъа́кь		
магъалу	плата | дань | налог	AA2019+SA2012	магъа́лу	-абалъи	-лъи
магъалъанкъу	дом, в котором оплакивают покойника	AA2019	магъалъанкъу		
магъарич	магарыч	AA2019+SA2012	магъа́рич	-де	-лъи
магъриб	запад	SA2012	магъри́б		
магъущ	аульский глашатай	SA2012	магъу́щ		
магьари	венчание	SA2012	магьа́ри		
магьди	мехди | Магди	SA2012	магьди́		
магьи	слоновая кость	AA2019+SA2012	магьи́	-балъи	-лъи
магьир	катастрофа	AA2019	ма́гьир		
мада-гъадар	сносное состояние | более менее	SA2012	мада-гъада́р		
мада-кIачар	см. мада-гъадар	SA2012	мада-кIача́р		
мадам	мадам	AA2019	мада́м	-де	-лъи
мадар	удовлетворительное состояние	SA2012	мада́р		
мадараса	медресе	SA2012	мадара́са		
мадухал	сосед	AA2019+SA2012	ма́духал		
мадухаллъи	соседство | соседи	AA2019+SA2012	ма́духаллъи		
мажлис	заседание	SA2012	мажли́с		
маз	мазь	AA2019+SA2012	маз	-е	-илъи
маза	кусок	AA2019+SA2012	ма́з/а | ма́за	-е	-(и)лъи
мазил	расстояние	AA2019	мази́л		
мазут	мн. -, рп. -илъи мазут	AA2019	мазу́т	-	-илъи
маир	ход	SA2012	ма́ир		
май	май | июнь | июль	AA2019+SA2012	май	-	-лъи
майатник	маятник	AA2019	ма́йатник	-балъи	-илъи
майка	майка	AA2019+SA2012	ма́йка	-е	-алъи
маймалак	обезьяна	AA2019+SA2012	майма́лак	-абалъи	-илъи
майор	майор	AA2019	майо́р	-де	-илъи
макIва	стул	AA2019+SA2012	ма́кIв/а | ма́кIва		
макIи	ребёнок	AA2019+SA2012	макIи́ | ма́кIи		
макIил	дети	AA2019+SA2012	макIи́л | ма́кIил	дети	-уб
макIил-кIкIвандир	детоубийство	AA2019	ма́кIил-кIкIва́ндир		
макIил-нахир	деторождение	AA2019	макIи́л-на́хир		-лъи
макIкIваб	прошивной	AA2019	макIкIва́б		
макIкIватар	вышивание	AA2019	ма́кIкIватар		
макIкIуйр	вшивка	AA2019	ма́кIкIуйр		
макIкIур	шов	SA2012	макIкIу́р		
макарон	макароны	AA2019	макаро́н	-	-илъи
маква	пища | пропитание	AA2019+SA2012	ма́кв/а | ма́ква		
маквасир	голод	AA2019+SA2012	макваси́р | ма́квасир	-де	-лъи
макинтош	макинтош	AA2019	макинто́ш	-де	-илъи
макру	коварство	SA2012	ма́кр/у		
макру-хIила	каверза	AA2019	ма́кру-хIила́		
макрусар	хитрости	SA2012	ма́крусар		
макъаб	мелодия	AA2019	макъа́б	-де	-илъи
макъабчIикварир	мелодичность	AA2019	макъа́бчIикварир		
макъал	кора | корка | переплёт	AA2019	макъа́л	-де	-а(и)лъи
макъала	статья	SA2012	макъа́ла		
макъан	напев | тон	SA2012	макъа́н		
макъар	кора	SA2012	макъа́р		
макъачIир	фурункул	AA2019	макъачIир		
макълатIис	магнит	AA2019+SA2012	макъла́тIис	-	-илъи
макълашка	фляжка | пластиковая бутылка	SA2012	макъла́шка		
макьу	сон | сновидение	AA2019+SA2012	ма́кь/у | ма́кьу		
макьиххуй	дремота	AA2019	ма́кьиххуй		
малIаб	ослушание	AA2019	ма́лIаб		
малIатар	поучение	AA2019	ма́лIатар	- де	-лъи
малIир	водительство	AA2019	малIир	-де	-лъи
малаик	ангел	SA2012	мала́ик		
малалитражка	малолитражка	AA2019	малалитра́жка	-балъи	-лъи
малар	маляр	AA2019	мала́р	-де	-илъи
малгIун	окаянный | дьявол	AA2019+SA2012	малгIу́н	-де	-алъи
малдаванав	молдаванин	SA2012	малдава́нав		
малдаванай	молдаванка	SA2012	малдава́най		
малдаванал	молдаване	SA2012	малдава́нал		
малек	ангел	AA2019	мале́к	-абалъи	-илъи
малукумату	ангел смерти	SA2012	ма́лукумату		
малъикъ	бездарь	AA2019	малъикъ	- де	-алъи
малълъа-хъвардир	наставление	SA2012	ма́лълъа-хъвардир		
малълъарухъан	советчик	SA2012	малълъа́рухъа/н		
малълъикъ	дрянь	SA2012	малълъи́къ		
малълъир	учение | подсказка	SA2012	ма́лълъир		
мама	еда	SA2012	ма́ма		
мампасир	монпасье	AA2019	мампаси́р	- де	-илъи
манги	кушетка | топчан	AA2019+SA2012	манг/и́ | манги́		
мангал	мангал	AA2019	манга́л	-де	-илъи
манголав	монгол	SA2012	манго́лав		
манголай	монголка	AA2019+SA2012	манго́лай	-лъилъи	
манголал	монголы	AA2019+SA2012	манго́лал	-уб	
мандалина	мандолина	AA2019	мандали́на	-балъи	-лъи
мандарин	мандарин	AA2019	мандари́н	-де	-илъи
манзил	расстояние	SA2012	манзи́л		
манка	манка	AA2019	ма́нка	-	-лъи
мантёр	монтёр	AA2019	мантёр	- де	-илъи
марамор	мрамор	AA2019	мара́мор	-де	-алъи
марганиц	марганец	AA2019	ма́рганиц	-	-илъи
маргарин	маргарин	AA2019+SA2012	маргари́н	-	-илъи
маргъал	жемчуг | пуговица | перламутр	AA2019+SA2012	маргъа́л		-алъи
маржан	бусинка	SA2012	маржа́н		
марина	марля	SA2012	ма́рина		
маринад	маринад	AA2019	марина́д		-илъи
маркIа	марка	AA2019+SA2012	ма́ркIа	-е	-лъи
маркIачIу	вечером | сумерки	AA2019+SA2012	ма́ркIачIу		
марксизм-ленинизма	марксизм-ленинизм	AA2019	маркси́зм-ленини́зма		
марксизма	марксизм	AA2019	маркси́зма	-	-лъи
марксист	марксист	AA2019	маркси́ст	-ал	-илъи
марли	марля	AA2019	ма́рли	-е	-лъи
мармалад	мармелад	AA2019	мармала́д	-е	-илъи
мармар	мрамор	SA2012	марма́р		
марожа	мороженое	AA2019	маро́жа	-балъи	-лъи
марожени	мороженое	AA2019	маро́жени	-абалъи	-лъи
март	январь | февраль | март	AA2019+SA2012	март	-	-илъи
марш	марш	AA2019	марш	-	-илъи
маршал	маршал	AA2019	ма́ршал	-де	-илъи
маршрут	маршрут	AA2019	маршру́т	-абалъи	-илъи
марщу	труба | дымоходная труба | початок кукурузы	AA2019+SA2012	ма́рщ/у | ма́рщу	-абалъи	-лъи
маса-масаб	разговоры	SA2012	маса-маса́б		
масинагучIабир	незначительность	AA2019	масина́гучIабир	-де	-лъи
масир	изложение | объяснение | предчувствие	AA2019+SA2012	маси́р | ма́сир	-де	-лъи
маска	маска | маскарадный костюм	AA2019	ма́ска	-е	-лъи
маску	индюк	AA2019+SA2012	маску́	-балъи	-лъи
маслабойка	маслобойка	AA2019	маслабо́йка	-балъи	-лъи
маслагIалъи	посредничество	SA2012	масла́гIалъи		
маслагIалъир	утешение	AA2019	маслагIалъир		
маслагIат	примирение | выход	SA2012	масла́гIат		
маслагIатчи	посредник	SA2012	масла́гIатчи		
массаж	массаж	AA2019+SA2012	масса́ж	-де	-илъи
массир	мера | складывание	AA2019+SA2012	ма́ссир		
мастер	мастер | человек, который умеет делать что-л. хорошо	AA2019	ма́стер	-де	-илъи
мастерской	мастерская	AA2019	мастерско́й	-	-лъи
масхъара	шутка	AA2019+SA2012	масхъа́ра		
масхъара-хучI	см. Масхъа́ра	SA2012	масхъа́ра-хучI		
масхъара-ххучI	юмор	AA2019	масхъа́ра-ххучI		
масхъарад	маскарад	AA2019	ма́схъарад	-абалъи	-илъи
масъала	цель | задача | проблема	AA2019+SA2012	масъа́ла	-балъи	-лъи
мат	мат	AA2019	мат	-е	-илъи
матIу	зеркало | стекло | линза	AA2019+SA2012	ма́тI/у | ма́тIу	-ве	-лъи
матахI	половой орган | вещи | инвентарь	AA2019+SA2012	мата́хI	-де	-алъи
матацик	мотоцикл	SA2012	матаци́к		
матацики	мотоцикл	AA2019	матаци́ки	-де	-лъи
матиматик	математик	AA2019	матима́тик	-абалъи	-илъи
матор	мотор	AA2019+SA2012	мато́р	-де	-илъи
маторист	моторист	AA2019	матори́ст	-абалъи	-илъи
матрос	матрос	AA2019	матро́с	-абалъи	-илъи
матушка	русская женщина | дама | проститутка	AA2019+SA2012	мату́шка	-балъи	-лъи
маузер	маузер	AA2019	ма́узер	-де	-лъи
махIамади	любимчик матери | маменькин сынок	AA2019	махIа́мади		
махIрумир	лишение	SA2012	махIру́мир		
махIцабалъи	чувяки	SA2012	ма́хIцабалъи		
махIцелде	чувяки	SA2012	ма́хIцелде		
махIцу	обряд совершить омовение обтиранием ног в обуви	SA2012	ма́хIцу		
махат	игла	SA2012	маха́т		
махир	отёл | роды	AA2019+SA2012	ма́хир		
махлукъат	много народу	SA2012	махлу́къат		
махраж	выразительное чтение Корана нараспев	SA2012	махра́ж		
маххурка	махорка	AA2019	махху́рка	-	-лъи
махъайр	ломка	AA2019	махъа́йр		
махъир	перелом | ломка	AA2019+SA2012	махъир | ма́хъир		
мацIир	спрос	AA2019	ма́цIир		
мацIцIацIцIир	расспрсы	SA2012	ма́цIцIацIцIир		
мацIцIацIцIутар	расспрсы	SA2012	ма́цIцIацIцIутар		
мацIцIир	расспрсы | допрос	SA2012	ма́цIцIир		
мацIцIихъан	клеветник	SA2012	мацIцIи́хъа/н		
мацIцIихъанлъи	занятие клеветника	SA2012	мацIцIи́хъанлъи		
мачIу	штабель | стопка	AA2019+SA2012	ма́чI/у | мачIу		
мачIпир	медный купорос	AA2019	ма́чIпир	-	-лъи
мачIчIпил	медный купорос	SA2012	ма́чIчIпил		
мачалка	мочалка	AA2019	мача́лка	-балъи	-лъи
мачи	сопли | сопля	AA2019+SA2012	ма́чи		
мачубалъи	чувяки	SA2012	мачу́балъи		
маччу	состояние	SA2012	маччу́		
машаб	вьюк	AA2019	ма́шаб		
машгъулир	увлечение	SA2012	машгъу́лир		
машгьурир	популярность	SA2012	машгьу́рир		
машина	машина | грузовик	AA2019+SA2012	маши́на	-абалъи	-лъи
машинабалъигьир	машиностроение	AA2019	машина́балъигьир		
машинист	машинист	AA2019	машини́ст	-е	-илъи
машинка	машинка	AA2019+SA2012	маши́нка	-абалъи	-лъи
машир	завязывание | ношение | перевязка	AA2019+SA2012	ма́шир	-де	-лъи
машкид	мечеть	SA2012	машки́д		
машкит	мечеть	AA2019	машки́т	-абалъи	-илъи
машрикъ	восток	SA2012	машри́къ		
машхъел	ремесло | опыт | навык	AA2019+SA2012	ма́шхъел	-де	-лъи
маъир	сращени	AA2019	ма́ъир		
мебел	мебель	AA2019	ме́бел	-де	-илъи
мед	старинный напиток вроде пива | брага	AA2019+SA2012	мед	-	-лъи
медбаба	женщина, которая занимается изготовлением спиртных напитков, в т.ч. меда	AA2019	ме́дбаб\а	-е	-лъи
медицина	медицина	AA2019	медици́на	-	-лъи
мекъибукIир	неправильность	AA2019	ме́къибукIир		
мекъибуккир	ошибка	SA2012	мекъибу́ккир		
мекъир	каприз	AA2019+SA2012	ме́къир	-де	-лъи
мел	мел	AA2019	мел	-	-илъи
меншевик	меньшевик	AA2019	меншеви́к	-ал	-илъи
мерхьвир	топтание	SA2012	ме́рхьвир		
мерхьуйр	давление | трамбовка	AA2019	ме́рхьуйр	-де	-лъи
метар	размораживание	SA2012	ме́тар		
метис	меринос	SA2012	мети́с		
метра	метр	AA2019+SA2012	ме́тра	-е	-алъи
метрика	метрика	AA2019	ме́трика	-балъи	-лъи
метро	метро	AA2019	метро́	-балъи	-лъи
механизатор	механизатор	AA2019	механиза́тор	-де	-илъи
механизаци	механизация	AA2019	механиза́ци		
механизм	механизм	AA2019	механи́зм	-де	-лъи
механикI	механик	AA2019	меха́никI	-де	-лъи
миар	нос	SA2012	ми́ар		
миаралъикъала	ноздря	SA2012	ми́аралъикъал/а		
миаргъвани	носоглотка	SA2012	ми́аргъвани		
мив	мяу	SA2012	мив		
мигIмат	пища	AA2019	мигIма́т		
мигважу	борода	AA2019	ми́гважу	-абалъи	-(у)лъи
мигужур	борода	SA2012	ми́гужур		
мигъа	хвост | ручка | курдюк	AA2019+SA2012	ми́гъ/а | ми́гъа	-е	-лъи
мигъи	поля | сад	AA2019+SA2012	ми́гъ/и | ми́гъи		
мигъа-кIичIаб	скорпион	AA2019	ми́гъа-кIичIа́б		
мигъакьур	подхвостник	AA2019	ми́гъакьур	-де	-лъи
мигъар	поражение	SA2012	ми́гъар		
мигъаркIу	часть туловища животного	SA2012	мигъа́ркI/у		
мигъул	спина	AA2019+SA2012	ми́гъул		
мигьайчIада	вкрутую	AA2019	мигьа́йчIада		
мигьи	солнце	AA2019+SA2012	ми́гьи		
мигьи-гьава	климат	SA2012	ми́гьи-гьава		
мигьир	окраска | окрашивание | варка	AA2019+SA2012	ми́гьир		
мигьур	лестница | носилки для покойника | похоронные носилки	AA2019+SA2012	ми́гьур	-де	-(а)лъи
мидал	медаль	AA2019+SA2012	мида́л	-де	-илъи
миди	край глаза	SA2012	ми́ди		
мийелар	мяуканье	AA2019+SA2012	мийе́лар	-де	-лъи
микIир	наклон	SA2012	ми́кIир		
микIкIур	глоток	SA2012	ми́кIкIур		
микIкуйр	глотание	AA2019	ми́кIкуйр		
микраскоп	микроскоп	AA2019	микраско́п	-де	-лъи
микрафон	микрофон	AA2019	микрафо́н	-де	-илъи
микроп	микроб	AA2019	микро́п	-абалъи	-алъи
микъи	дорога | путь | путешествие	AA2019+SA2012	ми́къ/и | ми́къи	-е	-лъи
микъайр	передел	AA2019	микъа́йр		
микъар	потолок | деление | раздача	AA2019+SA2012	микъа́р | ми́къар	-де	-лъи
микъатахоб	делимое | раздаваемое	AA2019+SA2012	микъа́тахоб		
микъачIир	фурункул	AA2019+SA2012	микъачIи́р | микъа́чIир		
микъи-битIайр	напутствие	AA2019	ми́къи-битIа́йр		
микъигучIаб	непроходимый	AA2019	ми́къигучIаб		
микъиди	раз	SA2012	микъи́ди		
микъидиссу	проезжий	AA2019	микъиди́ссу		
микъилълъи	многократныц	AA2019	микъи́лълъи		
микъихабир	делимость	AA2019	ми́къихабир		
микъукуда	проездом	AA2019	ми́къукуда		
микьи	скальная плоскость | петля	SA2012	ми́кь/и		
микьар	одевание	SA2012	ми́кьар		
микьир	ёмкость	AA2019+SA2012	ми́кьир		
микьиралъи	метла	AA2019	микьиралъи		
мила	пинок | нога	AA2019+SA2012	ми́ла	-е	-лъи
милат	нация	AA2019	мила́т	-	-илъи
милиард	миллиард	AA2019	милиа́рд	-де	-илъи
милиметра	миллиметр	AA2019	мили́метра	-е	-лъи
милион	миллион	AA2019	милио́н	-де	-илъи
милионер	миллионер	AA2019	милионе́р	-де	-илъи
милиц	милиционер	AA2019+SA2012	мили́ц	-абалъи	-илъи
милици	милиция	AA2019+SA2012	мили́ци	-йабалъи	-лъи
миллат	национальность | забота	SA2012	милла́т		
миллиард	миллиард	SA2012	миллиа́рд		
миллион	миллион	SA2012	миллио́н		
милурди	мунинцы	SA2012	милу́рд/и		
милуре	сел. Муни	AA2019	милуре́		
милурлъи	мунинец	SA2012	милу́рлъи		
милъал	намордник для скотины	AA2019	милъал		
милълъарахи	предвечерье	SA2012	милълъара́хи		
мина	здание | дом | мина	AA2019+SA2012	мин/а́ | мина́ | ми́на	-балъи | -е	-лъи
мингужа	см. ми́гужур	SA2012	ми́нгужа		
министер	министр	SA2012	мини́стер		
министерство	министерство	AA2019	министе́рство	-е	-алъи
министир	министр	AA2019	мини́стир	-забалъи	-илъи
минус	недостаток	AA2019	ми́нус	-абалъи	-илъи
минут	минута	AA2019+SA2012	мину́т	-абалъи	-илъи
минъур	носилки для покойника	AA2019	минъур		
миргва	веретено	AA2019+SA2012	ми́ргв/а | ми́ргва	-е	-лъи
мирки	владение | участок сада	AA2019+SA2012	ми́рк/и | ми́рки		
мирурлъи	см. милу́рлъи	SA2012	миру́рлъи		
мисал	пример | образец	AA2019+SA2012	миса́л	-де	-алъи
мисамна	находка	AA2019	мисамна́	-балъи	-лъилъи
мисар	находка	SA2012	ми́сар		
мисиди	золото	AA2019+SA2012	миси́ди	-	-лъи
мискинаб	бедняжка	SA2012	миски́на/б		
мискингьекIва	бедняк	SA2012	миски́нгьекIва		
мискинзабалъи	бедняки	SA2012	мискинза́балъи	бедняки	
мискинир	нищета | бедность	AA2019+SA2012	миски́нир		
мискинлъи	беднота	AA2019	миски́нлъи		-лъи
мискъал	толика	SA2012	мискъа́л		
мисрийав	египтянин	SA2012	мисри́йав		
мисрийай	египтянка	SA2012	мисри́йай		
мисрийал	египтяне	SA2012	мисри́йал		
митинг	митинг	AA2019	ми́тинг	-абалъи	-лъи
митис	метис	AA2019	мити́с	-де	-илъи
михIмара	минарет	SA2012	михIмара́		
михIмарай	минарет	AA2019	михIмара́й	-балъи	-лъи
михайр	обеспечение | удержание	AA2019	ми́хайр		
михакI	гвоздика	AA2019	михакI		
михахайхаб	прищепка	AA2019	михаха́йхаб		
михир	негодование | обида	AA2019+SA2012	михи́р	-де	-лъи
миххи	металлический треножник | бусинка | подставка для котла	AA2019+SA2012	ми́хх/и | ми́ххи	-е	-(и)лъи
миххе	бусы	AA2019	миххе́		-лъи
миххикIанчIу	см. Ко́бимиххи	SA2012	миххи́кIанчIу		
михъи	борозда | участок поля между двумя бороздами | ус	AA2019+SA2012	ми́хъ/и | ми́хъи	-е	-лъи
михъабалъи	усы	AA2019	михъа́балъи		
михъилъима	приветствия к сидящим	SA2012	михъилъима		
михъищ	усач	AA2019	ми́хъищ		
мицIцIи	язык | пряжка ремня | язык пламени	SA2012	ми́цIцI/и		
мицIцIакур	сладости	SA2012	ми́цIцIакур		
мицIцIар	сладость | хорошие отношения	SA2012	ми́цIцIар		
мицIцIи-гъели	клевета	AA2019	ми́цIцIи-гъе́ли		
мицIцIи-кIунцIци	сплетник	AA2019	мицIцIи-кIу́нцIци		
мицIцIибикков	заика	SA2012	мицIцIибикк/о́в		
мицIцIикIвар	сплетня | клевета	AA2019	мицIцIикIва́р | ми́цIцIикIвар		
мицIцIиквар	клевета	SA2012	мицIцIи́квар		
мицIцIир	число | вычисление	AA2019+SA2012	мицIцIи́р | ми́цIцIир		
мичIи	налет	SA2012	ми́чIи		
мишир	выигрыш	SA2012	ми́шир		
мишкIер	окурок	SA2012	ми́шкIер		
мищир	окурок | угасание	AA2019+SA2012	ми́щир	-де	-илъи
миъар	нос | хобот	AA2019	ми́ъар	-де	-алъи//-илъи
мода	мода	AA2019	мо́да	-е	-лъи
морг	морг	AA2019	мо́рг	-е	-илъи
морпи	морфий	AA2019	мо́рпи	-	-лъи
мохъол	таволга	AA2019	мохъол		
моцол	пупок | пуповина	AA2019	моцо́л		
мочол	тапочки	AA2019	мочо́л	-де	-
мочолде	чувяки	SA2012	мо́чолде	чувяки	
мугIалим	учитель	AA2019+SA2012	мугIали́м	-де	-лъи
мугIалимлъи	учительство	AA2019+SA2012	мугIали́млъи		
мугъайр	доставка | отводить	AA2019	му́гъайр	-де	-лъи
мугъар	экономия	SA2012	му́гъар		
мугъерхи	вмеру	AA2019	му́гъерхи		
мугъир	достаточность | лимит | воспоминание	AA2019+SA2012	му́гъир	- | -де	-лъи
мугъичIир	недобор | отсутствие	AA2019+SA2012	му́гъичIир	-де	-лъи
мугъу	хватит	SA2012	му́гъу//мугъе́		
мугъе	хватит	SA2012	му́гъу//мугъе́		
мугъул	см. ми́гъул	SA2012	му́гъул		
мугъурлъи	яство	AA2019	мугъу́рлъи	-	-лъи
мугъуц	горбатый | горб	AA2019+SA2012	мугъу́ц | му́гъуц	-де	-алъи
мугьди	муфтий	AA2019	мугьди́	-балъи	-лъи
мугьру	клеймо	SA2012	му́гьр/у		
мугьуру	клеймо	AA2019	му́гьуру		
мужикI	мужик	AA2019	мужи́кI	-абалъи	-илъи
мужуру	жребий	AA2019+SA2012	мужу́ру	-абалъи	-лъи
музей	музей	AA2019	музе́й	- балъи	-лъи
музика	музыка | духовой оркестр	AA2019	му́зика	- | -балъи	-лъи
музикант	музыкант	AA2019	музика́нт	-ал	-илъи
муир	см. му́гъир	SA2012	муи́р		
мукIурайр	подчинение	AA2019	мукIу́райр	-де	-лъи
мукIурир	осознание | подчинение | послушание	AA2019+SA2012	мукIу́рир	-де	-лъи
мукъу	жердь-насест | перекладина-жердь | длинная палка для сбивания орехов	AA2019+SA2012	му́къ/у | му́къу	-е	-илъи
мукъсанир	недостаток | изъян	SA2012	мукъса́нир		
мулир	свежевание	SA2012	му́лир		
мунагь	грех	AA2019+SA2012	муна́гь	-абалъи	-алъи
мунапикъ	вероотступник	AA2019+SA2012	мунапи́къ	-е (-ал) | -е	-илъи
мунапис	манифест	AA2019	мунапис		
мундир	мундир	AA2019	мунди́р	-де	-алъи
мупагIалъи	польза	AA2019	мупа́гIалъи	-абалъи	-лъи
мупагIат	выгода	AA2019	мупа́гIат	-абалъи	-илъи
мурад	пожелание | цель | Мурад	AA2019+SA2012	мура́д	-абалъи	-алъи
мурид	мюрид	SA2012	мури́д		
мурха	см. му́ха	SA2012	му́рха		
мурхалъиццуб	см. МУ́ХАЛЪИЦЦУБ	SA2012	му́рхалъиццуб		
мурш	трос | толстая веревка, канат	AA2019+SA2012	мурш | му́рш		
муршид	наставник в суфизме	SA2012	мурши́д		
муса	место | местность | край	AA2019+SA2012	му́с/а | му́са	-е (-ибалъи) | -е	-улъи
мусагучIи	неоткуда	AA2019	му́сагучIи		
мусахур	см. ну́цаххир	SA2012	му́сахур		
мусе-мусеку	местами	SA2012	мусе-мусе́ку		
муси-мусеку	местами	AA2019	муси-мусе́ку		
мусру	саван	AA2019+SA2012	мусру | му́сру		
муссир	вскрытие | разрез	AA2019+SA2012	мусси́р | му́ссир	-де	-лъи
мутIигIир	покорность	SA2012	мутIи́гIир		
мутагIил	мутализм	SA2012	мута́гIил		
муха	сказка | выдумка	AA2019+SA2012	му́х/а | му́ха		
муху	работа | поступок | труд	AA2019+SA2012	му́х/у | му́ху		
мухIканайр	определение	AA2019	мухIка́найр	-	-лъи
мухIканир	определенность | уточнение	AA2019+SA2012	мухIка́нир	-	-лъи
мухIканлъи	определенность	AA2019	мухIка́нлъи	-абалъи	-лъи
мухIканлъигучIир	неопределенность	AA2019	мухIка́нлъигучIир		
мухбир	корреспондент	SA2012	мухби́р		
мухумикъи	проделки	SA2012	мухуми́къ/и		
муххир	козни | рытьё	AA2019+SA2012	му́ххир		
мухъи	линия | полоса | направление	AA2019+SA2012	му́хъи	-е	-лъи
мухъигучIабир	непоследовательность	AA2019	му́хъигучIабир		
мухьу	плата | плата за работу	AA2019+SA2012	мухьу | му́хьу		
муцIцIе	кумган	SA2012	муцIцI/е́		
муцIцIу	сосок вымени | правилка | кувшин из тыквы	AA2019+SA2012	му́цIцIу		
мучу	ветер | суставные недуги | метеоризм	AA2019+SA2012	му́ч/у | му́чу	-е	-лъи
муча	просо	SA2012	му́ча		
мучайр	обмывание	AA2019	муча́йр	-де	-лъи
мучари	укроп | тмин	AA2019+SA2012	муча́ри		
мучир	мытьё	SA2012	му́чир		
мучу-лIени	газообразные выделения желудка и кишок	AA2019	мучу-лIени		
мучу-лълъени	ревматическое заболевание	AA2019	мучу-лълъени		
мушка	мушка	AA2019	му́шка	-е	-лъи
мушки	нелюдимый человек	SA2012	му́шки		
муштIукI	мундштук	SA2012	муштIу́кI		
муштари	юпитер	AA2019	муштари		
муштукI	мундштук	AA2019	мушту́кI	-де	-лъи
муъминир	благочестие	SA2012	муъми́нир		
на	вещь | штука | вещество	AA2019+SA2012	на | на́:	-балъи	-лъи(лъи)
набойка	набойка	AA2019	набо́йка	-балъи	-лъи
набти	нефть | керосин	SA2012	на́бти		
нагIилу	драгоценный или полудрагоценный камень в оправе | драгоценный камень на украшениях	AA2019+SA2012	на́гIил/у | нагIилу		
нагIна	проклятье | тьфу	AA2019+SA2012	нагIна́		
нагучIир	ничтожество	AA2019	на́гучIир		
нагъар	вещь	AA2019+SA2012	нагъар | на́гъар		
наджас	прохвост | нечестивец	AA2019+SA2012	наджа́с		
назму	стихотворение	SA2012	на́зм/у		
назру	дар	SA2012	на́зру		
наиб	наибство	SA2012	наи́б		
наиблъи	наибство	SA2012	наи́блъи		
накIвайр	катание	AA2019	на́кIвайр		
накIвар	посадка	SA2012	на́кIвар		
накIкIур	шов	AA2019+SA2012	накIкIу́р | на́кIкIур		
наква	мелодия | уловка | клятва	AA2019+SA2012	на́кв/а | наква́	-ве	-лъи
наквар	присяга | клятва	AA2019+SA2012	наква́р	-де	-алъи
накъира	гармонист	AA2019	накъи́ра	-абалъи	-лъи
накъищ	узор | рисунок	AA2019+SA2012	на́къищ		
налог	налог	SA2012	нало́г		
налъи	долг	AA2019+SA2012	на́лъ/и | налъи	-е	-лъи
налъулав	должник	AA2019+SA2012	на́лъула/в | на́лъулав	-л	-щуб
налъулай	должница	SA2012	на́лъулай		
нама	езжайте	AA2019	на́ма		
намус	честь	SA2012	наму́с		
нани	ребенок | кукла | большой ребенок	AA2019+SA2012	на́н/и | на́ни		
нана	разжёванная пища для кормления младенцев | жеваный кусок пищи	AA2019+SA2012	на́на	-е	-лъи
нанатIир	селезенка	AA2019+SA2012	на́натIир		
напакъа	часть	SA2012	напа́къа		
направлени	направление	AA2019	направле́ни	-йабалъи	-лъи
напс	народ | родство | семейная ценность	AA2019	на́пс	-е	-илъи
напталин	нафталин	AA2019	наптали́н	-де	-илъи
напти	нефть | керосин	AA2019	на́пти	-	-лъи
нарзан	нарзан	AA2019	нарза́н	-	-алъи
наркоз	наркоз	AA2019	нарко́з	-	-илъи
нарт	см. на́бти	SA2012	нарт		
нартав	нарт | великан	AA2019+SA2012	на́рта/в | на́ртав	-л	-щуб
насар	мерка	SA2012	на́сар		
насибаб	предназначенное судьбой	SA2012	наси́баб		
насилка	носилки	AA2019+SA2012	наси́лка	-балъи	-лъи
наслу	потомство | род | поколение	AA2019+SA2012	на́сл/у | на́слу	-ве	-лъи
насос	насос	AA2019	насо́с	-абалъи	-(а)лъи
нассир	обувь	AA2019+SA2012	насс/и́р | насси́р		
насселъи	обувь	AA2019	нассе́лъи		-лъи
нассихIат	наставление	SA2012	насси́хIат		
натIухI	халва	SA2012	натIу́хI		
натура	натура	AA2019	нату́ра	-балъи	-лъи
наушник	наушник	AA2019	нау́шник	-абалъи	-илъи
нахир	рождаемость | роды	AA2019+SA2012	нахи́р | на́хир		
нахъегIанлъи	низость	AA2019	нахъе́гIанлъи		
нацIцIи	вошь | тля	SA2012	на́цIцI/и		
наццизм	нацизм	AA2019	нацци́зм	-	-илъи
наццист	нацист	AA2019	нацци́ст	-ал	-илъи
началникI	начальник	AA2019+SA2012	нача́лникI	-абалъи	-илъи
началникIлъи	начальство	AA2019	нача́лникIлъи		
начос	начёс	AA2019	начо́с	-абалъи	-илъи
нашар	верёвка	AA2019	на́шар	-де	-алъи
наъир	наступление	AA2019	на́ъир		
неграв	негр	AA2019+SA2012	не́грав		-щуб
неграй	негритянка	AA2019+SA2012	не́грай		-лъилъи
неграл	негры	AA2019+SA2012	не́грал		
нейлон	нейлон	AA2019	нейло́н	-де	-алъи
немцав	немец	AA2019+SA2012	не́мцав		-щуб
немцай	немка	AA2019+SA2012	не́мцай		-лъилъи
немцал	немцы	AA2019+SA2012	не́мцал		-луб
нерва	нерв	AA2019	не́рва	-е	-алъи
нигIмат	дары | яства	SA2012	нигIма́т		
нигат	намерение совершить что-л.	SA2012	ни́гат		
нигъир	проигрыш	AA2019+SA2012	ни́гъир		
нижу	см. щу́нкIа	SA2012	ни́жу		
низам	строй | порядок	SA2012	низа́м		
никIир	наклон	SA2012	ни́кIир		
никатин	никотин	AA2019	никати́н		-лъи
никил	никель	AA2019	ни́кил		-лъи
никку	солома	SA2012	ни́кку		
никри	никель	SA2012	ни́кри		
нинейка	линейка	AA2019	нине́йка	-балъи	-лъи
нихи	грудь | грудинка	AA2019+SA2012	ни́хи	-е	-лъи
нихир	презрение	AA2019	нихи́р	-де	-лъи
нихьу-нахьу	вздор	AA2019	ни́хьу-на́хьу		
нич	совесть	AA2019	нич		
нича	персик	AA2019+SA2012	ни́ч/а | ни́ча	-е	-лъи
ничарахи	название улицы в Ботлихе	AA2019	нича́рахи		
нишир	победа | выигрывание	AA2019+SA2012	ни́шир	-де	-илъи
нойабир	ноябрь	AA2019	нойа́бир		-лъи
номир	номер | номерок	SA2012	но́мир		
норма	норма	AA2019+SA2012	но́рм/а | но́рма	-е	-лъи
нормагучIир	ненормальность	AA2019	но́рмагучIир	-де	-лъи
нугI	свидетель | продолговатая крупная бусинка	AA2019+SA2012	нугI		
нугIджиз	свидетель	AA2019	нугIджиз		
нугIлъи	свидетельство	SA2012	нугIлъи́		
нугъаб	возрастной	AA2019	ну́гъаб		
нугъайав	ногаец	SA2012	нугъа́йав		
нугъайай	ногайка	SA2012	нугъа́йай		
нугъайал	ногайцы	SA2012	нугъа́йал		
нугъаяв	ногаец	AA2019	нугъа́яв		-щуб
нугъаяй	ногайка	AA2019	нугъа́яй		-лъилъи
нугъаял	ногайцы	AA2019	нугъа́ял		-уб
нугъичIир	нехватка	AA2019	ну́гъичIир	-де	-лъи
нуку	колено	AA2019+SA2012	ну́к/у | ну́ку	-абалъи	-улъи
нукIадассуб	давний | давнишний	AA2019+SA2012	нукIа́дассуб | ну́кIадассуб		
нукар	телохранитель	SA2012	нука́р		
нукул	мочевой пузырь	AA2019	нукул		
нул	ноль	AA2019	нул	-е	-илъи
нумер	номер	AA2019	ну́мер	-де	-илъи
нунусар	невнятность | нытьё | неразборчивая речь	AA2019+SA2012	ну́нусар	-де	-лъи
нупагIалъи	польза	SA2012	нупа́гIалъи		
нур	луч | свет	AA2019+SA2012	нур	-е	-илъи
нуса	зять | сноха	AA2019+SA2012	ну́с/а | ну́са	-ибалъи	-лъилъи
нусбетIер	старшина аула	SA2012	ну́сбетIер		
нуссир	вивисекция	AA2019	ну́ссир	-де	-лъи
нухлулав	путник	AA2019	нухлу́лав		
нуцIцIир	восстановление хорошей погоды | прояснение	AA2019+SA2012	нуцIцIир | ну́цIцIир		
нуцал	нуцал	SA2012	нуца́л		
нуцалай	ханша	SA2012	нуца́лай		
нуцаххир	паук	AA2019+SA2012	ну́цаххир | нуца́ххир // ну́цаххир	-де	-лъи
нучайр	купанипе	AA2019	нуча́йр	-	-лъи
нучар	состояние чистоты человека | омовение	AA2019+SA2012	нуча́р		
нучатар	купание	SA2012	ну́чатар		
нучир	купание	AA2019+SA2012	нучи́р	-	-лъи
обба	поцелуй	SA2012	обба́		
ободир	поцелуй	AA2019+SA2012	обо́дир	-де	-лъи
овощабалъи	овощи	AA2019	овоща́балъи		-лъи
огь	ах	SA2012	огь		
око	арба	SA2012	ок/о́		
окол	укол	SA2012	око́л		
округ	округ	AA2019+SA2012	о́круг	-абалъи	-алъи
олозан	старая дева	AA2019	олозан		
ордин	орден	AA2019+SA2012	о́рдин	-де	-лъи
ордир	ордер	AA2019	о́рдир	-де	-лъи
орссванкъу	передняя	AA2019	орссва́нкъу		
остор	стол	AA2019	осто́р		
отпуска	отпуск	AA2019+SA2012	о́тпуска	-балъи	-лъи
отпускалъиссу	отпускник	AA2019	отпускалъи́ссу		
охIодир	кашель	AA2019+SA2012	охIо́дир	-де	-лъи
охтур	рашпиль	SA2012	о́хтур		
охх	баю-бай	SA2012	охх		
оххолилтерет	пороша	SA2012	оххо́лилтерет		
оцбай	праздник первой борозды	SA2012	оцба́й		
очери	очередь	SA2012	о́чер/и		
очир	очередь	AA2019	о́чир	-де	-лъи
пабрикIа	фабрика	AA2019+SA2012	па́брикIа		
павидла	повидло	AA2019+SA2012	пави́дла	-	-лъи
пависка	повестка	AA2019	пави́ска	-балъи	-лъи
пагун	погон	AA2019	пагу́н	-де	-илъи
пагьму	дар | память | способность	AA2019+SA2012	па́гьму	-	-лъи
падарав	азербайджанец	SA2012	пада́рав		
падарай	азербайджанка	SA2012	пада́рай		
падарал	азербайджанцы	SA2012	пада́рал		
падвал	подвал	AA2019	падва́л	-де	-илъи
падишагь	падишах	AA2019	пади́шагь	-де	-илъи
пажарникI	пожарник	AA2019	пажа́рникI	-де	-илъи
пай	пайщик | часть	AA2019+SA2012	пай	-е	-лъи
пайда	польза | значение | смысл	AA2019+SA2012	пайд/а́ | пайда́	-балъи	-лъи
пайда-гучIир	невыгода	AA2019	пайда́-гучIир		
пайдалъи	впрок	AA2019	пайда́лъи		
пайтун	возница	AA2019	пайту́н	-де	-алъи
пайтунчи	кучер	AA2019	пайту́нчи	-е	-лъи
пакет	пакет	AA2019	пакет	-абалъи	-алъи
пакришка	покрышка	AA2019	пакри́шка	-балъи	-лъи
пакъир	бедняга	SA2012	пакъи́р		
пал	гадание	AA2019+SA2012	пал		
палавка	плавки	AA2019	пала́вка	-балъи	-лъи
палакат	плакат	AA2019	палака́т	-абалъи	-алъи
палан	городской план | план	AA2019+SA2012	пала́н	-де	-алъи
паларсса	палас | бредень	AA2019+SA2012	пала́рсса	-балъи	-лъи
паласмаса	пластмасса	AA2019	паласма́са	-балъи	-лъи
паластинка	пластинка	AA2019	паласти́нка	-балъи	-лъи
палата	палата	AA2019+SA2012	пала́та	-балъи	-лъи
палатенца	полотенце	SA2012	палате́нца		
палатинца	полотенце	AA2019	палати́нца	-балъи	-лъи
палатка	палатка	AA2019	пала́тка	-балъи	-лъи
палач	палач	AA2019	пала́ч	-абалъи	-лъи
палащ	плащ	AA2019+SA2012	пала́щ	-де	-алъи
палиж	паралич	SA2012	пали́ж		
палипан	канатоходец	AA2019+SA2012	пали́пан	-де	-илъи
палипанлъи	занятие канатоходца	SA2012	пали́панлъи		
палитика	политика	AA2019	пали́тика	-	-лъи
палихъан	гадалка	AA2019+SA2012	пали́хъан	-де	-илъи
палихъанлъи	гадалка	SA2012	пали́хъанлъи		
палйакав	поляк	AA2019	палйа́кав		-щуб
палйакай	полячка	AA2019	палйа́кай		-лъилъи
палйакал	поляки	AA2019	палйа́кал		-уб
палто	пальто	SA2012	палт/о́		
палутарка	полуторка	AA2019	палу́тарка	-балъи	-лъи
палхIассил	итог	SA2012	па́лхIассил		
памещикI	помещик	AA2019	паме́щикI	-абалъи	-илъи
памидор	помидор	AA2019+SA2012	памидо́р	-де	-илъи
памили	фамилия	AA2019	пами́ли		
пампа	хлопок | вата	AA2019+SA2012	пампа́	-абалъи	-лъи
пана	восхищение	AA2019	пана́		
паналъир	очарованье	SA2012	пана́лъир		
панар	фонарь	AA2019+SA2012	пана́р		
панарикI	фонарик	SA2012	пана́рикI		
пандур	пандур	AA2019	пандур	-де	-алъи
панер	фанера	AA2019	пане́р		
панера	фанера	SA2012	пане́ра		
панкуйт	азартная игра	AA2019	панкуйт	-	-лъи
пантан	фонтан	AA2019	панта́н		
папа	бодрое состояние	SA2012	па́па		
папар	лёгкость	AA2019+SA2012	па́пар		
папка	папка	AA2019	па́пка	-е	-лъи
пара	миг	AA2019+SA2012	пара́	-балъи	-лъи
паравакатор	провокатор	AA2019	паравака́тор		
паравакаци	провокация	AA2019	паравака́ци		
паравлени	правление	AA2019+SA2012	паравле́ни	-йабалъи	-лъи
паравоз	паровоз	AA2019	параво́з	-абалъи	-илъи
параграма	программа	AA2019	парагра́ма	-балъи	-лъи
парагул	прогул	AA2019	парагу́л	-де	-илъи
парад	парад	AA2019	пара́д	-абалъи	-илъи
паразникI	праздник	AA2019+SA2012	пара́зникI	-де	-илъи
параигривател	проигрыватель	AA2019	параи́гривател		
парайавител	проявитель	AA2019	парайавител		
паракуратура	прокуратура	AA2019	паракурату́ра		
паракурор	прокурор	AA2019	паракуро́р	-де	-илъи
паракурорлъи	прокурорство	AA2019	паракуро́рлъи		
паракъалъи	благополучие	AA2019	паракъалъи́	-	-лъи
паракъалъир	спокойствие	SA2012	пара́къалъир		
паралетари	пролетарий	AA2019	паралета́ри		
паралитариат	пролетариат	AA2019	паралитариа́т		
паралич	паралич	AA2019	пара́лич	-де	-илъи
парамишленост	промышленность	AA2019	парами́шленост		
парангав	француз	SA2012	пара́нгав		
парангай	француженка	SA2012	пара́нгай		
парангал	французы	SA2012	пара́нгал		
парапаганда	пропаганда	AA2019	парапага́нда		
парапесор	профессор	AA2019	парапе́сор		
параписка	прописка	AA2019	парапи́ска		
параректор	проректор	AA2019	параре́ктор		
парастин	простыня	AA2019+SA2012	парасти́н	-де	-илъи
паратез	протез	AA2019	парате́з		
парацент	процент	AA2019+SA2012	параце́нт		
парашок	порошок	AA2019+SA2012	парашо́к	-абалъи	-илъи
парашут	парашют	AA2019+SA2012	парашу́т	-абалъи	-илъи
пардав	занавес | занавсе | паранджа	AA2019+SA2012	парда́в	-де	-(а)лъи
пардир	веяние	SA2012	па́рдир		
парз	долг	SA2012	парз		
парикмахер	парикмахер	AA2019	парикма́хер	-де	-лъи
парикмахерски	парикмахерская	AA2019	парикма́херски		
парк	парк	AA2019	парк	-е	-илъи
паркъадир	блеск	SA2012	па́ркъадир		
паркъи	земляника | мигание | блеск	AA2019+SA2012	паркъи́ | па́ркъи	-	-лъи
пармалин	формалин	AA2019	пармали́н		
парпур	фарфор	AA2019	па́рпур		
парсса	крутая скала | ложбина	SA2012	па́рсс/а		
парссак	босяк	SA2012	парсса́к		
парта	парта	AA2019+SA2012	па́рт/а | па́рта	-е	-илъи
партакол	протокол	AA2019	партако́л		
партал	послед | постельные принадлежности | скарб	SA2012	парта́л		
партвел	портфель	AA2019	партве́л	-де	-илъи
парти	партия	AA2019	па́рти	-ябалъи	-лъи
партизан	партизан	AA2019	партиза́н	-де	-илъи
партизанлъи	партизанство	AA2019	партиза́нлъи		
парто	пальто	AA2019	парто́	-балъи	-лъи
парторг	парторг	AA2019	па́рторг	-де	-илъи
партук	фартук	AA2019+SA2012	па́ртук		
паруз	цигарка | папироса	AA2019+SA2012	пару́з	-абалъи	-лъи
парххадир	вспышка	AA2019	па́рххадир	-де	-лъи
пархьват	бутыль	AA2019	пархьва́т	-	-илъи
пархьи	медь | медяки	AA2019	па́рхьи	-	-лъи
пархьихъан	медник	AA2019	пархьи́хъан	-де	-илъи
пархьун	см. похьо́м	SA2012	пархьу́н		
пархьуна	податливый человек	AA2019	пархьу́на	-балъи	-лъи
парцигар	портсигар	AA2019	парцига́р	-де	-илъи
парччахI	монарх | король	AA2019	парчча́хI	-де	-илъи
пасалъир	порча | развращённость	SA2012	паса́лъир		
пасилка	посылка	SA2012	паси́лка		
пасирка	посылка	AA2019	паси́рка	-абалъи	-лъи
паспорт	паспорт	AA2019+SA2012	па́спорт	-балъи	-алъи
пастIан	дыня | огород	AA2019+SA2012	пастIа́н	-де	-алъи
паста	паста	AA2019	па́ста	-е	-лъи
патинка	ботинок	SA2012	пати́нка		
патипон	патефон	AA2019	патипо́н	-де	-илъи
патихIа	конец | молитва	SA2012	па́тихIа		
патишагь	падишах	SA2012	патиша́гь		
патрон	патрон	AA2019+SA2012	патро́н	-де	-алъи
патронташ	патронташ	AA2019	патронта́ш	-е	-илъи
патрул	патруль	AA2019	патру́л	-де	-илъи
патрун	гильза	AA2019	патрун	-де	-алъи
паход	поход	AA2019	пахо́д	-абалъи	-лъи
пахру	гонор	SA2012	па́хру		
пахьи	медь	AA2019+SA2012	па́хьи		
пахьилъи	медный	SA2012	па́хьилъи		
пача	государь	AA2019	пача́	-балъи	-лъи
пачалихъ	государство	AA2019+SA2012	пача́лихъ	-де	-илъи
пачка	пачка	AA2019	па́чка	-е	-лъи
паччахI	властелин | король | властный	SA2012	пачча́хI		
паша	паша	AA2019	паша́	-балъи	-лъи
пашизм	фашизм	AA2019	паши́зм		
пашист	фашист	AA2019	паши́ст		
пашлихъ	башлык	AA2019	пашлихъ	-абалъи	-алъи
пашлухъ	башлык	SA2012	пашлу́хъ		
пашманир	огорчение | грусть	AA2019+SA2012	пашма́нир		
пашманлъи	грусть | горе	AA2019	пашма́нлъи	- абалъи	-лъи
пебрал	февраль	AA2019	пебра́л		
певрал	март	SA2012	певра́л		
педераци	федерация	AA2019	педера́ци		
пекIи	альчик | казанок	AA2019+SA2012	пе́кIи		
пекIисар	игра в альчики	SA2012	пе́кIисар		
пекьу	передняя часть сычуга | сычужная закваска	SA2012	пе́кьу//пекьу́лъа		
пекьулъа	передняя часть сычуга | сычужная закваска	SA2012	пе́кьу//пекьу́лъа		
пел	плен | пленум	AA2019	пел	-де	-алъи
пелепа	мех | кузнечные меха	AA2019+SA2012	пеле́па	-балъи	-лъи
пелшер	фельдшер	SA2012	пе́лшер		
пени	штраф	AA2019	пе́ни	-	-лъи
пенси	пенсия	AA2019+SA2012	пе́нси	-йабалъи	-лъи
пенсионер	пенсионер	SA2012	пенсионе́р		
пера	пчела | почка | перо	AA2019+SA2012	пе́р/а | пе́ра	-е	-лъи
перевочик	переводчик	AA2019	перево́чик	-абалъи	-илъи
передавик	передовик	AA2019	передави́к	-ал	-илъи
передавица	передовица	AA2019	передави́ца	-балъи	-лъи
передача	передача	AA2019	переда́ча	-балъи	-лъи
переникI	пряник	SA2012	пере́никI		
перз	ферзь	AA2019	перз		
перкьу	молозиво	AA2019	пе́ркьу		
перлIел	петля	AA2019	пе́рлIел	-де	-лъи
перма	ферма	AA2019+SA2012	пе́рм/а | пе́рма		
персав	перс | иранец	AA2019+SA2012	пе́рсав		-щуб
персай	персиянка | иранка	AA2019+SA2012	пе́рсай		-лъилъи
персал	персы | иранцы	AA2019+SA2012	пе́рсал		-уб
перулъанкъу	улей	AA2019	перу́лъанкъу		
перцIцIекI	бородавка	SA2012	перцIцIе́кI		
перцовка	перцовка	AA2019	перцо́вка	-	-лъи
перццу	соха | плуг	AA2019+SA2012	пе́рццу	-ве	-лъи
перчIчIун	деревянный лоток | совок	SA2012	перчIчIу́н		
песа	пьеса	AA2019	пе́са		
пестивал	фестиваль	AA2019	пестива́л		
петер	постоялый двор	AA2019+SA2012	пете́р	-де	-илъи
петрушка	петрушка	AA2019	петру́шка	-	-лъи
печ	печь	AA2019+SA2012	печ | пе́ч	-е	-илъи
печени	печенье	AA2019	пече́ни	-балъи	-лъи
пешкIа	пешка | ничего не стоящий человек	AA2019+SA2012	пе́шкIа	-е	-лъи
пианина	пианино	AA2019	пиани́на	-балъи	-лъи
пива	пиво	AA2019	пи́ва	-	-лъи
пигIанир	пионер	AA2019	пигIани́р	-ал	-илъи
пижама	пижама	AA2019	пижа́ма	-е	-лъи
пизика	физика	AA2019	пи́зика		
пизкултура	физкультура	AA2019	пи́зкултура		
пикру	мысль | рассудок | мнение	AA2019+SA2012	пи́кр/у | пи́кру	-е (-абалъи) | -е	-лъи
пикругучIир	нерассудительность	AA2019	пи́кругучIир		
пикрусар	думы	SA2012	пи́крусар		
пикус	фикус	AA2019	пи́кус		
пил	слон	AA2019+SA2012	пил		
пилаж	пляж	AA2019	пилаж	-е	-илъи
пилармони	филармония	AA2019	пилармо́ни		
пиласос	пылесос	AA2019	пиласо́с		
пилитка	плитка	AA2019	пили́тка	-балъи	-лъи
пилосоп	философ	AA2019	пило́соп		
пилосопи	философия	AA2019	пилосо́пи		
пинав	финн	SA2012	пи́нав		
пинай	финка	SA2012	пи́най		
пинал	финны	SA2012	пи́нал		
пинжак	пиджак	AA2019+SA2012	пинжа́к	-абалъи	-лъи
пиницилин	пенициллин	AA2019	пиницили́н	-	-илъи
пинка	финка	AA2019+SA2012	пи́нка		
пири	молния	AA2019+SA2012	пир/и́ | пири́	-балъи	-лъи
пиргIан	фараон	SA2012	пиргIа́н		
пиргIаншаᴴй	запах	SA2012	пиргIа́ншаᴴй		
пиреми	премия	AA2019	пире́ми	-йабалъи	-лъи
пиримус	примус	AA2019	пири́мус	-де	-лъи
пиричоска	прическа	AA2019	пиричо́ска		
пирказ	приказ	AA2019+SA2012	пирка́з	-де	-алъи
пирожни	пирожное	AA2019	пиро́жни	-абалъи	-лъи
пирок	пирог	AA2019+SA2012	пиро́к	-абалъи	-алъи
пирсидатил	председатель	SA2012	пирсида́тил		
пирххи	зарница	AA2019	пи́рххи		
пирххидир	вспышка	SA2012	пи́рххидир		
пирцIцIи	смола | жвачка	SA2012	пи́рцIцIи		
пискултура	физкультура	SA2012	пискулту́ра		
писок	сахарный песок	SA2012	писо́к		
пистор	пистон	AA2019	писто́р	-де	-илъи
питна	ссора | скандал	AA2019+SA2012	питна́		
питнадулав	скандалист	AA2019	питна́дулав		
питначи	скандалист	SA2012	питна́чи		
пичат	печать	AA2019+SA2012	пича́т	-абалъи	-алъи
пиша	ремесло | профессия | умения	AA2019+SA2012	пиша́		
пишабахъ	неумеха	SA2012	пиша́бахъ		
пишено	пшено	AA2019	пишено́		
по	пушок | пушинка | перина	AA2019	по		
повар	повар	SA2012	по́вар		
поварлъи	занятие повара	SA2012	по́варлъи		
поезд	поезд	SA2012	по́езд		
пойиз	поезд	AA2019	по́йиз	-де	-илъи
поло	рис | плов	AA2019+SA2012	пол/о́ | поло́	-	-лъи
полк	полк	AA2019	полк	-е	-лъи
поломба	пломба	AA2019	поло́мба	-балъи	-лъи
порма	форма | покрой | форма чего-л.	AA2019+SA2012	по́рм/а | по́рма		
пороба	проба	AA2019	поро́ба	-балъи	-лъи
поромисла	промысел	AA2019	поро́мисла		
поронт	фронт	AA2019	поро́нт		
поропка	пробка	AA2019	поро́пка		
поропуск	пропуск	AA2019	поро́пуск		
порт	порт	AA2019	порт	-е	-илъи
посни-масла	растительное масло	AA2019	посни-ма́сла		
пост	пост	AA2019	пост	-е	-илъи
поткалас	подготовительный класс	SA2012	по́ткалас		
потограп	фотограф	AA2019	пото́грап		
похьом	речной камень	SA2012	похьо́м		
почталион	почтальон	SA2012	почталио́н		
поштIо	болван	AA2019	поштIо́		
прараб	прораб	AA2019	прара́б		
призивникI	призывник	AA2019	призи́вникI	-абалъи	-илъи
призидент	президент	AA2019	призиде́нт	-абалъи	-илъи
призидентлъи	президентство	AA2019	призиде́нтлъи		
приссидател	председатель	AA2019	приссида́тел	-де	-лъи
приссидателлъи	председательство	AA2019	приссида́теллъи		
приступлени	преступление	AA2019	приступле́ни	-йабалъи	-лъи
пропсойуз	профсоюз	AA2019	пропсойу́з		
пудар	дифирамбы | хвастовство | вранье	AA2019+SA2012	пу́дар		
пударухъан	лгун | трепач	AA2019+SA2012	пуда́рухъа/н | пуда́рухъан	-де	-лъи
пудбол	футбол	SA2012	пудбо́л		
пудир	дуновение	SA2012	пу́дир		
пудру	пудра	AA2019	пу́дру		
пудуцIайр	надувка	AA2019	пу́дуцIайр		
пуй	буран	AA2019	пуй	-балъи	-лъи
пули	волдырь | почка	AA2019+SA2012	пу́л/и | пули | пу́ли	-е	-илъи
пулимйот	пулемет	AA2019	пулимйо́т		
пункIидир	вздутие	SA2012	пу́нкIидир		
пунхъелар	вспрыски	SA2012	пунхъе́лар		
пунхъи	вспрыскивание | фыркание	SA2012	пу́нхъи		
пунцIидир	выпуклость | надувание | вздутие	AA2019+SA2012	пу́нцIидир		
пупайка	фуфайка	AA2019	пупа́йка		
пупул	пузырь | мочевой пузырь | шар	AA2019+SA2012	пу́пул	-де	-илъи
пурашка	фуражка	AA2019	пура́шка		
пургон	фургон	SA2012	пурго́н		
пургун	фургон	AA2019	пургу́н	-де	-илъи
пуре	пюре	AA2019	пуре́		
пуржина	пружина	AA2019+SA2012	пуржи́н/а | пуржи́на		
пурман	разрешение | позволение	SA2012	пурма́н		
пурссумадул	магометане	AA2019	пурссу́мадул		
пурссуманекIва	мусульманин	AA2019	пурссу́манекIва		
пурссуманлъи	мусульманство	AA2019	пурссу́манлъи	-	-лъи
пурцIцIу	луна | календарный месяц	SA2012	пу́рцIцIу		
пурчIина	ячмень	AA2019	пурчIи́на		
пурчч	перец	SA2012	пурчч		
пуссурманав	мусульманин	SA2012	пуссу́рманав		
пуссурманай	мусульманка	SA2012	пуссу́рманай		
пуссурманал	мусульмане	SA2012	пуссу́рманал		
пуссурмандин	ислам	SA2012	пуссурмандин		
пут	пуд	AA2019+SA2012	пут		
путе	весы	SA2012	пу́те		
путишестви	путешествие	AA2019	путише́стви		
путйовка	путевка	AA2019	путйо́вка		
путка	будка	AA2019+SA2012	пу́тк/а | пу́тка	-е	-лъи
пуф	фу	SA2012	пуф		
пухIенка	буханка	AA2019	пухIе́нка	-абалъи	-алъи
пуч	почта	AA2019+SA2012	пуч	-е	-илъи
пучка	бочка	AA2019+SA2012	пучк/а́ | пучка́	-балъи	-лъи
пучонок	бочонок	AA2019	пучо́нок	-нкабалъи	-нкалъи
раъар	учеба	SA2012	р/аъа́р		
рекIкIар	смех	SA2012	р/екIкIа́р		
рабби	Господь	SA2012	рабби́		
рабигIулавал	Рабби-авваль	SA2012	раби́гIулавал		
рабочи	рабочий	AA2019	рабо́чи		
рагIа-ракьанлъи	граница | край	SA2012	рагIа-ракьа́нлъи		
рагIир	досуг	SA2012	ра́гIир		
рагатка	рогатка	AA2019+SA2012	рага́тка		
рагу	рагу	AA2019	рагу́		
рагъ	бой | война | драка	AA2019+SA2012	рагъ	-е	-илъи
рагъи	балкон | веранда	AA2019+SA2012	рагъ/и́ | рагъи́	-балъи	-лъи
рагъа-рачарир	бунт	AA2019	ра́гъа-рача́рир	-де	-лъи
рагъал	очаг | полка	SA2012	ра́гъал		
рагъаргъир	волнение	AA2019	рагъа́ргъир	-де	-лъи
рагъащугъа	посуда	SA2012	рагъащу́гъа		
рагъухъан	воин | армеец	AA2019+SA2012	рагъу́хъ/ан | рагъу́хъан	рагъухъабалъи // -де	-лъи
рагьир	игра | матч | влажность	AA2019+SA2012	рагьи́р | ра́гьир	-де	-лъи
рагьтIатал	слуга	SA2012	ра́гьтIатал		
радатка	рогатка	SA2012	рада́тка		
раджаб	июль	AA2019	раджа́б		
раджибал	краска	AA2019	раджиба́л // раджибар // раджбар // раджвал		
раджибар	краска	AA2019	раджиба́л // раджибар // раджбар // раджвал		
раджбар	краска	AA2019	раджиба́л // раджибар // раджбар // раджвал		
раджвал	краска	AA2019	раджиба́л // раджибар // раджбар // раджвал		
радиатор	радиатор	AA2019	радиа́тор		
радива	радио	AA2019	ра́дива		
радивал	радио	SA2012	ра́дивал		
радикулит	радикулит	AA2019	радикули́т		
радиола	радиола	AA2019	радио́ла		
радиопередача	радиопередача	AA2019	радиопереда́ча		
радиопирйомникI	радиоприемник	AA2019	радиопирйо́мникI		
радиостанци	радиостанция	AA2019	радиоста́нци		
радиотехникI	радиотехник	AA2019	радиоте́хникI		
радиоузел	радиузел	AA2019	радиоу́зел		
радист	радист	AA2019	ради́ст		
ражабпурцIцIу	ражаб	SA2012	ража́бпурцIцIу		
ражи	чеснок	AA2019+SA2012	ра́жи		
рази	пучок | букет	SA2012	ра́з/и		
разведка	разведка	AA2019	разве́дка		
развечик	разведчик	AA2019	разве́чик		
разетка	розетка	AA2019+SA2012	разе́тка		
рази-ракилъир	одобрительность	AA2019	рази-раки́лъир		
разигучIир	несогласие	AA2019	рази́гучIир	-де	-лъи
разилъир	лад | согласие	AA2019+SA2012	рази́лъир	-де	-лъи
разир	соглашение	AA2019	рази́р		
раир	бес | привидение	AA2019	раи́р	-де	-алъи
райиспалком	райисполком	SA2012	ра́йиспалком		
райком	районный комитет | секретарь райкома	SA2012	райко́м		
раймаг	раймаг	SA2012	ра́ймаг		
район	район	AA2019+SA2012	райо́н		
райцентра	райцентр	SA2012	райце́нтр/а		
рак	рак	AA2019+SA2012	рак		
ракIарир	сбор	AA2019	ракIа́рир		
ракIва	сердце | душа | сердцевина	AA2019+SA2012	ра́кIв/а | ра́кIва	-е	-(а)лъи
ракIва-бишир	отчаяние	AA2019	ра́кIва-би́шир		
ракIва-гьай	душа	SA2012	ракIва́-гьай		
ракIва-къарайр	неприятность	AA2019	ра́кIва-къарайр		
ракIва-къварир	неприятность	AA2019	ра́кIва-къварир		
ракIвал	тряпка | обрезки | заплатка	AA2019+SA2012	ра́кIва/л | ра́кIвал	ракIвабалъи	-алъи
ракIвабигъир	забава	SA2012	ракIваби́гъир		
ракIвабишир	разочарование	SA2012	ракIваби́шир		
ракIвагьунар	тошнота	SA2012	ракIвагьу́нар		
ракIвакъиндир	брезгливость	SA2012	ракIвакъи́ндир		
ракIвакъир	сожаление	SA2012	ракIва́къир		
ракIвалкIанчIу	тряпьё	SA2012	ра́кIвалкIанчIу		
ракIвамаъар	насмешка	SA2012	ракIвамаъа́р		
ракIвахъупир	зависть	SA2012	ракIвахъу́пир		
ракIвацIцIинкIир	искренность	SA2012	ракIвацIцIи́нкIир		
ракIвацIцIинкIкIи	искренний	SA2012	ракIвацIцIи́нкIкIи		
ракIвачIаᴴгьир	забава	SA2012	ракIвачIа́ᴴгьир		
ракIкIу	лебеда	SA2012	ра́кIкIу		
ракIунатар	тошнота	AA2019	ракIуна́тар		
ракагIат	часть намаза	SA2012	рака́гIат		
ракета	ракета	SA2012	раке́та		
ракъа	см. ре́къа	SA2012	ра́къа		
ракъдаллъи	засуха | земля | богара	AA2019+SA2012	ракъда́(л)лъи | ракъда́ллъи	-абалъи	-лъи
ракъдалъи	засуха | земля	AA2019	ракъда́(л)лъи	-абалъи	-лъи
ракъина	аккордеон	SA2012	ракъи́на		
ракъир	мир | перемирие | согласие	AA2019+SA2012	ракъи́р | ра́къир	-де	-алъи
ракьил	кость	AA2019+SA2012	ра́кьи/л | ра́кьил	-де	-алъи
ракьин	см. гъо́ли	SA2012	ра́кьин		
ракьичал	ремень	AA2019+SA2012	ракьи́чал	-де	-лъи
ракьу-решда	вразбивку	AA2019	ра́кьу-ре́шда		
рама	рама	AA2019	ра́ма		
рамазан	сентябрь	AA2019	рамаза́н		
рамазанпурцIцIу	рамадан	SA2012	рамаза́нпурцIцIу		
рарз	долг	AA2019	рарз		
расизма	расизм	AA2019	раси́зма		
расист	расист	AA2019	раси́ст		
раскаладушка	раскладушка	AA2019	раскаладу́шка		
распашонка	распашонка	AA2019	распашо́нка		
расписани	расписание	AA2019+SA2012	расписа́ни		
расписка	расписка	AA2019+SA2012	распи́ска		
растарата	растрата	AA2019+SA2012	растара́та		
растарачик	растратчик	AA2019	растара́чик		
ратIуххинкIа	хинкал	SA2012	ратIуххинкIа		
рател	запас	AA2019	ра́тел	-де	-алъи
ратил	запас	SA2012	ра́тил		
рахIат	комфорт | покой | отдых	AA2019+SA2012	рахIа́т	-абалъи	-а(и)лъи
рахIмат	благо | Рахмат | милосердие	AA2019+SA2012	рахIма́т	-абалъи	-алъи
рахIму	милосердие	SA2012	ра́хIму		
рахайр	избиение	AA2019	ра́хайр	-	-лъи
рахарир	старость	SA2012	раха́рир		
рахит	рахит	AA2019	рахи́т		
рахху	мера объёма сыпучих веществ, равная 20 йакъе | мерка (ок. 10-12 кг)	AA2019+SA2012	ра́хх/у | ра́хху	-ве	-лъи
раххас	цепь	AA2019+SA2012	рахха́с		
рахъи	время | курс | сторона	AA2019+SA2012	ра́хъи	-е	-лъи
рахъи-рахъида	врассыпную	SA2012	ра́хъи-ра́хъида		
рацIан	склон	SA2012	рацIа́н		
рацIцIи	сустав | связка | группа	AA2019+SA2012	рацIцIи | ра́цIцIи		
рач	наковальня	AA2019	рач	-е	-лъи
рачи	оселок	SA2012	ра́ч/и		
рачир	развязка	SA2012	ра́чир		
раша	слово | речь | обещание	AA2019+SA2012	ра́ш/а | раша | ра́ша	-балъи	-улъи
рашабеххилар	многоречивость	AA2019	рашабеххи́лар	-	-лъи
рашпил	рашпиль	AA2019	рашпил		
ращот	расчёт	AA2019+SA2012	ращо́т		
раъалъи	одежда	AA2019+SA2012	раъа́лъи	-абалъи	-лъи
раъалъи-кIанчIур	см. раъа́лъи	SA2012	раъа́лъи-кIа́нчIур		
раъир	призрак	AA2019	ра́ъир	-де(е) | -де	-лъи
ре-биккир	похороны	AA2019	ре-бикки́р	-де	-лъи
ре-цIека	конечность	AA2019	ре́-цIека		
ребиккир	место соболезнования	SA2012	ре:биккир		
ребу	весна	AA2019+SA2012	ре:бу | ре́бу	-	-лъи
ребулъи	весной	SA2012	ре:булъи		
ребулъиссуб	весенний	SA2012	ре:булъиссуб		
реа	рука | передняя конечность туши	SA2012	ре́/а		
рекъин	одногодки	SA2012	ре/къи́н	одногодки	
ребулъеккуб	весенний	AA2019	ре́булъеккуб		
ревалйуцианер	революционер	AA2019	ревалйуцианер		
ревалюци	революция	SA2012	ревалюци		
револйуци	революция	AA2019	револйу́ци		
регIел	свободное время	AA2019+SA2012	регIе́л		
регIелгучир	неимение времени	AA2019	регIе́лгучир		
регел	приплод	SA2012	реге́л		
регъил	бедро | ляжка | нога человека от бедра до стопы	AA2019+SA2012	ре́гъи/л | ре́гъил	-балъи	-илъи
регьа	ночь | море	AA2019+SA2012	ре́гь/а | ре́гьа	-е(е) | -е | -е	-(а)лъи | -лъи
регьи	порог двери | двор	AA2019+SA2012	ре́гь/и | ре́гьи	-е	-илъи
регьа-бакьи	полночь	AA2019	ре́гьа-бакьи	-е	-лъи
регьа-зив	сутки	AA2019	ре́гьа-зи́в		
регьабу	початок кукурузы в обертке | ножны	SA2012	регьа́б/у		
регьаба	футляр	AA2019	регьа́ба	-абалъи	-лъи
регьабай	взморье	AA2019	регьаба́й	-балъи	-лъи
регьазив	сутки	SA2012	регьази́в		
регьалъи	морж	AA2019	регьа́лъи	-далъи	-илъи
регьалъигьантIукIа	ракушка	SA2012	регьалъигьантIу́кIа		
регьалъихвай	тюлень	SA2012	регьа́лъихва/й		
регьел	сырость	SA2012	регье́л		
регьилъа	печень	AA2019+SA2012	регьи́лъа	-абалъи	-лъи
регьин	брак	AA2019	регьи́н	-де	-алъи
редактор	редактор	AA2019	редактор		
редакци	редакция	AA2019	реда́кци		
редиска	редиска	SA2012	реди́ска		
резалйуци	резолюция	AA2019	резалйу́ци		
рези	бронза	AA2019	ре́зи	-	-лъи
резин	резина	SA2012	рези́/н		
резинка	резинка | резиновая обувь | галоши	AA2019+SA2012	рези́нка | ре́зинка		
рейка	рейка	AA2019+SA2012	ре́йк/а | рейка		
рейс	рейс	AA2019	рейс		
река	живот | желудок	AA2019+SA2012	ре́к/а | ре́ка	рекабалъи (-е)	рекулъи
рекIарав	всадник | кавалерист	AA2019+SA2012	ре́кIара/в | ре́кIарав	-л(-де) | -л	-щуб
рекIин	кость | трубчатая кость	AA2019+SA2012	рекIин | рекIи́н		
рекIкIу	блеф	SA2012	ре́кIкI/у		
рекIкIи	ушко иголки	AA2019	рекIкIи		
рекIкIин	впадина	SA2012	ре́кIкIин		
рекIкар	смех	AA2019	рекIкар		
рекIул	ключ | ключ заводной | гаечный ключ	AA2019+SA2012	рекIу́/л | рекIу́\л	-балъи	-лалъи
рекIубалъи	замок	AA2019	рекIу́балъи	замок	
рекIун	см. рекIу́л	SA2012	рекIу́н		
река-биши	толстопузый	AA2019	ре́ка-би́ши		
рекабочIуха	брюхатый	AA2019	ре́кабочIу́ха	-е	-лъи
рекаминдаци	рекомендация	AA2019	рекаминда́ци		
рекахъупи	обжора	SA2012	ре́кахъупи		
рекорд	рекорд	AA2019	реко́рд		
ректор	ректор	AA2019	ре́ктор		
ректорат	ректорат	AA2019	ректора́т		
ректорлъи	ректорство	AA2019	ре́кторлъи		
рекун	нитка | волокно	AA2019+SA2012	реку́/н | реку́н	–малъи/-де	–илъи/-алъи
рекулъигьартачIир	понос	SA2012	рекулъигьарта́чIир		
рекъа	горка | холм	AA2019+SA2012	ре́къ/а | ре́къа	-е	-алъи
рекъе-къватIе	горы	SA2012	рекъе:-къватIе́		
рекъинир	равенство	AA2019	рекъини́р		
рекъуйр	побоище	AA2019	рекъу́йр	-де	-лъи
рекъунду	молчание	SA2012	рекъу́нду		
рекъур	хромота	AA2019+SA2012	ре́къур		
рекьаму	мера длины | пятерня	AA2019+SA2012	рекьаму | рекьа́му		
рекьар	вспашка | пахота	AA2019+SA2012	рекьа́р	-де	-лъи
релIахвар	хождение	SA2012	релIахва́р		
релIир	ходьба	SA2012	ре́лIир		
релс	рельс	AA2019	релс		
релъен	краска	AA2019+SA2012	релъе́н	-де	-алъи
ренген	рентген	AA2019	ренге́н		
репана	животное в состоянии яловости	SA2012	ре́пана		
репаххир	выкидыш	SA2012	ре́паххир		
рес	возможность | состояние	SA2012	рес		
рес-махIал	см. рес	SA2012	рес-махIа́л		
реса	моль	AA2019+SA2012	ре́са	-	-лъи
ресилълъи	имеющий возможность	SA2012	ре́силълъи		
республика	республика	AA2019	респу́блика		
рессил	горло | полость рта	AA2019+SA2012	ресси́л	-де	-алъи
рестаран	ресторан	AA2019	рестара́н		
ресхъа-ссе	вперемежку	AA2019	ре́схъа-ссе		
реу	мера длины ( равная длине руки от начала пальцев до локтевого сустава )	SA2012	ре́у		
реххеххи	ловкач	AA2019	ре́ххеххи		
реххеххир	ловкость	AA2019	ре́ххеххир		
реххин	лопата | весло	AA2019+SA2012	реххи́/н | реххи́н	-малъи (де) | -малъи	-алъи
реххун	поселок | квартал	AA2019+SA2012	рехху́н		
рехъа	возвышенность	AA2019	ре́хъа	-е	-алъи
рехъватар	ругань | ссора	SA2012	ре́хъватар		
рехъвир	драка	SA2012	ре́хъвир		
рехъин	отара | канава | стадо	AA2019+SA2012	рехъи́/н | рехъи́н	-д(е)е | -малъи (-де) | -малъи	-а(а)лъи
рехъуйр	драка | убой	AA2019	ре́хъуйр	-де	-лъи
рехъундир	молчание	AA2019	рехъу́ндир	-	-лъи
рехъур	резня	SA2012	ре́хъур		
рехьа	молоковыводящий проток	SA2012	ре́хьа		
рецIел	возмездие | отместка	AA2019+SA2012	рецIе́л	-де	-лъи
рецIцIи	гной	SA2012	ре́цIцI/и		
рецел	мера длины (расстояние от указательного пальца до большого)	AA2019	реце́л		
рецепт	рецепт	SA2012	реце́пт		
рецц	хвала	SA2012	рецц		
рецц-бакъ	похвла	SA2012	рецц-ба́къ		
реццатир	восхваление | хвала	AA2019+SA2012	ре́ццатир		
рецци	похвала	AA2019	ре́цци	-е	-лъи
реццихир	ликование	AA2019	реццихир		
речIур	отвод	SA2012	ре́чIур		
речIчIа	пещера	SA2012	ре́чIчIа		
реча	лихорадка	SA2012	ре́ча//ре́чар		
речар	лихорадка	SA2012	ре́ча//ре́чар		
речел	связка	SA2012	рече́л		
реччеб	опара	SA2012	реччеб//речче́л		
реччел	опара | влага	AA2019+SA2012	реччеб//речче́л | речче́л	-де	-и(а)лъи
реши	год | года	AA2019+SA2012	ре́ш/и | ре́ши	-е	-илъи
решасар	малолетний	AA2019	решаса́р		
решималъи	космос	AA2019	реши́малъи		
решин	небо	AA2019+SA2012	реши́н	-	-лъи
решин-унщи	вселенная	AA2019	ре́шин-у́нщи		
решка	решка	AA2019	ре́шка		
решкуйр	ночлег	AA2019	ре́шкуйр	-де	-лъи
решкур	приземление | успокоение	SA2012	ре́шкур		
решотка	решетка	AA2019	решо́тка		
реъа	мн. -балъи, рп. от рука	AA2019	ре́ъа	-балъи	-улъи
риба	ростовщичество	SA2012	риб/а́		
рив	время | срок	AA2019+SA2012	рив		
риви	ревизор	AA2019	риви		
ривизи	ревизия	AA2019	риви́зи		
ригъир	смерть | ожидание	AA2019+SA2012	ригъир | ри́гъир		
ригь	возраст	SA2012	ригь		
ригьабццуб	вповалку	AA2019	ригьа́бццуб		
ригьин	брак	SA2012	ригьи́н		
ригьинлъа	матка	SA2012	ригьинлъа́		
ридиска	редис	AA2019	риди́ска		
рижи	плод | ребенок	AA2019+SA2012	ри́жи	-е	-лъи
рижи-нахир	потомство	SA2012	рижи́-на́хир		
рижим	режим	AA2019	рижим		
рижир	всё живое	SA2012	ри́жир		
ризина	резина	AA2019	ризи́на		
риир	бессмертие	AA2019	ри́ир		
рикIващу	палка с крючком на конце для впрягания буйволов в телегу	AA2019	рикIващу	-абалъи	-лъи
рикIващур	заноза на ярме	SA2012	ри́кIващур		
рикIкIар	смех	AA2019	рикIкIар		
рикIкIи	рассол	SA2012	ри́кIкIи		
рикахIапара	см. сасахе́рха	SA2012	ри́кахIапара		
рикашет	рикошет	AA2019	рикашет		
риквайр	зажигание	AA2019	ри́квайр	-	-лъи
риквар	зажигание	SA2012	ри́квар		
рикуйр	сожжение	AA2019	ри́куйр	-	рикурлъи
рикъзи	имущество	SA2012	ри́къзи		
рикьи	мясо	AA2019+SA2012	ри́кьи	-е	-илъи
рикьикIул	вилка для мяса | для мяса	AA2019+SA2012	рикьикIул | ри́кьикIул		
рикьилъигьанкIва	мозоль	SA2012	рикьи́лъигьанкIв/а		
рикьир	разветвление	SA2012	ри́кьир		
римонт	ремонт	AA2019	римонт		
рипитици	репетиция	AA2019	рипити́ци		
рисасу	впритирку	AA2019	ри́сасу		
риссор	рессора	AA2019	риссо́р		
ритIир	развитие	AA2019	ритIи́р		
ритIухълъи	справедливость	SA2012	ри́тIухълъи		
ритIучI	олень	SA2012	ри́тIучI		
риха	мелкий рогатый скот | овцы	AA2019+SA2012	ри́ха	-е	-лъи
рихха-ххичир	замешательство	AA2019	ри́хха-ххичир		
риххатир	понос	AA2019	риххатир		
рихху	врассыпную	AA2019	ри́хху		
рицензи	рецензия	AA2019	рице́нзи		
рицепт	рецепт	AA2019	рице́пт		
риччикур	см . бичуку́р	SA2012	риччику́р		
ришар	собирание	SA2012	ри́шар		
ришбат	взятка	AA2019+SA2012	ришбат | ришба́т	- абалъи	-алъи
ришир	толпа | рейс	AA2019+SA2012	ри́шир		
рищи	выборы	AA2019+SA2012	ри́щи	-	-лъи
риъир	гибель	AA2019	риъи́р		
рогьоб	брань | ругань	AA2019+SA2012	рогьо́б	-де	-алъи
рогьобассар	перебранка	AA2019	рогьо́бассар	-де	-лъи
рогьобащар	ругань	SA2012	рогьо́бащар		
роза	роза	AA2019	ро́за		
роххел	см . ру́ххел	SA2012	ро́ххел		
рохьихъан	лесник	AA2019	рохьи́хъан	-де	-илъи
рочохх	сверло | бурав	AA2019+SA2012	рочо́х(х) | рочо́хх	-абалъи (де) | -абалъи	-алъи
рочох	сверло	AA2019	рочо́х(х)	-абалъи (де) | -абалъи	-алъи
ругъир	выгон	AA2019	ру́гъир	-де	-лъи
ругьел	наказ	SA2012	ру́гьел		
ругьунайр	дрессировка	AA2019	ругьу́найр	-	-лъи
ругьунгучIир	непривычка	AA2019	ругьу́нгучIир		
ругьунир	повадка | привыкание | приручение	AA2019+SA2012	ругьу́нир	-де	-лъи
ругьуничIир	непривычка	AA2019	ругьу́ничIир		
руди	тонкая кишка | кишка	AA2019+SA2012	ру́д/и | ру́ди	-е	-лъи
руди-бакьи	кишечник	AA2019	ру́ди-бакьи		
рудибакьи	кишечник | кишки	SA2012	ру́дибакь/и | ру́дибакьи		
руз	сова	AA2019+SA2012	руз		
рузиллагI	дрянь	SA2012	ру́зиллагI		
рузман	пятница | суббота | пятничная молитва	AA2019+SA2012	рузма́н		
рузманзив	пятница	SA2012	рузманзи́в		
рукIа-рахъин	житьё	SA2012	ру́кIа-рахъин		
рукIир	осыпание | наличие | опадание	AA2019+SA2012	ру́кIир	-де	-лъи
рукну	одна из основ намаза	SA2012	ру́кну		
рукъитар	водоотводное отверстие | отвод воды	AA2019+SA2012	рукъита́р | ру́къитар	-де	-лъи
рукьи	любовь | ярмо | пара волов в одной упряжке	AA2019+SA2012	ру́кь/и | рукьи | ру́кьи	- | -е	-лъи | -алъи
рукьаххир	ребенок	AA2019	ру́кьаххир		
рукьаххирлъир	раннее детство	AA2019	ру́кьаххирлъир		
рукьи-кьал	любовные дела	SA2012	ру́кьи-кьал		
рул	руль	AA2019	рул		
рулетка	рулетка	AA2019	руле́тка		
руминав	румын	SA2012	руми́нав		
руминай	румынка	AA2019+SA2012	румина́й | руми́най		
руминал	румыны	AA2019+SA2012	руми́нал		
румка	рюмка	SA2012	ру́мка		
рурудар	см. руру́й	SA2012	руру́дар		
руруй	вой	SA2012	руру́й		
русси	задний проход	AA2019	ру́сси		
руссул-бакьи	прямая кишка	AA2019	руссу́л-бакьи		
руссухъан	мягкая подушка для сиденья	AA2019	руссу́хъан		
рутайр	перегон	AA2019	ру́тайр	-де	-лъи
рутулав	рутулец	SA2012	руту́лав		
рутулай	рутулка	SA2012	руту́лай		
рутулал	рутульцы	SA2012	руту́лал		
рухI	дух | душа | сила	AA2019+SA2012	рухI	-	-илъи
рухIбигьичIир	неодушвленность	AA2019	ру́хIбигьичIир		
рухIел	дух	AA2019	ру́хIел	-далъи	-алъи
рухIиди	силой	AA2019	ру́хIиди		
рухIчIаголъи	живность	SA2012	рухIчIа́голъи		
руххел	отрада | радость | радостная весть	AA2019+SA2012	ру́ххел	-де	-илъи
руххитарл	название садовой местности	AA2019	ру́ххитар(л)		
руххитар	название садовой местности	AA2019	ру́ххитар(л)		
рухьу	лес	AA2019+SA2012	ру́хь/у | ру́хьу	-е	-улъи
рухьу-бай	опушка	AA2019	ру́хьу-бай		
руцIир	мука для присыпки	SA2012	руцIи́р		
руцен	размер	AA2019	руце́н		
ручка	ручка	AA2019	ру́чка		
руша	дерево	AA2019+SA2012	ру́ш/а | ру́ша	-и(и)балъи	-илъи
рушибакьи	название садовой местности	AA2019	рушибакьи́		
сабаб	амулет | выход | средство	AA2019+SA2012	сабаб | саба́б	-де	-илъи
сабдай	избранница	AA2019	сабда́й	-	-лъилъи
сабди-гъвабдир	набирание	AA2019	сабди-гъва́бдир		
сабдир	выборность | выбор | сортировка	AA2019+SA2012	са́бдир	-де	-лъи
сабдо	избранник	AA2019	сабдо́	-ал	-щуб
сабес	собес	AA2019	сабе́с		
сабрани	собрание	AA2019	сабра́ни		
саваб	см. сабаб	AA2019	саваб		
саву	послезавтрашний	SA2012	са́ву		
савуссуб	послезавтрашний	SA2012	саву́ссуб		
сагилъар	оскомина	AA2019	саги́лъар	-де	-лъи
садар	прохлада	AA2019+SA2012	сада́р		
саир	холод | погода | похолодание	SA2012	са́ир		
сайигъат	дар	SA2012	сайигъат		
сакъу	зубчик	SA2012	са́къ/у		
сакьу	куница	AA2019+SA2012	са́кь/у | са́кьу	-ве	-лъи
салу	зуб | зубец | мн. -а́балъи, рп. -у́лъи от зуб	AA2019+SA2012	са́л/у | са́лу	-абалъи	-улъи
салат	салат	AA2019+SA2012	сала́т		
салдат	солдат	AA2019	салда́т		
салълъи	крупчатка	AA2019	са́лълъи		
самавар	самовар	SA2012	самава́р		
самавур	самовар	AA2019	сама́вур		
самалйот	самолет	SA2012	самалйо́т		
саман	саман	AA2019	сама́н		
самасвал	самосвал	SA2012	самасва́л		
самацIамалъи	садовая местность в Ботлихе	AA2019	сама́цIамалъи		
сан-агъаз	забота	SA2012	сан-агъа́з		
санагIат	удобство	SA2012	сана́гIа/т		
санагIалъи	удобство | возможность	AA2019+SA2012	сана́гIалъи	-абалъи	-илъи
санатори	санаторий	AA2019	санато́ри		
сандалде	сандалеты	AA2019	санда́лде		
сандугучIир	несовместность	AA2019	са́ндугучIир		
сандукар	всё то, что едят с хлебом, хинкалом	SA2012	са́ндукар		
сандулъир	всеобщность	AA2019	са́ндулъир		
сани	барбарис	AA2019+SA2012	сани | са́ни	-е	-илъи
сантIарилар	сомнение	SA2012	сантIари́лар		
сари	лиса | хитрец | лисица	AA2019+SA2012	са́р/и | са́ри	-е	-лъи
саржин	единица измерения объема | единица измерения объема досок	SA2012	саржи́н		
сарис	сарис	SA2012	сари́с		
сарса	мелкая вошь | переросшая гнида	AA2019+SA2012	са́рс/а | сарса		
сарса-херха	светлячок	AA2019	са́рса-херха		
сас	звук	SA2012	сас		
сасакIу	бабочка	AA2019+SA2012	саса́кI/у | саса́кIу	-вабалъи	-лъи
сасу	игла	SA2012	сасу́		
сах-саламалъи	благополучие	AA2019	сах-саламалъи	-	-лъилъи
сахавалъи	щедрость	SA2012	саха́валъи		
сахлъи	здоровье	AA2019+SA2012	сахлъ/и́ | сахлъи́	-балъи	-лъи
сахъат	инвалид | изъян | болезнь	AA2019+SA2012	сахъа́т		
саъар	остывание	SA2012	са́ъар		
саъир	холод | похолодание	AA2019	саъи́р	-де	-лъи
сберкасса	сберкасса	SA2012	сберка́сс/а		
светапор	светофор	AA2019	светапо́р		
сеанс	сеанс	AA2019	сеа́нс		
себарду	садовая местность в Ботлихе	AA2019	себа́рду		
севеча	свеча	AA2019	севеча́		
сейп	сейф	AA2019	сейп		
секIу	пробка | трут | поплавок	AA2019+SA2012	се́кI/у | се́кIу	-ве	-улъи
секретар	секретарь	SA2012	секрета́р		
селсавет	сельсовет	SA2012	се́лсавет//ссаве́т		
ссавет	сельсовет | совет | орган государственной власти	AA2019+SA2012	се́лсавет//ссаве́т | ссаве́т		
сенгерассуб	позапозапрошлогодний	SA2012	сенге́рассуб		
сентабирь	сентябрь	AA2019	сента́бирь		
серсахирха	светлячок	SA2012	серсахи́рх/а		
сессийа	сессия	SA2012	се́ссийа		
сехIир	хитрец	SA2012	се́хIир		
сехIирир	хитрость	SA2012	сехIи́рир		
сиᴴ	медведь	SA2012	сиᴴ		
сивидителства	свидетельство	AA2019	сивиди́телства		
сивитер	свитер	AA2019	сиви́тер		
сиезд	съезд	AA2019	сие́зд		
сийахI	ведомость	SA2012	сийа́хI		
сийезд	съезд	SA2012	сийе́зд		
сикъва	снег	SA2012	си́къва		
силос	силос	SA2012	си́лос		
сими	губа	AA2019+SA2012	си́м/и | сими́	-е	-лъи
симичка	семечко	SA2012	си́мичка		
синайр	клейка	AA2019	сина́йр		
синалъур	клещ	SA2012	сина́лъур		
синар	склеивание	SA2012	сина́р		
сини	клей | камедь	AA2019+SA2012	си́ни	-е	-лъи
синибиччи	глина	SA2012	сини́биччи		
синка	синька	AA2019	си́нка		
сипталъи	спозаранку	AA2019	сипталъи		
сири	дрожь | лихорадка	SA2012	сир/и́		
сира	песок	AA2019+SA2012	си́ра	-	-(ла)лъи
сиратIалъи	сират	SA2012	сира́тIалъи		
сирахи	название местности	AA2019	си́рахи		
сирвант	сервант	AA2019	сирва́нт		
сирвиз	сервиз	AA2019	сирви́з		
сисикIван	см. саса́кIу	SA2012	си́сикIван		
сихIру	волшебство	SA2012	си́хIру		
сихIручи	фокусник	SA2012	си́хIручи		
сичма	дробь	SA2012	сичма́		
скирипка	скрипка	AA2019	скири́пка	-е	-лъи
ской	возглас	SA2012	ской		
славар	словарь	SA2012	слава́р		
сологIучI	ключица	SA2012	соло́гIучI		
соно	гранат	AA2019+SA2012	сон/о́ | соно́	-балъи	-лъи
сси	почет	SA2012	сс/и		
ссабрани	собрание	SA2012	ссабра́ни		
ссабру	сдержанность	SA2012	сса́бру		
ссабру-гучIа	невтерпёж	AA2019	сса́бру-гучIа		
ссабудабинчу	один из сортов яблок	SA2012	ссабу́дабинчу		
ссавещани	совещание	SA2012	ссавеща́ни		
ссавищани	совещание	AA2019	ссавища́ни		
ссавхоз	совхоз	AA2019	ссавхо́з		
ссагIат	час | часы | время	AA2019+SA2012	ссагIа́т		
ссайахъ	распутник | беспутно	AA2019+SA2012	ссайа́хъ	-абалъи	-илъи
ссайахъаб	бродячий	SA2012	ссайа́хъа/б		
ссайахълъи	распутство	AA2019+SA2012	ссайа́хълъи		
ссайгъат	подарок	AA2019	ссайгъа́т		
ссайигъат	подарок	AA2019+SA2012	ссайи́гъат | сса́йигъат	-абалъи	-илъи
ссайуз	союз	AA2019	ссайу́з		
ссаквар	усталость	SA2012	сса́квар		
ссаккир	оскомина	SA2012	сса́ккир		
ссако	усталый	AA2019	сса́ко		
ссакуйр	усталость	AA2019	сса́куйр		
ссакур	усталость	SA2012	сса́кур		
ссалам-калам	приветствие	AA2019	ссала́м-калам	-де	-илъи
ссаламатабалъи	четки	AA2019+SA2012	ссаламата́балъи		
ссалпетка	салфетка	AA2019	ссалпе́тка		
ссамагон	самогон	AA2019	ссамаго́н		
ссамалйот	самолет	AA2019	ссамалйо́т		
ссамасвал	самосвал	AA2019	ссамасва́л		
ссамацIцIама	название садовой местности	AA2019	ссама́цIцIама		
ссами	ось	AA2019	сса́ми	-е(е) | -е	-лъи
ссанатори	санаторий	SA2012	ссанато́ри		
ссангар	плотина | ограда | межа	AA2019+SA2012	ссангар | ссанга́р	-де	-илъи
ссандукI	сундук	AA2019	ссанду́кI		
ссанкIи	полынь | бежун | один из видов полыни	AA2019+SA2012	ссанкIи | сса́нкIи		
ссантиметра	сантиметр	AA2019	ссантиме́тра		
ссапар	поездка	SA2012	ссапа́р		
ссапарпурцIцIу	сафар	SA2012	ссапа́рпурцIцIу		
ссапун	мыло	AA2019+SA2012	ссапу́н	-де	-алъи
ссардаймаламна	перевод	AA2019	ссарда́ймаламна		
ссардайр	вращение	AA2019	сса́рдайр	-де(де) | -де	-лъи
ссардар	гуляние	AA2019	сса́рдар	-	-лъи
ссарджин	куб | мера	AA2019	ссарджи́н	-де	-лъи
ссардидире	название садовой местности	AA2019	ссардидире́		
ссардир	перегиб | вращение | извилина	AA2019+SA2012	сса́рдир	-де	-лъи
ссарсахъ	гуляка	SA2012	ссарса́хъ		
ссарссабахи	название садовой местности	AA2019	сса́рссабахи		
ссарссал	закрутка воза осла | палка для подтягивания, закручивания веревок, связывающих груз на вьючных животных | дубина	AA2019+SA2012	ссарссал | сса́рссал		
ссарссар	поворот	SA2012	сса́рссар		
ссарссахъ	босяк	AA2019	ссарсса́хъ	-абалъи	-алъи
ссартин	сатин	AA2019+SA2012	ссарти́н		
ссахIи	сах | мерка (4-6 кг)	AA2019+SA2012	сса́хI/и | сса́хIи	-е	-лъи
ссеассуб	передний | давнишний	SA2012	ссеассу́/б | ссе́ассуб		
ссеассулбалал	предки	SA2012	ссеассулбалал		
ссеберассуб	позапрошлогодний	SA2012	ссебе́рассуб		
ссебуккир	опережение	SA2012	ссе́буккир		
ссевер	север	AA2019+SA2012	ссе́вер		
сселссавет	сельсовет	AA2019	сселссаве́т		
ссемигъилъи	название садовой местности	AA2019	ссе́мигъилъи		
ссеминар	семинар	AA2019	ссемина́р		
ссержант	сержант	AA2019	ссержа́нт		
ссери	серия | поворот | круг	AA2019+SA2012	ссе́ри		
ссессуб	передний	AA2019	ссе́ссуб		
ссетка	сетка	SA2012	ссе́тк/а		
ссехIирир	хитрость	AA2019	ссехIи́рир		
ссехIирлъи	хитрость	AA2019	ссехIи́рлъи		
ссеъадассуб	давний	AA2019	ссе́ъадассуб		
ссибир	Сибирь | каторга	SA2012	ссиби́р		
ссибишка	спичка	AA2019	ссиби́шка		
ссигнал	сигнал	AA2019	ссигна́л		
ссидени	сиденье	AA2019	ссиде́ни		
ссиквар	хмурость	SA2012	сси́квар		
ссикунд	секунда	AA2019+SA2012	ссику́нд		
ссилус	силос	AA2019	сси́лус		
ссими	желчь | гнев | зло	AA2019+SA2012	сси́м/и | сси́ми	-е	-лъи
ссималахвар	возмущение	SA2012	ссима́лахвар		
ссиматIур	злобный	AA2019	ссиматIу́р	-де	-лъи
ссими-ххеххир	горячность	AA2019	сси́ми-ххе́ххир		
ссимиргъва	изжога	SA2012	ссими́ргъва		
ссимирхъвар	изжога	AA2019	ссимирхъвар		
ссимитка	цемент	AA2019	сси́митка		
ссиму	небольшой посёлок около Ботлиха	AA2019	ссиму		
ссина	мочеточник	AA2019	ссина		
ссипа	мочесточная трубочка в люльке	SA2012	сси́па		
ссипаратор	сепаратор	AA2019	ссипаратор		
ссипат	внешность | лицо	AA2019+SA2012	ссипа́т	-абалъи	-алъи
ссипат-ссурат	внешность | изображение	AA2019+SA2012	ссипат-ссура́т | ссипа́т-ссура́т	-абалъи	-(и)/алъи
ссипилис	сифилис	AA2019	сси́пилис		
ссироп	сироп	AA2019	ссиро́п		
ссихI	писк	AA2019	ссихI	-е	-лъи
ссихIру	волшебство | магия | фокус	AA2019	сси́хIру	-ве	-лъи
ссичма	дробь | дробина	AA2019	ссичма́	- | -балъи	-лъи
ссоболир	омертвелость | распухание	AA2019+SA2012	ссобо́лир	-де	-лъи
ссогIлъир	грубость	SA2012	ссо́гIлъи(р)		
ссогIлъи	грубость	SA2012	ссо́гIлъи(р)		
ссода	сода	AA2019+SA2012	ссо́да		
ссок	сок	AA2019	ссок		
ссорт	сорт	AA2019	ссорт		
ссотих	сотка	SA2012	ссо́тих		
ссугъат	известь	AA2019+SA2012	ссугъа́т	-	-илъи
ссудийав	судья	AA2019+SA2012	ссуди́йав		
ссудийай	судья	SA2012	ссуди́йай		
ссукно	сукно	AA2019	ссукно́		
ссултIан	султан	AA2019	ссултIа́н		
ссумка	сумка	AA2019+SA2012	ссумк/а | ссу́мка		
ссунатир	обрезание	AA2019	ссу́натир	-де	-лъи
ссунссар	сопение	SA2012	ссу́нссар		
ссунссу	сопение	AA2019	ссу́нссу		
ссунссуку	человек, который имеет обыкновение сопеть	AA2019	ссунссу́ку		
ссунссул	человек, который имеет обыкновение сопеть	AA2019	ссу́нссул		
ссунссусар	сопение	AA2019	ссу́нссусар		
ссунтIур	головня	SA2012	ссунтIу́р		
ссур	труба | сильный ветер	SA2012	ссур		
ссурат	картина | выглядеть | рисунок	AA2019+SA2012	ссура́т	-абалъи	-/алъи
ссуратбухаталъир	фотографирование	SA2012	ссуратбухаталъир		
ссурахIи	стекло | кусок стекла	AA2019+SA2012	ссура́хIи	-абалъи	-лъи
ссурдайр	бросок	AA2019	ссу́рдайр	-де	-лъи
ссурдамна	отброс	AA2019	ссурдамна́	-балъи	-лъилъи
ссурдар	выброс	SA2012	ссу́рдар		
ссурма	сурьма	AA2019+SA2012	ссурм/а́ | ссурма́		
ссутI	суд	SA2012	ссутI		
ссутIутIу	сойка	AA2019	ссу́тIутIу		
суал	вопрос	SA2012	суа́л		
сужда	поклон	SA2012	сужд/а́		
сукIир	выгиб | складка | сгиб	AA2019+SA2012	су́кIир	-де	-лъи
сулалъар	робость	SA2012	сула́лъар		
сули	стыд	AA2019+SA2012	су́ли		
сули-йахI	честь	SA2012	су́ли-йахI		
сума	соломина | солома	AA2019+SA2012	су́м/а | су́ма	-	-илалъи
сунарссе	позавчера	SA2012	су́нарссе		
сунарссессуб	позавчерашний	SA2012	сунарссе:ссуб		
сунассе	позавчера	AA2019	су́нассе		
сунассессуб	позавчерашний	AA2019	су́нассессуб		
сундулу	грибок	AA2019	сундулу		
сундуру	головня	SA2012	су́ндуру		
суниссуб	вчерашний	AA2019+SA2012	су́ниссуб		
суннат	сунна | обрезание	SA2012	сунна́т		
супра	скатерть	AA2019	супра		
сурабир	строгость | зло	AA2019+SA2012	сура́бир		
сурабир-хьваъабир	качество, наличие существенных признаков	AA2019	сура́бир-хьваъа́бир		
сурабкIвахIалир	неизлечимая болезнь	SA2012	сура́бкIвахIалир		
сурар	зло | позор	AA2019+SA2012	су́рар		
сурарихо	ненавистник	AA2019	су́рарихо		
сурат	автопортрет	AA2019	сурат	-абалъи	-алъи
сурир	позор	AA2019	су́рир		
сурсат	провиант | вещи	SA2012	сурса́т		
сурукъабир	извращенность	AA2019	суру́къабир		
сусукIу	сито | решето	AA2019+SA2012	сусу́кI/у | сусу́кIу		
сусукIир	просеивание	SA2012	сусу́кIир		
сутI	суд	AA2019	сутI		
сухъмахъ	тропа	SA2012	сухъма́хъ		
суъал	вопрос	AA2019	суъа́л	-де	-алъи
тIи	проросшее зерно пшеницы | солод	SA2012	тI/и		
тIабакIа	колпак | чепчик	SA2012	тIаба́кIа		
тIабигIат	природа | характер	SA2012	тIаби́гIат		
тIабигIат-гIамал	см. тIаби́гIат	SA2012	тIаби́гIат-гIама́л		
тIабтIалу	огурец	SA2012	тIабтIа́л/у		
тIавап	круг	SA2012	тIава́п		
тIавус	павлин | жар-птица | ТIавус	AA2019+SA2012	тIаву́с	-а(а)балъи	-алъи
тIагIайр	истребление	AA2019	тIагIа́йр		
тIагIам	вкус	SA2012	тIагIа́м		
тIагIанбахъ	надоедливый человек	AA2019	тIагIа́нбахъ		
тIагIат	подмывание	SA2012	тIагIа́т		
тIагIир	уничтожение | пропажа | ликвидация	AA2019+SA2012	тIа́гIир		
тIадабна	обязанность	SA2012	тIа́дабна:		
тIала	этаж | ярус | слой	AA2019+SA2012	тIал/а́ | тIала́		
тIалаб	попечение | требование | забота	AA2019+SA2012	тIала́б	-де	-алъи
тIалаб-агъаз	уход	SA2012	тIала́б-агъаз		
тIалабигьир	наблюдение	AA2019	тIалабигьи́р	-де	-лъи
тIалабир	забота	AA2019	тIала́бир	-де	-лъи
тIали	пена | сливки | пленка	AA2019+SA2012	тIа́ли	-	-лъи
тIамамна	подстилка	AA2019	тIамамна́		
тIамач	лист | пласт	AA2019	тIама́ч	-абалъи	-алъи
тIамир	корь | гонка	AA2019+SA2012	тIа́мир	-де	-лъи
тIамихI	расправа	AA2019	тIами́хI		
тIамихаб	скаковой	AA2019	тIамиха́б		
тIамсса	ковер	AA2019+SA2012	тIа́мсс/а | тIа́мсса	-ибалъи	-лъи
тIана	гнида	AA2019+SA2012	тIа́на	-е	-лъи
тIанкIи	точка | крапинка | пятно	AA2019+SA2012	тIа́нкI/и | тIа́нкIи		
тIантIалахвар	кидание	SA2012	тIа́нтIалахвар		
тIаргъус-маргъус	игрушка, сделанная из растений типа пушинок из альпийских лугов	AA2019	тIаргъус-маргъус		
тIарикъат	тарикат	SA2012	тIари́къат		
тIаси	таз	AA2019	тIа́си		
тIасси	таз	SA2012	тIа́сс/и		
тIахьал	напарник	AA2019	тIахьал		
тIваркъи	стук	SA2012	тIва́ркъи		
тIел	стая	SA2012	тIел		
тIеркъи-вукIир	неправота	AA2019	тIе́ркъи-вукIир		
тIеркъир	несправедливость	AA2019	тIе́ркъир	-де	-лъи
тIерхьир	погружение	SA2012	тIе́рхьир		
тIетIел	рвань	SA2012	тIетIе́л		
тIибдир	осадка | уплотнение	AA2019+SA2012	тIибдир | тIи́бдир	-де	-лъи
тIибитIир	распространение	SA2012	тIиби́тIир		
тIибтIидир	уплотнение	SA2012	тIибтIид/и́р		
тIикIи	щелчок	AA2019+SA2012	тIикIи | тIи́кIи		
тIикъва	подкова	SA2012	тIикъв/а́		
тIимтIими	натьё	SA2012	тIимтIи́ми		
тIиндир	литье | литьё	AA2019+SA2012	тIи́ндир		
тIиндукъаркъа	блины	SA2012	тIи́ндукъаркъ/а		
тIинкIи	капля	SA2012	тIи́нкI/и		
тIири	капля	SA2012	тIир/и́		
тIирдир	кувырок	SA2012	тIи́рдир		
тIобайр	выполнение | исполнение	AA2019	тIо́байр		
тIомокIа	гребень | хохолок	AA2019+SA2012	тIомо́кIа		
тIопайр	осуществление	AA2019	тIо́пайр	-де	-лъи
тIопаталъай	исполнительница	AA2019	тIопа́талъай		
тIопаталъо	исполнитель	AA2019	тIопа́талъо		
тIопир	осуществление | исполнение | выполнение	AA2019+SA2012	тIо́пир	-де	-лъи
тIопихабир	осуществимость	AA2019	тIопиха́бир		
тIохIок	человек	SA2012	тIохIо́к		
тIуз	туз	SA2012	тIуз		
тIука	козел | трефы | пирог	AA2019+SA2012	тIу́к/а | тIу́ка	-е	-илъи
тIунтIу	муха	SA2012	тIу́нтIу		
тIупен	ливень	SA2012	тIупе́н		
тIурдир	капание	SA2012	тIу́рдир		
тIуртIубакьи	название садовой местности	AA2019	тIу́ртIубакьи		
тIурши	свинец	AA2019	тIу́рши		
тIуши	свинец	SA2012	тIу́ши		
таба	покаяние	AA2019	таба	-	-лъи
табасаранав	табасаранец	SA2012	табасара́нав		
табасаранай	табасаранка	SA2012	табасара́най		
табасаранал	табасаранцы	SA2012	табасара́нал		
табдайр	бурение	AA2019	та́бдайр	-де	-лъи
табдир	дырявость	SA2012	та́бдир		
табдо	навылет	AA2019	табдо́		
табел	табель	AA2019	та́бел		
таблетка	таблетка	AA2019	табле́тка		
табхъадир	оседание	SA2012	та́бхъадир		
табццу	клоп	AA2019+SA2012	та́бцц/у | табццу		
таваккал	решительность	SA2012	тава́ккал		
таварих	см . тара́хI	SA2012	тавари́х		
тавбу	покаяние	SA2012	та́вбу		
тавпикъ	успех	SA2012	тавпи́къ		
тавухан	камин	AA2019+SA2012	таву́хан	-де	-лъи
тагьара	подушка | мешок | большой мешок	AA2019+SA2012	та́гьара	-далъи	-лъи
тагьи	жеребёнок	AA2019+SA2012	тагьи́	-балъи	-лъи
тадбир	мероприятие | вывод	SA2012	тадби́р		
таджикав	таджик	SA2012	таджи́кав		
таджикай	таджичка	SA2012	таджи́кай		
таджикал	таджики	AA2019+SA2012	таджикал | таджи́кал		
тайпа	род | порода | вид	AA2019+SA2012	тайп/а́ | тайпа́	-балъи	-лъи
такси	такси	AA2019	такси́		
такъе	тюбетейка | шлем	AA2019	такъе́	-балъи	-лъи
такъийа	тюбетейка	SA2012	такъи́йа		
такъсир	виновность | преступление	SA2012	такъси́р		
талав	злокачественная болезнь | болезнь | рак	AA2019+SA2012	тала́в		
талат	воскресенье | понедельник | вторник	AA2019+SA2012	тала́т	-де	-алъи
талихI	счастье	AA2019+SA2012	тали́хI		
талищаба	название сада, опытный участок колхоза	AA2019	тали́щаба		
талкучка	толкучка	AA2019	талку́чка		
талмач	переводчик	AA2019	талма́ч		
талон	талон	AA2019	тало́н		
таму	десна	SA2012	та́м/у		
тамаку	табак	AA2019+SA2012	тама́ку		
таманча	пистолет	AA2019+SA2012	тама́нча	-балъи	-лъи
тамат	томат | томатная паста	AA2019+SA2012	тама́т		
тамаша	удивление	AA2019+SA2012	тамаша́	-балъи	-лъи
тамаша-гIаламат	диво | удивительно	SA2012	тамаша́-гIала́мат		
тамашайабир	странность	SA2012	тамаша́йабир		
тамдайхабир	гнилостность	AA2019	та́мдайхабир		
тамдир	гниение	AA2019	та́мдир	-	-лъи
тамихI	наказание	AA2019+SA2012	тами́хI	-абалъи	-лъи
тамтур	поясница	AA2019	тамтур		
тамцIцIикьар	мураш	AA2019	та́мцIцIикьар		
тан	туз	AA2019	тан		
танго	танго	AA2019	та́нго		
тандир	гниль	SA2012	та́ндир		
танки	пачка	SA2012	танк/и́		
танка	танк	AA2019	та́нка		
тантир	жижа	SA2012	та́нтир		
танцIцIа	муравей	SA2012	та́нцIцI/а		
танцIцIаххир	онемение	SA2012	та́нцIцIаххир		
таптар	книга	SA2012	та́птар		
тапццу	клоп	AA2019	та́пццу	-е	-лъи
тара	тара	AA2019	та́ра		
тарактор	трактор	AA2019	тара́ктор		
таракторист	тракторист	SA2012	тарактори́ст		
тарактур	трактор	SA2012	тара́ктур		
таралейбус	троллейбус	AA2019+SA2012	тарале́йбус		
тарамбай	трамвай	AA2019	тарамба́й		
тарамвай	трамвай	SA2012	тарамва́й		
тарахI	ночной молебен	SA2012	тара́хI		
таращ	щенок | шатун	SA2012	тара́щ		
тарбийа	забота | воспитание	AA2019+SA2012	тарби́йа	-	-лъи
таргин	свёкла | брюква | свекла	AA2019+SA2012	тарги́н	-де	-алъи
тардир	шаткость	SA2012	та́рдир		
тарих	цифра | дата	AA2019+SA2012	тари́х		
тартиб	порядок	SA2012	тарти́б		
тархир	дряхлость	SA2012	та́рхир		
тасамахIлъи	попустительство	AA2019	таса́махIлъи	-абалъи	-лъи
тасбихI	тасбих	SA2012	тасби́хI		
тассамахIлъи	халатность	SA2012	тасса́махIлъи		
тастар	ккружевная шаль	SA2012	таста́р		
тата	плевок | слюна	AA2019+SA2012	та́та		
татав	тат	SA2012	та́тав		
татай	татка	SA2012	та́тай		
татал	таты	SA2012	та́тал		
татарав	татарин	AA2019+SA2012	тата́рав		
татарай	татарка	AA2019	тата́рай		
татарал	татары	AA2019+SA2012	тата́рал		
тату	сила	SA2012	тату́		
тах	трон | тахта | кровать	AA2019+SA2012	тах	-е	-илъи
тах-шагьар	столица	AA2019	тах-шагьа́р		
тахIтасара	даль	SA2012	та́хIтасара		
тахта	мерлушка	AA2019+SA2012	тахта́	-балъи	-лъи
таххабалъи	один из видов сапожек местного производства	SA2012	та́ххабалъи		
тахшагьар	столица	SA2012	та́хшагьар		
тащала	чулок	AA2019+SA2012	та́ща/ла | та́щала		
тегена	женское национальное платье	AA2019	тегена		
телеапон	телефон	AA2019	теле(а)по́н		
телепон	телефон	AA2019+SA2012	теле(а)по́н | телепо́н		
телевизор	телевизор	SA2012	телеви́зор		
телеграма	телеграмма	SA2012	телегра́ма		
теливизор	телевизор	AA2019	теливи́зор		
телиграма	телеграмма	AA2019	телигра́ма		
темер	уход за лошадью	AA2019+SA2012	темер | теме́р		
темпиратура	температура	SA2012	темпирату́ра		
тенис	теннис	AA2019	те́нис		
тергеч	лук	AA2019+SA2012	терге́ч	-абалъи	-алъи
терет	угли	SA2012	тере́т		
термус	термос	AA2019	те́рмус		
тетрад	тетрадь	SA2012	тетра́д		
техник	техник	SA2012	те́хник		
техникI	техник	AA2019	те́хникI		
техникIа	техника	AA2019	те́хникIа		
техникум	техникум	AA2019	те́хникум		
тиатир	театр	AA2019+SA2012	тиа́тир		
тини	плод инжира | инжир	AA2019+SA2012	ти́ни	-е	-лъи
тирдир	высыпание	SA2012	ти́рдир		
тирико	трико	AA2019	тирико́		
тирипер	триппер	AA2019	тири́пер		
тирххар	опьянение	SA2012	ти́рххар		
тирхъа	кустарник	SA2012	ти́рхъа		
титрад	тетрадь	AA2019	титра́д		
ток	ток	AA2019+SA2012	ток		
тол	толь	AA2019	тол		
томаъ	рак	AA2019	томаъ		
томонги	ружьё	SA2012	томо́нг/и		
томончи	винтовка	AA2019	томо́нчи	-абалъи	-лъи
тона	тонна	AA2019	то́на		
тормуз	тормоз	AA2019	то́рмуз		
торп	торф	AA2019	торп		
торт	торт	AA2019	торт		
тост	тост	AA2019	тост		
тох	духовка	AA2019	тох	-балъи	-лъи
тохобка	духовка	SA2012	тохо́бка		
тохтур	доктор | врач	AA2019+SA2012	то́хтур	-де // -забалъи | -де	-иб
тохтурлъи	занятие врача	SA2012	то́хтурлъи		
тохуна	мешочек для денег	AA2019	тохуна		
точка	точка	AA2019	то́чка		
точка-запятой	бессмыслица	AA2019	то́чка-запято́й		
ту	тьфу	AA2019	ту		
тудамна	плевок	AA2019	тудамна́		
тудар	оплёвывание	SA2012	ту́дар		
тудир	плевок	SA2012	ту́дир		
туз	туз	AA2019	туз		
туй	тьфу	SA2012	туй		
тук	тюк	SA2012	тук		
тукан	магазин	AA2019+SA2012	тука́н	-амалъи // -де	-алъи
туканчи	лавочник | продавец магазина	AA2019+SA2012	тука́нчи	-абалъи	-лъи
тула	порода охотничьих собак	SA2012	тул/а́		
тумав	лакец	SA2012	ту́мав		
тумай	лачка	SA2012	ту́май		
тумал	лакцы	SA2012	ту́мал		
тумен	10 рублей	AA2019	туме́н		
тунка-гIунси	инцедент	AA2019	ту́нка-гIу́нси	-е	-лъи
тунка-гIусир	стычка	SA2012	тунка́-гIусир		
тункелар	толкотня	AA2019+SA2012	тунке́лар		
тунки	толчок | вражда	AA2019	ту́нки		
тунки-гIунси	придирка	AA2019	ту́нки-гIунси		
тункидир	толкание	SA2012	ту́нкидир		
тункир	толчок	SA2012	ту́нкир		
тунццука	жук	AA2019+SA2012	тунццу́ка	-балъи	-лъи
тупен	червонец	SA2012	тупе́н		
тупли	туфля	SA2012	ту́пл/и		
туплйабалъи	туфли	AA2019	ту́плйабалъи		
турба	труба	AA2019+SA2012	турб/а́ | турба́		
тури	рассол	SA2012	ту́ри		
турист	турист	AA2019	турист		
турк	аукцион	AA2019	турк	-е	-илъи
туркIелар	подергивание	SA2012	туркIе́лар		
туркIи	интенсивность | дергание	SA2012	ту́ркIи		
туркав	турок	AA2019+SA2012	ту́ркав		
туркай	турчанка	SA2012	ту́ркай		
туркал	турки	SA2012	ту́ркал		
турки	турки	SA2012	турки́		
туркменав	туркмен	SA2012	туркме́нав		
туркменай	туркменка	AA2019+SA2012	туркме́най		
туркменал	туркмены	SA2012	туркме́нал		
турникI	турник	SA2012	турни́кI		
туртар	ворчание	SA2012	ту́ртар		
турти	конопля | семена льна	AA2019+SA2012	турти́ | ту́рти	-	-лъи
туруд-зив	трудодень	AA2019	туру́д-зив		
турусик	трусы	AA2019	туру́сик		
турут	палас	SA2012	туру́т		
туснахъ	узник | тюрьма	AA2019+SA2012	тусна́хъ	-ал | -де	-алъи
туснахъалълъуссуб	заключенный	SA2012	туснахъалълъу́ссу/б		
туте	алюминий	AA2019+SA2012	тут/е́ | туте	-	-лъи
тутудир	многокр. от ту́дар	SA2012	ту́тудир		
тухи	лишенный бдительности	SA2012	ту́хи		
тухир	попустительство | медлительность	SA2012	ту́хир		
тухлъи	оплошность	AA2019	тухлъи́	-балъи	-лъи
тухум	род	SA2012	туху́м		
тухум-кьибил	род	SA2012	туху́м-кьиби́л		
тушман	враг | ненавистный человек	AA2019+SA2012	тушма́н	-де	-(а)лъи
тушманлъи	вражда	AA2019+SA2012	тушма́нлъи	-абалъи	-лъи
уᴴучу	см. эᴴчу	SA2012	уᴴу́чу		
уборни	туалет	SA2012	убо́рни		
уборщица	уборщица	AA2019	убо́рщица		
угъи	рукоятка	AA2019	у́гъи		
удаку-араку	врассыпную	AA2019	уда́ку-ара́ку		
удир	см. гъу́дир	SA2012	у́дир		
удмуртав	удмурт	SA2012	удму́ртав		
удмуртай	удмуртка	SA2012	удму́ртай		
удмуртал	удмурты	SA2012	удму́ртал		
удобрени	удобрение	AA2019	удобре́ни		
удуссуб	тамошний	SA2012	уду́ссу/б		
узбекав	узбек	AA2019	узбе́кав		
узбекай	узбечка	AA2019	узбе́кай		
узбекал	узбеки	AA2019+SA2012	узбе́кал		
узданав	узден	SA2012	узда́нав		
узданлъи	аккуратность	SA2012	узда́нлъи		
узденкIу	(об уздечке)	AA2019	узде́нкIу		
узденлъи	чистота | благородство	AA2019	узденлъи	-	-лъи
указ	указ	SA2012	ука́з		
укол	укол	AA2019	уко́л		
украинав	украинец	AA2019	украи́нав		
украинай	украинка	AA2019	украи́най		
украинал	украинцы	AA2019+SA2012	украи́нал		
улка	страна | край	AA2019+SA2012	улк/а́ | улка́	-балъи	-лъи
умадар	мычание	AA2019	ума́дар	-де	-лъи
умай	мычание	AA2019	умай		
умат	поколение	AA2019	умат	-абалъи	-илъи
уммадар	мычание	SA2012	умма́:дар		
уммат	народ | род	SA2012	у́ммат		
унгунгелда	всерьёз	AA2019	унгу́нгелда		
ундил	см. гъва́ндил	SA2012	у́ндил		
унекIва	см. гъване́кIва	SA2012	у́некIва		
унекIвалъи	см. гъване́­кIвалъи	SA2012	у́некIвалъи		
уни-цIекIа	см. гъва́ни-щункIа	SA2012	у́ни-цIе́кIа		
универиситет	университет	AA2019	универиситет		
универмаг	универмаг	AA2019+SA2012	универма́г		
университет	университет	SA2012	университе́т		
унса	бык	AA2019+SA2012	у́нс/а | у́нса	-е	-улъи
унсаэтар	праздник первой борозды	SA2012	у́нсаэтар		
унщи	земля | страна | глина	AA2019+SA2012	у́нщ/и | у́нщи	-е	-(и)лъи
унщихIалир	землистость	AA2019	у́нщихIалир		
управлени	управление	AA2019	управле́ни		
уран	уран	AA2019	ура́н		
урба	урбеч	SA2012	урб/а́		
ургъадагьир	нарочность	AA2019	ургъа́дагьир	-де	-лъи
ургъал	мысль | озабоченность	AA2019+SA2012	у́ргъал	-де	-илъи
ургъалгучIир	безразличие	AA2019	у́ргъалгучIир	-де	-лъи
ургъатар	раздумья	SA2012	у́ргъатар		
ургъир	раздумье | обдумывание	AA2019+SA2012	у́ргъир	-де	-лъи
ургъихичIабир	безрассудство	AA2019	ургъихичIа́бир	-де	-лъи
ургъичIир	недомыслие	AA2019	у́ргъичIир	-де	-лъи
урда	см. гъу́рда	SA2012	у́рда		
урдек	утка	AA2019+SA2012	урде́к		
уровен	строит. уровень	SA2012	у́ровен		
урхъир	тоска	SA2012	у́рхъир		
урщал	хлеб | урожай зерновых | запас зерновых	AA2019+SA2012	у́рщал	-	-лъи
устав	устав	SA2012	уста́в		
устар	мастер | духовный наставник	AA2019+SA2012	уста́р	-де	-иб
устарлъи	мастерство | квалификация | духовное наставничество	AA2019+SA2012	уста́рлъи	-абалъи	-лъи
устор	стол	AA2019	усто́р		
усторож	сторож	SA2012	усто́рож		
усту-цIекIа	палочка	AA2019	усту-цIекIа		
устур	стол	AA2019+SA2012	усту́р	-де	-алъи
уцуку	кошка	SA2012	у́цук/у		
уцуку-уцуку	кис-кис	SA2012	у́цуку-у́цуку		
уццику	киска	AA2019	у́ццику	-вабалъи	-лъи
учаска	участок	AA2019	уча́ска		
учител	учитель	SA2012	учи́тел		
учителлъи	учительство	SA2012	учи́теллъи		
учителница	учительница	SA2012	учи́телница		
учитил	учитель	AA2019	учи́тил		
учитиллъи	учительство	AA2019	учи́тиллъи		
учот	учёт	AA2019	учот		
учоччик	учетчик	AA2019	учоччик		
учреждени	учреждение	AA2019	учрежде́ни		
учуз	дешёво	SA2012	учу́з		
учузир	дешевизна	AA2019+SA2012	учу́зир	-	-лъи
ушанка	ушанка	AA2019	уша́нка		
ушкол	школа	AA2019+SA2012	ушко́л	-де	-алъи
хIаᴴйдир	понукание	SA2012	хIа́ᴴйдир		
хIабачиди	негры	AA2019	хIабачи́ди		-алуб
хIабачийав	негр	AA2019	хIабачи́йав		-щуб
хIабачийай	негритянка	AA2019	хIабачи́йай		-лъилъи
хIабашийав	эфиоп	SA2012	хIаба́шийав		
хIабашийай	эфиопка	SA2012	хIаба́шийай		
хIабашийал	эфиопы	SA2012	хIаба́шийал		
хIабдар	лай	AA2019	хIа́бдар	-де	-лъи
хIабдир	лай	SA2012	хIа́бдир		
хIаваинчу	айва	SA2012	хIава́инчу		
хIавуз	водоём	SA2012	хIаву́з		
хIаджи	паломник | Хаджи	SA2012	хIа́джи		
хIадурабир	подготовка	AA2019	хIаду́рабир		
хIадурайр	приготовление	AA2019	хIаду́райр	-де	-лъи
хIадурив	наготове	AA2019	хIадури́в		
хIадурир	приготовление | готовность	AA2019+SA2012	хIаду́рир	-де	-лъи
хIадурлъи	подготовка	AA2019	хIаду́рлъи	-абалъи	-лъи
хIажалъир	нужда	AA2019	хIажа́лъир	-де	-лъи
хIажатхан	туалет	AA2019	хIажа́тхан		
хIажи	хаджи	AA2019	хIа́жи		
хIай	приказание ослу тронуться с места	AA2019	хIай		
хIайван	скотина | животное	AA2019+SA2012	хIайва́н	-де	-илъи
хIайванлъи	зверство	AA2019	хIайва́нлъи		
хIайранир	очарование | удивление	AA2019+SA2012	хIайра́нир	-де	-лъи
хIайранлъи	пленительность | изумление | очарование	AA2019+SA2012	хIайра́нлъи		
хIаким	правитель | начальник	AA2019+SA2012	хIаки́м	-забалъи	-алъи
хIакимлъи	власть | властвование	AA2019+SA2012	хIаки́млъи	-абалъи	-лъи
хIакъи	пошлина | плата	SA2012	хIа́къ(и)		
хIакъ	пошлина | плата	SA2012	хIа́къ(и)		
хIакъикъат	истина | результат	AA2019+SA2012	хIакъикъа́т | хIакъи́къат	-абалъи	-илъи
хIакъирир	угнетение | оскорбление | униженность	AA2019+SA2012	хIакъи́рир	-де	-лъи
хIал	настроение | обстоятельство | произвол	AA2019+SA2012	хIал	-е	-илъи
хIал-хIукму	состояние | положение	SA2012	хIа́л-хIу́кму		
хIалади	насилу	AA2019	хIала́ди		
хIалалир	дозволенность	SA2012	хIала́лир		
хIалаллъи	дозволенность	SA2012	хIала́ллъи		
хIалбихьи	попытка | испытать	AA2019+SA2012	хIа́лбихьи	-абалъи	-лъи
хIалва	халва	AA2019	хIалва́		
хIалимлъи	благодушие | кротость	AA2019+SA2012	хIали́млъи	-	-лъи
хIалихьалъи	подлость	SA2012	хIали́хьалъи		
хIалихьат	подлец	SA2012	хIали́хьат		
хIалкIолъи	всесилие | невероятность	SA2012	хIа́лкIолъи		
хIалкки	отдых	AA2019	хIа́лкки	-е	-лъи
хIалтIи-пиша	работа	SA2012	хIа́лтIи-пиш/а́		
хIалтIухъан	рабочий | работник | наёмный работник	AA2019+SA2012	хIа́лтIухъа/н | хIа́лтIухъан		
хIалункIа	то же, что ну́ка	SA2012	хIалу́нкIа		
хIалуцин	одышка	SA2012	хIалу́цин		
хIалхьи	удобство | покой	SA2012	хIа́лхьи		
хIалхьихичIабир	неутешительность	AA2019	хIалхьихичIа́бир		
хIамабагьадурлъи	безрассудство	SA2012	хIама́багьадурлъи		
хIамбал	грузчик	SA2012	хIамба́л		
хIамццуш	мушмула	SA2012	хIа́мццуш		
хIанкIвара	пень	SA2012	хIанкIва́ра		
хIанкIу	черемша	AA2019	хIа́нкIу		
хIанку	черемша	SA2012	хIанку́		
хIанкъа	лебедь | дурак | религиозный обряд с танцами и религиозными песнями	AA2019+SA2012	хIанкъа | хIанкъа́	-балъи	-лъи
хIапара	червяк | гусеница	AA2019+SA2012	хIапа́ра | хIа́пара	-абалъи	-лъи
хIапу-чапур	свалка	SA2012	хIапу-чапу́р		
хIара	односпальный	AA2019	хIара́	-балъи	-лъи
хIаракалъи	старание	AA2019	хIара́калъи		
хIаракат	хлопоты | приложить усилия	AA2019+SA2012	хIара́кат		
хIаракатав	старательный	AA2019	хIара́катав		
хIарам	запрет	SA2012	хIара́м		
хIарамзат	негодяй	AA2019	хIара́мзат	-де(абалъи) | -де	-илъи
хIарамзатлъи	злодейство | шарлатанство	AA2019	хIара́мзатлъи		
хIарамир	бесчестье	AA2019	хIара́мир	-де	-илъи
хIаргъа	ил	SA2012	хIа́ргъа		
хIарим	общественные угодья	SA2012	хIари́м		
хIаркъи	грех | согрешение	AA2019+SA2012	хIа́ркъ/и | хIа́ркъи	-е	-лъи
хIарп	буква	AA2019+SA2012	хIарп	-е	-илъи
хIархьидера	вдоволь	SA2012	хIа́рхьидера		
хIарццин	ясли | стойло	AA2019+SA2012	хIарццин | хIарцци́н		
хIасил	итог	AA2019	хIаси́л	-	-илъи
хIасрат	страсть	SA2012	хIасра́т		
хIассил	вывод | результат	AA2019+SA2012	хIасси́л	- д е	-алъи
хIатIикIан	путы	SA2012	хIатIи́кIа/н		
хIебет	полотно | джут	AA2019+SA2012	хIебе́т	-	-илъи
хIедж	паломничество	SA2012	хIедж		
хIедул	свеча	SA2012	хIе́дул		
хIекки	см. а́ржи	SA2012	хIе́кки		
хIелатар	подхалимство	SA2012	хIе́латар		
хIелир	подхалимство	AA2019+SA2012	хIе́лир		
хIенехI	сенной	SA2012	хIене́хI		
хIеренир	нежность	SA2012	хIере́нир		
хIеренлъи	нежность	AA2019	хIере́нлъи	-	-лъи
хIиᴴхIидир	ржание	SA2012	хIиᴴхIи́дир		
хIибчи	чих	SA2012	хIи́бчи		
хIибчидир	чихание	SA2012	хIи́бчидир		
хIикмалъир	удивление	SA2012	хIикма́лъир		
хIикмат	диво	SA2012	хIикма́т		
хIилла	хитрость	SA2012	хIилла́		
хIинццир	медлительность	AA2019+SA2012	хIи́нццир		
хIисаб	математика | расчет | арифметика	AA2019+SA2012	хIиса́б	-де	-илъи
хIисаб-китаб	внимание	SA2012	хIиса́б-кита́б		
хIисаб-суал	расспросы	SA2012	хIиса́б-суа́л		
хIихIидар	ржание	AA2019	хIихIидар		
хIо	ужастик	SA2012	хIо		
хIокIи	ось кукурузного початка	SA2012	хIо́кIи		
хIоло	фиктивный брак	SA2012	хIоло́		
хIоти	кровохлебка	SA2012	хIо́ти		
хIохIокIи	пугало | ряженый	SA2012	хIохIо́кI/и		
хIохIокIкIи	см. гара́сс	SA2012	хIохIо́кIкI/и		
хIужа	довод	AA2019+SA2012	хIужа́ | хIу́жа	-абалъи	-алъи
хIужра	отдельная комната | келья	SA2012	хIужра́		
хIуккел	дыхание | пар | воздух	AA2019+SA2012	хIукке́л	-де	-илъи
хIукму	решение	AA2019+SA2012	хIу́км/у | хIу́кму	-е	-улъи
хIукумат	правительство	AA2019+SA2012	хIуку́мат	-абалъи	-илъи
хIули	пух	AA2019+SA2012	хIули | хIу́ли	-	-лъи
хIуригат	революция	AA2019+SA2012	хIури́гат		
хIурмат	уважение | величие	AA2019+SA2012	хIурма́т	-де	-лъи
хIурул-гIен	русалка	AA2019	хIурул-гIен		
хIурулгIин	гурийа	SA2012	хIуру́лгIин		
хIутI	насекомое	SA2012	хIутI		
хIутI-хъумур	насекомые	SA2012	хIутI-хъу́мур		
хаба-чIабар	беседа	AA2019	ха́ба-чIа́бар	-де	-алъи
хабар	разговор | слух	AA2019	хаба́р	-де	-алъи
хадир	призыв | просьба | сватовство	AA2019+SA2012	ха́дир	-де	-лъи
хайгун	яичница	AA2019+SA2012	хайгу́н		
хайир	прибыль | выгода	AA2019+SA2012	хайи́р	-де	-а(а)лъи
хайир-гучIир	невыгода	AA2019	хайи́р-гучIир	-де	-лъи
хакеист	хоккеист	AA2019	хакеи́ст		
хакей	хоккей	AA2019	хаке́й		
халадилникI	холодильник	AA2019	халади́лникI		
халгIат	халат	AA2019+SA2012	халгIа́т		
халину	местность ок. крепости	AA2019	хали́ну		
халипа	шаблон	AA2019	халипа		
халипат	халифат	AA2019	хали́пат		
халкъ	народ	AA2019+SA2012	халкъ	-е	-лъи
халкъулгIалам	народ	SA2012	ха́лкъулгIалам		
хамало	хмель	SA2012	хама́ло		
хамашуру	садовая местность	AA2019	хамашу́ру		
хамиз	четверг	AA2019	хами́з		
хамиззив	четверг	SA2012	хами́ззив		
хамут	хомут	AA2019	хаму́т		
хан	царь | властитель | матка	AA2019+SA2012	хан		
хану	речной камень | оселок | булыжник	AA2019+SA2012	ха́н/у | ха́ну	-ве	-(у)лъи
хандакъ	траншея | ров	AA2019+SA2012	хандакъ | ханда́къ	-абалъи	-алъи
ханду	небольшой хутор	AA2019	ханду		
ханийаркIки	царица	AA2019	ха́нийаркIки		
ханлъи	власть | царство	AA2019+SA2012	ханлъ/и́ | ханлъи́	-балъи	-1.
хантIа	палка | лом | стебель	AA2019+SA2012	ха́нтI/а | ха́нтIа	-е(е) | -е	-лъи
ханхилу	голый слизень	SA2012	ха́нхил/у		
харашу	пастух	AA2019+SA2012	хара́шу	-урди	-лъи
харашулъи	занятие чабана или пастуха	SA2012	харашу́лъи		
харбат	гробница святого	AA2019	харба́т	-абалъи	-алъи
харж	жалованье | зарплата | расход	AA2019+SA2012	харж	-е	-илъи
харун	водоворот	SA2012	ха́рун		
хархунтIа	мямля	SA2012	харху́нтIа		
хасийат	психика | обыкновение | признак	AA2019+SA2012	хаси́йат	-абалъи	-илъи
хатIа	погрешность	SA2012	хатIа́		
хахабакъу	попрошайка	AA2019+SA2012	ха́хабакъ/у | ха́хабакъу	-е	-лъи
хахадар	попрошайничество	AA2019	ха́хадар	-де	-лъи
хвай	собака	AA2019+SA2012	хва/й | хва\й	-далъи	-йилъи
хвабдабир	откровенность	AA2019	хва́бдабир		
хвабдир	открытие	AA2019+SA2012	хва́бдир	-де	-лъи
хвабдихаб	раздвижной	AA2019	хвабдиха́б		
хвабду-било	нараспашку	AA2019	хвабду-било́		
хвабу	мн. -де́, рп. от мельница | мельница	AA2019+SA2012	хва́бу	-де	-улъи
хвабухъан	мельник	SA2012	хвабу́хъан		
хвабухъанлъи	занятие мельника	SA2012	хвабу́хъанлъи		
хвала	бы	AA2019	хва́ла		
хвамна	покупка	AA2019	хва́мна		
хвара	матка	SA2012	хва́ра		
хвардар	копание	AA2019	хва́рдар		
хвардир	копание	SA2012	хва́рдир		
хвассарир	спасение	SA2012	хвасса́рир		
хваталъо	покупатель	AA2019	хваталъо́		
хваш-миххи	кухонная утварь	AA2019	хваш-миххи		
хемер	вязанка | мешок с грузом | ноша	AA2019+SA2012	хеме́р		
херакьиру	сел. Хелетури	AA2019	херакьи́ру		
херекьиру	хелакьиру	AA2019	херекьиру		
херхра	мозоль	AA2019	хе́рхра	-абалъи	-лъи
хеч	копьё	SA2012	хеч		
хивал	намерение | увлечение | мечта	SA2012	хива́л		
хийал	мечта	AA2019	хийа́л	-де	-и(а)лъи
хийаналъи	измена	AA2019+SA2012	хийа́налъи	-абалъи	-лъилъи
хийанат	измена	AA2019	хийа́нат	-е	-илъи
хийанатлъи	предательство	AA2019	хийа́натлъи		
хийанато	изменник	AA2019	хийа́нато	-ал	-щуб
химийа	химия	AA2019	хи́мийа		
хина	хна	SA2012	хин/а́		
хиналугав	хиналугец	SA2012	хиналу́гав		
хиналугай	хиналужка	SA2012	хиналу́гай		
хиналугал	хиналуги	SA2012	хиналу́гал		
хир	обзаведение	AA2019	хир		
хирург	хирург	AA2019	хиру́рг		
хиса-баси	изменения	SA2012	хиса-ба́си		
хисайр	изменение | замена	AA2019	хи́сайр	-де	-лъи
хисир	смена | изменение	AA2019+SA2012	хи́сир	-де	-лъи
хисихичIабир	постоянство	AA2019	хисихичIа́бир	-де	-лъи
хисичIир	постоянство	AA2019	хисичIир	-де	-лъи
хитIаб	обращение	SA2012	хитIа́б		
хларапорма	хлороформ	AA2019	хларапо́рма		
хоно-борохь	уж (змея)	AA2019	хоно́-борохь		
хонобахкIкIуркIкIун	один из сортов абрикос	SA2012	хоно́бахкIкIуркIкIун		
хор	хор	AA2019	хор		
хохоч	пучок	AA2019	хохо́ч		
хундуз	бобрёнок	AA2019	хунду́з	-абалъи	-алъи
хунха	стручок | напальчник	SA2012	ху́нх/а		
хури	пашня | поле | урожай	AA2019+SA2012	ху́р/и | ху́р\и	-далъи	-илъи
хурдалъи	нива	AA2019	ху́рдалъи	-	-лъи
хурджал	багажник к лошади	AA2019	хурджал	-де	-алъи
хурджал-къай	багаж	AA2019	хурджал-къай	-	-лъи
хуржал	хурджины	SA2012	ху́ржал		
хури-гъир	плодородие	AA2019	ху́ри-гъир		
хури-гъичIир	неурожай	AA2019	хури-гъи́чIир		
хуру	мурлыканье	SA2012	ху́ру		
хурустал	хрусталь	AA2019	хуруста́л		
хурухъан	земледелец	AA2019	хуру́хъан	-де	-илъи
хухудир	гром	SA2012	хуху́дир		
ххабар	рассказ | весть | молва	AA2019+SA2012	ххаба́р	-де	-алъи
ххабар-калам	разговоры	SA2012	ххаба́р-кала́м		
ххабар-чIабар	беседа	SA2012	ххаба́р-чIаба́р		
ххабаргучIада	молчком | невзначай	AA2019	ххаба́ргучIада		
ххабаргучIир	молчаливость	AA2019	ххаба́ргучIир		
ххабарде	толки	SA2012	ххабарде́		
ххабдир	опаление	SA2012	хха́бдир		
ххадиру	грабли	AA2019+SA2012	хха́диру	-абалъи	-лъи
ххазина	казна | сокровище | драгоценность	AA2019+SA2012	ххази́на	-абалъи	-лъи
ххалигьир	поиск	SA2012	хха́лигьир		
ххами	ткань | материя	AA2019+SA2012	ххам/и | хха́ми	-е	-лъи
ххандар	сенокос	AA2019	хха́ндар	-де	-лъи
ххандарухъан	косарь	AA2019	хханда́рухъан	-де	-илъи
ххандасу	местность недалеко от Ботлиха	AA2019	хханда́су		
хханджар	кинжал	AA2019+SA2012	хханджа́р	-де	-алъи
ххандир	выгребание | косьба | жатва	AA2019+SA2012	хха́ндир		
ххандиру	местный вид горбуши	SA2012	хха́ндир/у		
хханкIу	храп	AA2019	хха́нкIу		
хханххадар	косьба | сенокос	AA2019+SA2012	хха́нххадар		
хханххадир	выскабливание	AA2019	хха́нххадир		
хханххуасар	всхрапывание	AA2019	хха́нхху(а)сар	-де	-лъи
хханххусар	всхрапывание	AA2019	хха́нхху(а)сар	-де	-лъи
хханххущутар	окучивание | рыхление	AA2019+SA2012	хханххущу́тар	-де	-лъи
ххара	парча	AA2019	хха́ра	-	-алъи
ххардир	вязание | карабкание | витьё	AA2019+SA2012	хха́рдир		
ххарду	обмёткой	SA2012	хха́рду		
ххарум	водоворот	AA2019	ххару́м	-де	-алъи
ххарххун	омут	AA2019	ххархху́н	-де	-илъи
ххарчаму	сабля	AA2019+SA2012	ххарча́м/у | ххарча́му	-де//далъи	-лъи
ххатI	разборчивый почерк | почерк	AA2019+SA2012	ххатI	-е	-лъи
ххваᴴй	экстаз	AA2019	ххва́ᴴй		
ххванкIелар	храп	SA2012	ххванкIе́лар		
ххванкIи	чавканье	SA2012	ххва́нкIи		
ххванхха-ссунссу	внутренность носа	AA2019	ххва́нхха-ссунссу		
ххванххвал	см. хху́нххул	SA2012	ххва́нххвал		
ххвардир	просачивание	SA2012	ххва́рдир		
ххвата	рубец	SA2012	ххва́та		
ххвачIар	морока	SA2012	ххва́чIар		
ххеххада	второпях	AA2019	ххе́ххада		
ххеххи-черчо	вскользь	AA2019	ххе́ххи-черчо́		
ххеххина	сороконожка	SA2012	ххе́ххина:		
ххеххир	поспешность | скорость | проворство	AA2019+SA2012	ххе́ххир	-де | -	-лъи
ххеч	пика | жало	AA2019+SA2012	ххеч	-е	-илъи
ххив	обруч | колесо	AA2019+SA2012	ххи/в | ххив	-бдалъи	-лъи
ххиндайр	полоскание	AA2019	ххи́ндайр	-де	-лъи
ххиндар	полоскание	SA2012	ххи́ндар		
ххиндир	часть женского головного убора	AA2019	ххиндир		
ххинкIа	хинкал | галушка	AA2019+SA2012	ххи́нкI/а | ххи́нкIа	-	-лъи
ххинкIаххул	шумовка	SA2012	ххи́нкIаххул		
ххинкIеххул	шумовка	AA2019	ххинкIеххул		
ххинцIцIар	поиск	SA2012	ххи́нцIцIар		
ххинцIцайхабир	искательность	AA2019	ххинцIца́йхабир		
ххиралъайр	вздорожание	AA2019	ххиралъа́йр	-де	-лъи
ххиралъир	дороговизна	AA2019+SA2012	ххира́лъир	-де	-алъи
ххирдир	грызня	SA2012	ххи́рдир		
ххирххин	водоросли	SA2012	ххи́рххин		
ххудайр	выпойка	AA2019	хху́дайр	-де	-лъи
ххудар	гульба | запой | пьянство	AA2019+SA2012	хху́дар	-де	-(ар)лъи
ххударухъан	пьяница	AA2019+SA2012	ххуда́рухъа/н | ххуда́рухъан		
ххудерхъи	спьяну	AA2019	ххуде́рхъи		
ххудир	питьё	SA2012	хху́дир		
ххудихъаб	сб. ххудиха́б	SA2012	ххудихъа́б		
ххудожникI	художник	AA2019	ххудо́жникI		
ххулиган	хулиган	AA2019	ххулига́н		
ххулиганлъи	хулиганство	AA2019	ххулига́нлъи		
ххунххул	лик | рожа | морда	AA2019+SA2012	хху́нххул	-де	-и(а)лъи
ххурджал	вещевой мешок	AA2019	хху́рджал	-де	-илъи
ххурххарухъан	борец	AA2019	ххурхха́рухъан	-де	-
ххурххир	борьба	AA2019+SA2012	хху́рххир	-де	-лъи
ххуцу	половой орган мальчика	AA2019	хху́цу		
ххучIисар	бред	SA2012	хху́чIисар		
хъаба	кувшин	AA2019+SA2012	хъаб/а́ | хъаба́		
хъабало	хабало	SA2012	хъаба́ло		
хъабахъи	тыква	AA2019+SA2012	хъаба́хъ/и | хъаба́хъи		
хъабача	шуба	AA2019+SA2012	хъаба́ча	-/балъи	-лъи
хъабдайр	рубка	AA2019	хъа́бдайр		
хъабдайхаб	отрывной	AA2019	хъа́бдайхаб		
хъабдикьи	название садовой местности	AA2019	хъабдикьи́		
хъабдир	трещина | расщелиа | пещера	AA2019+SA2012	хъа́бдир	-де	-лъи
хъабщадар	царапина	SA2012	хъа́бщадар		
хъабщадир	царапина	AA2019	хъа́бщадир		
хъабщи	звукоподражание треску разрываемой ткани | шарканье	SA2012	хъа́бщи		
хъадар	плач	AA2019+SA2012	хъа́дар	-де	-лъи
хъадиру	плакса	SA2012	хъа́диру		
хъаз	гусь	SA2012	хъаз		
хъаза	гусь	AA2019	хъа́за	-е	-лъи
хъазан	чугун | казан | чесотка	AA2019+SA2012	хъаза́н		
хъазани-пичат	игра типа «казаки-разбойники»	AA2019	хъаза́ни-пича́т		
хъазарма	казарма	AA2019	хъаза́рма	-балъи	-лъи
хъазахъ	раб	SA2012	хъаза́хъ		
хъазахъав	казах	SA2012	хъаза́хъав		
хъазахъай	казашка	SA2012	хъаза́хъай		
хъазахъал	казахи	SA2012	хъаза́хъал		
хъайлъир	голубизна | синева	AA2019+SA2012	хъа́йлъир		
хъайшур	голубизна | синька	AA2019	хъа́йшур		
хъал	покров | кожа | ссадина	AA2019+SA2012	хъал	-е	-илъи
хъала	крепость | дворец | замок	AA2019+SA2012	хъал/а́ | хъала́	-балъи	-лъи
хъалавур	караульный | наблюдатель | стрелка	SA2012	хъала́вур//хъара́вул		
хъаравул	караульный | наблюдатель | стрелка	AA2019+SA2012	хъала́вур//хъара́вул | хъара́вул	-де	-лъи
хъален	кальян	AA2019	хъале́н	-де	-илъи
хъалийан	курить кальян	SA2012	хъали́йан		
хъалим	калым	AA2019	хъали́м	-	-илъи
хъалмихъав	калмык	AA2019	хъалми́хъав		
хъалмухъай	калмычка	AA2019	хъалму́хъай		
хъалмухъал	калмыки	AA2019	хъалму́хъал // хъалми́хъал		
хъалмихъал	калмыки	AA2019	хъалму́хъал // хъалми́хъал		
хъамассур	паутина	AA2019+SA2012	хъамассур | хъамассу́р		
хъамдавулуй-ганду	нарасхват	AA2019	хъа́мдавулуй-га́нду		
хъамдир	похищение	AA2019+SA2012	хъа́мдир	-де	-лъи
хъамдо	похититель	AA2019	хъамдо́		
хъамхъаду	нарасхват	AA2019	хъамхъа́ду		
хъанда	бесхвостое животное | куцый | кургузная	AA2019+SA2012	хъа́нд/а | хъа́нда	-е	-алъи
хъанкудир	жадность | алчность	AA2019+SA2012	хъа́нкудир		
хъанч	крест	AA2019+SA2012	хъанч	-е	-илъи
хъап	толстушка	SA2012	хъап		
хъапан	кабан | толстушка	AA2019+SA2012	хъапа́н	-де	-илъи
хъапаналъи	кабаний	AA2019	хъапана́лъи		
хъара	удалой человек	AA2019	хъара		
хъаравуллъи	караулить | охрана | выслеживание	AA2019+SA2012	хъара́вуллъи		
хъарахъ	кустарник	AA2019+SA2012	хъара́хъ	-абалъи (-де) | -абалъи	-алъи
хъарбуз	арбуз	AA2019	хъарбуз	-абалъи	-алъи
хъардир	нарезка	SA2012	хъа́рдир		
хъарзин	кляча	AA2019	хъарзин		
хъаркIас	кляча	SA2012	хъаркIа́с		
хъарлIи	м	SA2012	хъа́рлI/и		
хъармухъ	калмыцкий	SA2012	хъарму́хъ		
хъарпуз	арбуз	SA2012	хъарпу́з		
хъарссар	царапина	SA2012	хъа́рссар//хъа́рссир		
хъарссир	царапина	SA2012	хъа́рссар//хъа́рссир		
хъартай	ведьма	AA2019+SA2012	хъартай | хъа́ртай	хъарте	-лъилъи
хъархъадир	почесывание	SA2012	хъа́рхъадир		
хъархъар	суета	SA2012	хъа́рхъар		
хъарчигъва	ястреб	SA2012	хъарчи́гъва		
хъарччигъва	ястреб	AA2019	хъарччи́гъва		
хъасито	рак	AA2019	хъасито́		
хъати	горсть | ладонь | оплеуха	AA2019+SA2012	хъа́ти	-е	-лъи
хъатир	уважение | уход | учтивость	AA2019+SA2012	хъати́р	-де	-лъи
хъахIба	проститутка | развратница	AA2019+SA2012	хъахIба́	-балъи	-лъи
хъахIбалъир	проституция | разврат	AA2019+SA2012	хъахIба́лъир		
хъахIлъи	рассвет	SA2012	хъахIлъ/и́		
хъахъибагъур	несварение	AA2019	хъахъи́багъур	-де	-лъи
хъац	ослёнка	AA2019	хъац		
хъацици	ослёнок	AA2019	хъа́цици		
хъацици-гьа	подзыв. ослёнка	AA2019	хъа́цици-гьа		
хъачIабир	грубость	AA2019	хъа́чIабир		
хъачIир	жестокость | грубость	AA2019+SA2012	хъа́чIир	-де	-лъи
хъачIлъи	грубость	AA2019	хъа́чIлъи	-ибалъи	-илъи
хъачикьи	местность недалеко от Ботлиха	AA2019	хъачикьи		
хъашхъар	парша	AA2019+SA2012	хъашхъа́р	-	-лъи
хъащур	зазубрина	AA2019	хъа́щур	-де	-лъи
хъваᴴй	рыба	AA2019+SA2012	хъваᴴ/й | хъваᴴй		
хъвадарухъан	писатель | писарь	AA2019	хъвада́рухъан	-де	-лъи
хъвай	рыба | начертание	AA2019	хъвай | хъва́й	-балъи	-лъи
хъвай-хъвагIай	заметка | опись | письменность	AA2019	хъва́й-хъва́гIай		
хъванкIелар	храп	SA2012	хъванкIе́лар		
хъвар-хъвари	шорох	SA2012	хъвар-хъва́ри		
хъвардир	трещина | пещера | писание	AA2019+SA2012	хъва́рдир	-де	-лъи
хъвардихаб	записной | писчий	AA2019	хъва́рдихаб		
хъвархъвадир	писание	SA2012	хъва́рхъвадир		
хъвассхъалъи	сел. Кванхидатль	AA2019	хъвассхъалъи́		
хъвасхъиди	кванхидатлинцы	SA2012	хъвасхъи́д/и		
хъвасхъилъи	кванхидатлинец	SA2012	хъвасхъи́лъи		
хъвахъу	мука	AA2019+SA2012	хъва́хъ/у | хъва́хъу	-	-лъи
хъвахъибагъур	несварение	AA2019	хъвахъи́багъур	-де	-лъи
хъвахъир	молотьба	SA2012	хъва́хъир		
хъваъабир	услуга	AA2019	хъваъа́бир		
хъек	беркут | гриф	AA2019+SA2012	хъек	-е	-илъи
хъечу	перхоть	AA2019+SA2012	хъе́чу	-	-илъи
хъидир	взгляд | отношение | присмотр	AA2019+SA2012	хъи́дир	-де	-лъи
хъидичIир	бесхозяйственность	AA2019	хъи́дичIир	-де	-лъи
хъизан	семья	AA2019+SA2012	хъиза́н		
хъил	гудрон | асфальт	SA2012	хъил//гъил		
хъили	крик	AA2019+SA2012	хъили | хъили́	-балъи	-лъи
хъилидир	крик	SA2012	хъили́дир		
хъинци	выступ | скальный массив	AA2019+SA2012	хъи́нци	-е	-илъи
хъиргъу	сокол	SA2012	хъи́ргъ/у		
хъирдир	трёпка	SA2012	хъи́рдир		
хъири	один из видов каменных пород | камень-песчаник	AA2019+SA2012	хъи́ри		
хъирис	болячка | струп | парша	AA2019+SA2012	хъири́с		
хъирмиз	грим | краситель | губная помада	AA2019+SA2012	хъирми́з	-де	-алъи
хъирхъири	хрипы	SA2012	хъирхъи́ри		
хъитIир	топорщение	SA2012	хъи́тIир		
хъорхъол	лопатка	AA2019	хъорхъол		
хъублъи	дрянь	AA2019	хъублъи́	-балъи	-лъи
хъудар	шумиха | клокот	AA2019+SA2012	хъу́дар		
хъудилълъу	в могиле	AA2019	хъудилълъу		
хъуй	шум | рокот	AA2019+SA2012	хъуй	-балъи	-лъи
хъуй-гIай	дебош	AA2019	хъу́й-гIай		-лъи
хъуй-зуй	шум-гам	SA2012	хъу́й-зуй		
хъулухъ	дело | должность | надобность	AA2019+SA2012	хъулу́хъ	-де	-алъи
хъулухъгучIир	отсутствие какого-л. отношения	AA2019	хъулу́хъгучIир		
хъуму	могила	AA2019	хъуму		
хъумуз	кумуз	AA2019	хъумуз	-де	-алъи
хъумур	хищник | животные	SA2012	хъуму́р		
хъунссир	легкие | лёгкое	AA2019+SA2012	хъунссир | хъунсси́р		
хъунтагъ	ложа	AA2019	хъунта́гъ	-де (-абалъи) | -де	-алъи
хъунтахъ	приклад	SA2012	хъунта́хъ		
хъунч	мужья сестер по отношению друг к другу	SA2012	хъунч		
хъупику	грязнуля | неряха	AA2019+SA2012	хъупи́к/у | хъупи́ку		
хъупир	неряшество | нечисть | грязь	AA2019+SA2012	хъу́пир	-де	-лъи
хъуплъи	неряха	AA2019	хъуплъи́	-балъи	-лъи
хъурамаир	рассыпчатость	SA2012	хъура́маир		
хъурдир	таскание	SA2012	хъу́рдир		
хъурир	измельчение	SA2012	хъу́рир		
хъурма	хурма	AA2019	хъурма́		
хъурум	хромовая кожа | хром	AA2019+SA2012	хъуру́м		хъурмалъи
хъурумсахъ	негодяй	SA2012	хъуру́мсахъ		
хъурумссахъ	негодяй	AA2019	хъуру́мссахъ	-де	-илъи
хъурхъул	между лопатками	SA2012	хъу́рхъул		
хъурщ	выдвижной ящик	SA2012	хъурщ		
хъутан	плуг | пастбище | кутан	AA2019+SA2012	хъута́н	-де	-лъи
хъухъадир	пила | пиление	AA2019+SA2012	хъухъа́дир | хъу́хъадир	-де	-лъи
хъуцелар	поиск	SA2012	хъуце́лар		
хъуча	книга | овчина | шкура	AA2019+SA2012	хъу́ч/а | хъу́ча	-е | -ибалъи	-илъи
хьаги	кастрюля | котёл	AA2019+SA2012	хьа́г/и | хьа́ги	-е	-лъи
хьандар	удирание	SA2012	хьа́ндар		
хьвада-чIвадир	поведение	SA2012	хьва́да-чIва́дир		
хьвадар	пользование	SA2012	хьва́дар		
хьвадатахоб	имеющий хождение	SA2012	хьва́датахоб		
хьвадилахвар	хождение	AA2019	хьва́дилахвар		
хьвадир	шествие | хождение	AA2019+SA2012	хьва́дир	-де	-лъи
хьвархьвар	качка	SA2012	хьва́рхьвар		
хьвацIцIа	сыромять	SA2012	хьва́цIцIа		
хьваъабир	добро | добродетель	AA2019+SA2012	хьваъабир | хьваъа́бир	-де	-лъи
хьина	хина	AA2019	хьи́на		
хьиндалав	хиндалав	SA2012	хьи́ндалав		
хьиндалай	хиндалай	SA2012	хьи́ндалай		
хьиндалал	хиндалал	SA2012	хьи́ндалал		
хьиндаллъи	собир. пойменные долины нагорного Дагестана	SA2012	хьи́ндаллъи		
хьирхьирир	хихикание	SA2012	хьирхьи́рир		
хьоп	розга	SA2012	хьоп		
хьул	желание	SA2012	хьул		
хьулбигьир	мечтание	AA2019	хьу́лбигьир		
хьуму	могила	AA2019+SA2012	хьу́м/у | хьу́му	-(е)е	-илъи
хьуни	зерно | зародыш | семена	AA2019+SA2012	хьу́ни	-е	-илъи
хьуртIилълъи	шмыгнув	SA2012	хьу́ртIилълъи		
хьурхьудар	вой ветра	AA2019	хьу́рхьудар		
хьурхьул	слабый ветер	AA2019	хьу́рхьул	-д(е)е	-лъи
цIай	звезда | огонь | костёр	AA2019+SA2012	цIа\й | цIай	-бдилъи | -балъи	-йлъи | -лъи
цIагъвал	обуглившееся полено | головня | горящие древесные угли	AA2019+SA2012	цIагъвал | цIа́гъвал		
цIагъур	горячие угли	AA2019	цIагъу́р	-	-алъи
цIай-кваᴴй	температура	SA2012	цIа́й-кваᴴ/й		
цIакьу	куница	AA2019	цIакьу		
цIандир	лишай на коже	AA2019	цIандир		
цIандиру	лишай	SA2012	цIа́ндир/у		
цIарагI	посуда	SA2012	цIа́рагI		
цIараки	хозяйство	SA2012	цIа́раки		
цIаркIу	рубец	SA2012	цIа́ркIу		
цIатаммуса	ожог	AA2019	цIата́ммуса		
цIатар	жара | нагрев	AA2019+SA2012	цIа́тар	-	-улъи
цIатир	горение	AA2019+SA2012	цIа́тир	-де	-лъи
цIебекъеру	кукуруза	AA2019+SA2012	цIебекъе́ру	-	-лъи
цIекIа	ступня | ножка | лапка	SA2012	цIе́кI/а		
цIекIакьани	многоножка	AA2019	цIе́кIакьани		
цIекIе-нацIIцуда	босой	AA2019	цIе́кIе-нацIIцу́да		
цIекIир	козлёнок | козлик	AA2019+SA2012	цIекIир | цIекIи́р		
цIиᴴвкIв	восстановители	AA2019	цIиᴴвкIв		
цIиᴴвкIва	восстановители	AA2019	цIиᴴвкIва́		
цIиᴴвчо	новобранец	AA2019	цIиᴴвчо		
цIивна	новость | обновка	AA2019	цIивна́	-балъи	-лъилъи
цIивпурцIцIу	новолуние	AA2019	цIи́впурцIцIу		
цIилъир	обновление	SA2012	цIи́лъир		
цIимдир	охрана | избежание | защита	AA2019+SA2012	цIи́мдир	-де	-лъи
цIими	спустить курок	AA2019	цIи́ми	-е	-лъи
цIимукIвар	обновление	SA2012	цIимукIва́р		
цIиркъ	тигр	AA2019+SA2012	цIиркъ		
цIицIи	лимфоузел	SA2012	цIи́цI/и		
цIичIир	пренебрежение	AA2019	цIи́чIир		
цIули	палка | ши́ма	SA2012	цIу́ли		
цIцIай	звезда | метеор | живой вес	AA2019+SA2012	цIцIа/й | цIцIай		
цIцIаᴴй	соль	AA2019+SA2012	цIцIаᴴй		
цIцIаᴴйитур	засол	AA2019	цIцIаᴴйи́тур		
цIцIагъван	название хребта	AA2019	цIцIа́гъван		
цIцIадахIиди	керамика	SA2012	цIцIадахIи́д/и		
цIцIадахIилъи	цудахарец	SA2012	цIцIадахIи́лъи		
цIцIадирабалъи	весы	SA2012	цIцIадира́балъи		
цIцIалагъанду	см. кьикьи́	SA2012	цIцIала́гъанду		
цIцIаламгъамдур	сорока | сойка	SA2012	цIцIаламгъа́мдур		
цIцIаларчан	волчок	SA2012	цIцIала́рчан		
цIцIалдохъан	учащийся | читатель	SA2012	цIцIалдо́хъа/н		
цIцIалдухъан	школьник	AA2019	цIцIалду́хъан		
цIцIали	ларец	AA2019	цIцIа́ли		
цIцIанахе	название сада в Ботлихе	AA2019	цIцIанахе́		
цIцIантIур	тарелка | 2 см. гъа́макьуххур	SA2012	цIцIа́нтIур		
цIцIатан	сатана	AA2019	цIцIата́н		
цIцIвакадайр	лощение	AA2019	цIцIва́кадайр		
цIцIвакир	блеск	SA2012	цIцIва́кир		
цIцIварцIцIвари	визготня	AA2019	цIцIварцIцIва́ри		
цIцIе	гость	SA2012	цIцIе		
цIцIели	лоза | ползучие кустарники	SA2012	цIцIе́л/и		
цIцIери	имя | известность | о названии предмета	SA2012	цIцIе́р/и		
цIцIерквас	шерсть	SA2012	цIцIе́рквас		
цIцIибур	кромка	SA2012	цIцIи́бур		
цIцIикIкIа-цIцIикIкIа	помногу	SA2012	цIцIи́кIкIа-цIцIи́кIкIа		
цIцIикIкIабугъа	большинство	SA2012	цIцIикIкIа́бугъа		
цIцIикIкIар	умножение	SA2012	цIцIи́кIкIар		
цIцIикIкIвара	кислятина	AA2019	цIцIикIкIва́ра		
цIцIикIкIватIа	кислота	SA2012	цIцIи́кIкIватIа		
цIцIикIкIи	2 см. цIцIи́кIкIур	SA2012	цIцIикIкIи́		
цIцIикIкIибугъа	помногу	AA2019	цIцIи́кIкIибугъа		
цIцIикIкIир	увеличение	SA2012	цIцIи́кIкIир		
цIцIикIкIур	кислятина	SA2012	цIцIи́кIкIур		
цIцIикван	локоть | часть рукава одежды,	SA2012	цIцIикван		
цIцIима	камыш | стрела лука	SA2012	цIцIи́м/а		
цIцIимдир	щипок	SA2012	цIцIи́мдир		
цIцIине	козы	SA2012	цIцIин/е́		
цIцIиналъу	коза	SA2012	цIцIина́лъу		
цIцIинкIкIайр	обтирание	AA2019	цIцIинкIкIа́йр		
цIцIинкIкIар	очищение	SA2012	цIцIи́нкIкIар		
цIцIинкIкIи	нечистое произношение	AA2019	цIцIи́нкIкIи		
цIцIинкIкIив	начистоту	AA2019	цIцIинкIкIи́в		
цIцIинкIкIир	чистота	SA2012	цIцIи́нкIкIир		
цIцIинкIкIирикIкIо	подчистую	SA2012	цIцIинкIкIирикIкIо́		
цIцIинкIкIицIцIай	убойный вес | нетто	SA2012	цIцIи́нкIкIицIцIай		
цIцIинкIкIо	вчистую | подчистую	AA2019+SA2012	цIцIинкIкIо́		
цIцIинкIкIу	щепотка | клок	AA2019+SA2012	цIцIи́нкIкIу		
цIцIинтур	болото	SA2012	цIцIинту́р		
цIцIира	молозиво	SA2012	цIцIи́ра		
цIцIирлIа	см . цIцIи́рта	SA2012	цIцIи́рлIа		
цIцIирта	можжевельник	AA2019+SA2012	цIцIи́рт/а | цIцIи́рта		
цIцIирхьидайр	крапление	AA2019	цIцIи́рхьидайр		
цIцIирцIцIар	скулёж	SA2012	цIцIи́рцIцIар		
цIцIирцIцIири	писк | скрип	SA2012	цIцIирцIцIи́ри		
цIцIихьелар	разбрызгивание	SA2012	цIцIихье́лар		
цIцIихьи	брызг	SA2012	цIцIи́хьи		
цIцIихьидар	брызги	SA2012	цIцIи́хьидар		
цIцIоб	жалость	SA2012	цIцIоб		
цIцIогьор	вор	SA2012	цIцIогьо́р		
цIцIогьордар	воровство	AA2019	цIцIогьо́рдар		
цIцIогьорир	воровство	AA2019+SA2012	цIцIогьо́рир		
цIцIойабир	трусость	AA2019	цIцIо́йабир		
цIцIойав	педераст	AA2019	цIцIо́йав	-ал	
цIцIолъи	педерастия	AA2019	цIцIолъи́		
цIцIотI	черви	AA2019	цIцIотI		
цIцIохIотIи	как тебе не стыдно | трусишка	AA2019+SA2012	цIцIо́хIотIи		
цIцIуᴴй	орел | жаровня	SA2012	цIцIуᴴ/й		
цIцIуᴴйиди	цунтинцы	SA2012	цIцIуᴴйи́д/и		
цIцIуᴴйилъи	цунтинец	SA2012	цIцIуᴴйи́лъи		
цIцIудур	умник	SA2012	цIцIуду́р		
цIцIудурир	ум | чуткость	SA2012	цIцIуду́рир		
цIцIуй	предмет для печения зерна	AA2019	цIцIуй		
цIцIуйкьи	название местности	AA2019	цIцIуйкьи		
цIцIуку	шкура	SA2012	цIцIу́к/у		
цIцIукIа	трус	SA2012	цIцIукIа́		
цIцIукIна	трус	SA2012	цIцIукIна́		
цIцIундир	сосание	SA2012	цIцIу́ндир		
цIцIундичIир	водонепроницаемость	AA2019	цIцIу́ндичIир		
цIцIункIкIир	вершина | острота | заострение	SA2012	цIцIу́нкIкIир		
цIцIунххи	обыск	AA2019	цIцIу́нххи		
цIцIунххир	обыск	SA2012	цIцIу́нххир		
цIцIурдир	выжимки	SA2012	цIцIу́рдир		
цIцIуру	Грузия	AA2019	цIцIу́ру		
цIцIурцIцIури	мороз	SA2012	цIцIурцIцIу́ри		
цебгучIада	неспроста	AA2019	це́бгучIада		
цебрахъилIи	односторонний	AA2019	цебра́хъилIи		
цебрешилъи	однолетний	AA2019	цебреши́лъи		
цебсассую	остальной	AA2019	цебса́ссую		
цебтайпа	однотипность	AA2019	цебтайпа́	-балъи	-лъи
цебулълъайр	объединение	AA2019	цебу́лълъайр		
цебулълъир	объединение	AA2019	цебу́лълъир		
цедер	пядь	AA2019	цедер		
цемент	цемент	SA2012	це́мент		
цили	опора	AA2019	цили́	-балъи	-лъи
цолъир	единение	AA2019	цо́лъир	-де	-лъи
ццIана	колючка	SA2012	ццIа́н/а		
ццебехъан	предводитель войска | вожак	SA2012	ццебе́хъан		
ццебехъанлъи	предводительство	SA2012	ццебе́хъанлъи		
ццевехъан	предводитель	AA2019	ццеве́хъан	-де	-иб
ццейехъан	предводительница	AA2019	ццейе́хъан		
ццентер	центнер	SA2012	цце́нтер		
ццентнер	центнер	AA2019	цце́нтнер		
ццех	цех	AA2019	ццех		
ццехIирир	хитрость	SA2012	цце́хIирир		
ццибуру	зима	AA2019+SA2012	ццибу́р\у | ццибу́ру	-де	-лъи
цциганав	цыган	AA2019	ццига́нав		
цциганай	цыганка	AA2019	ццига́най		
цциганал	цыгане	AA2019+SA2012	ццига́нал		
ццигар	сигара	AA2019	ццига́р		
ццигарет	сигарета	AA2019	ццигаре́т		
ццилина	целина	AA2019	ццилина́		
ццинагIал	троюродный брат или сестра	AA2019+SA2012	ццина́гIал		
ццирк	цирк	AA2019	ццирк		
ццицци	что-л. необычное	SA2012	цци́цци		
ццицци-кIикIи	фиалка	AA2019	цци́цци-кIи́кIи		
цциццикIикIи	фиалка	SA2012	цци́ццикIикIи		
ццудралъи	перстень	AA2019	ццудра́лъи	-абалъи	-лъи
ццудунбарщ	скороспелка | сорт раннеспелых абрикос	AA2019+SA2012	ццуду́нбарщ		
ццудуралъи	напёрсток	SA2012	ццудура́лъи		
ццунтур	см. су́ндуру	SA2012	ццунту́р		
ццури	дым	SA2012	ццу́р/и		
ццуралакIвар	дымление	SA2012	ццура́лакIвар		
ццуццулакIвар	тление	SA2012	ццуццу́лакIвар		
чIабакъи	неокрепший | некрепкий	SA2012	чIаба́къи		
чIабакъир	хрупкость	SA2012	чIаба́къир		
чIабар	пол	AA2019+SA2012	чIаба́р	-де	-илъи
чIабатIи	сера	AA2019+SA2012	чIаба́тIи		
чIабдайр	переклейка	AA2019	чIа́бдайр		
чIабдамна	подклейка	AA2019	чIабдамна́		
чIабдатахоб	множимое	AA2019	чIабда́тахоб		
чIабдир	клейкость	SA2012	чIа́бдир		
чIабкIелар	чавканье	SA2012	чIабкIе́лар		
чIабкIин	дикая картошка	AA2019	чIабкIин		
чIабчIар	липкость	SA2012	чIа́бчIар		
чIагвалъир	оживление	SA2012	чIа́гвалъир		
чIагода	живьём	SA2012	чIа́го(да)		
чIаго	живьём	SA2012	чIа́го(да)		
чIаголъи	животное	AA2019	чIа́голъи	-абалъи	-лъилъи
чIаголъир	живость	SA2012	чIа́голъир		
чIагъва	ритуальное блюдо	SA2012	чIа́гъва		
чIагьайр	увеселение	AA2019	чIагьа́йр		
чIагьир	радость	AA2019	чIа́гьир		
чIакIелар	плеск	SA2012	чIакIе́лар		
чIалатIар	порка	SA2012	чIала́тIар		
чIалгIо	измором	AA2019	чIалгIо́		
чIамалав	чамалинец	SA2012	чIа́малав		
чIамалай	чамалинка	SA2012	чIа́малай		
чIамалал	чамалинцы	SA2012	чIа́малал		
чIамучIир	нудность	SA2012	чIаму́чIир		
чIамчIадар	жевание	SA2012	чIа́мчIадар		
чIанда	ерунда	SA2012	чIанда́		
чIанда-хабар	нелепица	AA2019	чIанда́-хабар		
чIандил	ансалтинцы	SA2012	чIа́ндил		
чIандилув	ансалтинец	SA2012	чIа́ндилув		
чIандилуй	ансалтинка	SA2012	чIа́ндилуй		
чIанкIва	древесина	SA2012	чIа́нкIва		
чIантIи	блоха	SA2012	чIа́нтI/и		
чIанчIур	сорт слив	SA2012	чIанчIу́р		
чIара	нетель | злак	AA2019+SA2012	чIа́р/а | чIа́ра	-е	-лъи
чIарахъан	акушерка	AA2019	чIара́хъан	-де	-лъи
чIарахъанлъи	акушерство	AA2019	чIара́хъанлъи	-	-лъи
чIаргIир	скука | надоедание | надоедливость	AA2019+SA2012	чIа́ргIир		
чIаргIо	измором	AA2019	чIаргIо́		
чIарику	телка	SA2012	чIари́к/у		
чIаркIваххир	увядание	SA2012	чIа́ркIваххир		
чIарха	сорняк | бурьян	AA2019+SA2012	чIа́рх/а | чIа́рха	-е	-лъи
чIарчIа	шальной	AA2019	чIа́рчIа		
чIарчIану	вяленый сыр	SA2012	чIарчIа́/ну		
чIарчIаку	шалун	AA2019	чIарчIа́ку		
чIарчIидера	дополна	AA2019	чIа́рчIидера		
чIахIалъир	наглость	AA2019	чIахIа́лъир		
чIахъва	валежник	SA2012	чIа́хъв/а		
чIачIа	самогон	SA2012	чIачIа́		
чIачIадар	см. хханххущутар	SA2012	чIа́чIадар		
чIвакIелар	чавканье	SA2012	чIвакIе́лар//чIва́нкIи		
чIванкIи	чавканье | чмок | сильный удар кулаком по лицу	SA2012	чIвакIе́лар//чIва́нкIи | чIва́нкIи		
чIеркIва	лестница	SA2012	чIе́ркIв/а		
чIерти	большая деревянная кружка	SA2012	чIе́рти		
чIечIу	см. ло́кIи	SA2012	чIе́чIу		
чIечIуцIули	см. ло́кIицIули	SA2012	чIе́чIуцIули		
чIикварекIва	красавец	AA2019	чIиква́рекIва		
чIикварир	красота	AA2019+SA2012	чIиква́рир		
чIилар	искривление	SA2012	чIи́лар		
чIиндир	порка	SA2012	чIи́ндир		
чIинкIиллъи	остров	SA2012	чIинкIи́ллъ/и		
чIирдаб	дерево, с которого сняли плоды	SA2012	чIирда́б		
чIирдир	крошение | выдергивание	AA2019+SA2012	чIи́рдир		
чIиркIу	кусок шерстяной тряпки	AA2019	чIи́ркIу		
чIиркьидар	щелчок	SA2012	чIи́ркьидар		
чIиру	одуванчик	SA2012	чIи́ру		
чIирчIи	окрошка на молоке	SA2012	чIи́рчIи		
чIичIан	мелкие камушки | щебень | гравий	AA2019+SA2012	чIичIа́н | чIичIа́н(малъи)		
чIичIанмалъи	крошка	AA2019	чIичIа́н(малъи)		
чIичIи	название блюда	AA2019	чIи́чIи		
чIоди	развалина | назв. улицы в Ботлихе | развалины	AA2019+SA2012	чIо́ди		
чIоли	верёвочка | шнурок | полоска	AA2019+SA2012	чIо́ли	-е	-лъи
чIолорхъан	узда	AA2019	чIоло́рхъан	-де	-(и)лъи
чIунгъар	соленость | соленья	AA2019+SA2012	чIу́нгъар		
чIунгъир	солоноватость	SA2012	чIу́нгъир		
чIункIа	помет	SA2012	чIу́нкIа		
чIунтайр	порча	AA2019	чIу́нтайр		
чIунтар	порча	SA2012	чIу́нтар		
чIунтел	развалины	SA2012	чIунте́л		
чIурканир	изящество	SA2012	чIурка́нир		
чIурканлъи	изысканность	AA2019	чIурка́нлъи		-лъи
чIурхIар	гордость	SA2012	чIу́рхIар		
чIухIухъан	гордец	SA2012	чIухIу́хъа/н		
чIчIабдир	удар | умножение	SA2012	чIчIа́бдир		
чIчIагъа	галка	SA2012	чIчIа́гъ/а		
чIчIардир	бегство	SA2012	чIчIа́рдир		
чIчIарта	жижа	SA2012	чIчIа́рта		
чIчIатIу	ежевика	SA2012	чIчIа́тIу		
чIчIва	струна	SA2012	чIчIва		
чIчIвархъ	хлоп!	AA2019	чIчIва́рхъ		
чIчIе	доска | плита	SA2012	чIчIе		
чIчIеда	стелаж	AA2019	чIчIе́да		
чIчIел	строительный козел	SA2012	чIчIел		
чIчIигъа	чIчIа́гъа	SA2012	чIчIи́гъа		
чIчIидар	отдаление	SA2012	чIчIи́дар		
чIчIидир	узкий	SA2012	чIчIиди́р		
чIчIидирир	сужение	SA2012	чIчIи́дирир		
чIчIидо	отчужденность	AA2019	чIчIи́до		
чIчIидур	даль	SA2012	чIчIидур		
чIчIидурегучIа	невдалеке	AA2019	чIчIидуре́гучIа		
чIчIикара	ласточка	SA2012	чIчIи́кара		
чIчIинчIчIитIаб	см. чIчIирчIчIида́б	SA2012	чIчIи́нчIчIитIаб		
чIчIирдайр	давление	AA2019	чIчIи́рдайр		
чIчIирдар	сплющивание	SA2012	чIчIи́рдар		
чIчIирчIчIидаб	учащ. от чIчIирда́б | миарс. чIчIи́нчIчIитIаб	SA2012	чIчIирчIчIида́б		
чIчIирчIчIири	щебет	SA2012	чIчIирчIчIи́р/и		
чIчIуᴴй	линия | полоса	SA2012	чIчIуᴴй		
чабаги	коса	SA2012	чаба́г/и		
чабага	коса	AA2019	чабага		
чабахх	гравий	SA2012	чаба́хх		
чабдар	рассыпчатость	SA2012	ча́бдар		
чабдир	выливание	SA2012	ча́бдир		
чабдихаб	текучий	AA2019	чабдиха́б		
чабхха	ливень	SA2012	ча́бхха		
чабхъен	набег	SA2012	чабхъе́н		
чагIа	спиртной напиток	AA2019	чагIа		
чагур	чагур	SA2012	чагу́р		
чагъана	сани | старинный муз. инстр-т вроде скрипки | скрипка	AA2019+SA2012	чагъа́на	-абалъи	-лъи
чагьи	чай	AA2019+SA2012	чагь/и́ | чагьи́		
чагьиникI	чайник	SA2012	чагьи́никI		
чадайр	излечение	AA2019	ча́дайр	-де	-лъи
чадар	лечение	SA2012	ча́дар		
чадир	исцеление | выздоровление	AA2019+SA2012	ча́дир	-де	-лъи
чайдан	чайник	AA2019	чайда́н		
чайникI	чайник	AA2019	ча́йникI		
чайхана	чайхана	AA2019	чайхана́		
чакар	сахар | Чакар	AA2019+SA2012	чака́р		
чакмелъи	сапоги	AA2019+SA2012	чакме:лъи | чакме́лъи	сапоги	
чали	загон для скота	SA2012	чал/и́		
чалу	фитиль | шнурок	AA2019+SA2012	чал/у́ | чалу́		
чалухъир	кокетство	SA2012	чалу́хъир		
чамаскад	финик	AA2019+SA2012	чама́скад		
чан	охота | дичь | лань	AA2019+SA2012	чан	-е	-(и)лъи
чанахъан	охотник	AA2019+SA2012	чана́хъа/н | чана́хъан	-де	-лъи
чанахъанлъи	профессия охотника	SA2012	чана́хъанлъи		
чанта	карман | мн. -балъи, рп. от карман	AA2019+SA2012	чант/а́ | чанта́	-балъи	-лъи
чантикI	узда	SA2012	чанти́кI		
чанчир	кормление | воспитание	AA2019+SA2012	ча́нчир	-	-лъи
чанчихай	няня	AA2019	чанчиха́й		
чапар	гонец	AA2019+SA2012	чапа́р	-де	-алъи
чапи-чапи	плеск	SA2012	ча́пи-ча́пи		
чара	необходимость	SA2012	чар/а́		
чарагьунчIа	молодило | толстянка	SA2012	чара́гьунчIа		
чарайр	ожирение	AA2019	ча́райр	-де	-лъи
чарар	жирность	AA2019+SA2012	ча́рар	-	-лъи
чарба	большой нож	AA2019	чарба́		
чарма	чалма	AA2019+SA2012	чарм/а́ | ча́рма		
чарта	нож-тесак	SA2012	ча́рт/а		
чартахъ	шалаш	SA2012	чарта́хъ		
чарх	катушка | точило | точилка	AA2019+SA2012	чарх	чархе	чархилъи
чатир	шатёр | шалаш | зонт	AA2019+SA2012	чати́р	-де	-алъи
чахмакьур	кремень	SA2012	чахма́кьур		
чахотка	туберкулез	SA2012	чахо́тка		
чахъма	кремень	AA2019	чахъма́		
чахъма-томонги	мушкет	AA2019	чахъма́-томонги		
чахъмакьур	огниво	AA2019	чахъма́кьур	-де	-лъи
чахъуди	чанковцы	SA2012	ча́хъуд/и		
чахъулъи	чанковец	SA2012	ча́хъулъи		
чахъур	Чанко	SA2012	ча́хъур		
чахъуре	с. Чанко | сел. Чанко	AA2019	чахъуре		
чачанав	чеченец	SA2012	чача́нав		
чачанай	чеченка	AA2019	чача́най		
чачанал	чеченцы	AA2019+SA2012	чача́нал		
чачангьинкIкIва	крыса	SA2012	чача́нгьинкIкIв/а		
чачангьуркьа	см. гъу́ргъулгьуркьа	SA2012	чачангьу́ркьа		
чвархадайр	всплеск	AA2019	чва́рхадайр		
чвархи	всплеск	AA2019	чва́рхи	-е	-лъи
чварххи	звукоподражание выплескиваемой жидкости	SA2012	чва́рххи		
чвархъи	звукоподражание звону монет	SA2012	чва́рхъи		
чварчвадилар	клокотание	AA2019	чварчвади́лар		
чваххадир	течение	AA2019	чва́ххадир	-де	-лъи
чек	чек	AA2019	чек		
чемпион	чемпион	AA2019+SA2012	чемпио́н		
чемпионат	чемпионат	SA2012	чемпиона́т		
чемпионлъи	чемпионство	AA2019	чемпио́нлъи		
ченкер	см. кенче́р	SA2012	ченке́р		
чергеслъи	грациозность	AA2019	черге́слъи		
черкесай	черкешенка	AA2019	черке́сай		
черкесал	черкесы	AA2019	черке́сал		
четбер	четверть	SA2012	четбе́р		
чехай	чешка	AA2019	че́хай		
чехал	чехи	AA2019	че́хал		
чехаславакал	чехословаки	AA2019	чехаславакал		
чибдир	разброс	SA2012	чи́бдир		
чибдихаб	лейка	AA2019	чибдиха́б		
чибду-хъибду	вразброс	AA2019	чи́бду-хъи́бду		
чибдукьибдир	пляска	SA2012	чи́бдукьибдир		
чибчар	растрепанность	SA2012	чи́бчар		
чибчихъ	бахрома | початок | метелка	AA2019+SA2012	чибчи́хъ	-абалъи	-алъи
чикелар	переборка | тасовка	SA2012	чике́лар		
чикидир	тасовка	AA2019	чи́кидир		
чилай	шелк	AA2019	чила́й		
чилистонде	один из видов обуви	SA2012	чилистонде́		
чиллай	шелк	SA2012	чилла́й		
чин	чин | звание	AA2019+SA2012	чин		
чини	эмаль | изолятор	AA2019+SA2012	чин/и́ | чини́		
чинар	дуб	AA2019	чина́р		
чинкул	тряпки | тряпки ( женские наряды ) | половая тряпка	AA2019+SA2012	чи́нку/л | чи́нкул		
чинкул-къай	утиль	AA2019	чи́нкул-къа́й		
чир	сравнение	AA2019	чир		
чиран	стальной | напильник | сталь	AA2019+SA2012	чира́н	-де	-лъи
чирахъ	лампа | лампочка	AA2019+SA2012	чира́хъ	-абалъи	-алъи
чирти	центр Ботлиха	AA2019	чи́рти		
чиртикьи	название садового участка	AA2019	чи́ртикьи		
чит	ситец	AA2019+SA2012	чит		
чихол	чехол	AA2019	чихо́л		
чихотка	туберкулёз	AA2019	чихо́тка		
чичи	кисть | гроздь	AA2019+SA2012	чи́ч/и | чи́чи	-е	-илъи
чодулав	ездок	AA2019	чо́дула\в	-л	-вщуб
чонтогъа	небрежный	SA2012	чонто́гъа		
чорчол	водопад	AA2019+SA2012	чо́рчол	-де	-илъи
чорчолакьи	название садового участка	AA2019	чорчолакьи́		
чотал	счёты	SA2012	чо́тал	счёты	
чуᴴгьатар	беготня	SA2012	чу́ᴴгьатар		
чуᴴгьир	бег	SA2012	чу́ᴴгьир		
чувашав	чуваш	SA2012	чува́шав		
чувашай	чувашка	SA2012	чува́шай		
чувашал	чуваши	SA2012	чува́шал		
чуги	маслобойка | глиняный сосуд для сбивания масла	AA2019+SA2012	чу́г/и | чу́ги		
чугьалахвар	беготня	AA2019	чу́гьалахвар	-де	-лъи
чугьир	бег | бегство | пробег	AA2019	чу́гьир		
чукIа	затычка деревянная | шпора | клин	AA2019+SA2012	чу́кI/а | чу́кIа		
чумадан	чемодан	AA2019	чумада́н		
чуркъа	газыри	AA2019	чуркъа		
чурпа	суп	AA2019+SA2012	чурп/а́ | чурпа́		
чурхъа	черкесска	AA2019	чу́рхъа		
чусса	пищевод	SA2012	чу́сс/а		
чухъа	черкеска	SA2012	чухъ/а́		
чучадар	шатание	AA2019	чу́чадар		
чучадир	мн. -де, рп.от шатание | мн. -де, рп.от бурда | пойло	AA2019+SA2012	чу́чадир	-де	-лъи
чучадутар	пахтанье	AA2019	чучаду́тар	-де	-лъи
чучар	масд. гл. чучи | расслабление	SA2012	чу́чар | чу́чар//чу́чир		
чучир	масд. гл. чучи | расслабление | ослабление	AA2019+SA2012	чу́чар//чу́чир | чу́чир	-де	-лъи
чучи-хухир	небрежность	SA2012	чу́чи-ху́хир		
чучихичIабир	непреклонность | непреклонный	AA2019	чу́чихичIабир	-де	-лъи
ччакквайр	желчение	AA2019	чча́кквайр	-	-лъи
ччаккуй	желтизна	AA2019	чча́ккуй		
ччаккур	желток | желтизна	AA2019+SA2012	чча́ккур	-де	-лъи
ччехI	худая скотина	SA2012	ччехI		
ччехIи	очень постное	AA2019	ччехIи		
ччим	годовалый козленок	SA2012	ччим		
ччимадахIул	худой козленок | о ком-либо худом	SA2012	ччима́дахIул		
ччимдир	испражнение	AA2019	ччи́мдир		
ччирччар	сумерки	AA2019	ччи́рччар		
ччита	брысь	AA2019	ччи́та		
ччубурир	мышцы | мясо без жира	SA2012	ччубу́рир		
ччугIихъан	рыбак	SA2012	ччугIи́хъа/н		
ччукIкIир	масд. гл. ччукIкIи | оползень	SA2012	ччу́кIкIир		
ччуччура	чур-чура	AA2019	ччуччура́		
шаᴴй	запах | вонь	SA2012	шаᴴй		
шаᴴйитIур	вонючка	AA2019	ша́ᴴйитIур		
шаᴴйтIур	полынь	SA2012	шаᴴйтIур		
шаби	стебель (сухой) кукурузы | сухие кукурузные стебли | кастрация	AA2019+SA2012	ша́би		
шабигьир	масд. гл. шабигьи́ | кастрация	SA2012	шаби́гьир		
шавалпурцIцIу	шавваль	SA2012	шава́лпурцIцIу		
шавкъ	страсть | состояние экстаза	SA2012	шавкъ		
шагIбан	август	AA2019	шагIба́н		
шагIбанпурцIцIу	шабан	SA2012	шагIба́нпурцIцIу		
шагIир	поэт	SA2012	шагIи́р		
шагь	шах	AA2019	шагь		
шагьав	шах	SA2012	ша́гьав		
шагьар	город	AA2019+SA2012	шагьа́р	-де	-алъи
шагьвал	октябрь	AA2019	шагьва́л		
шагьи	пять копеек | пятак	AA2019+SA2012	шагьи́		-лъи
шагьи-капек	мелочь	SA2012	шагьи́-капе́к		
шагьид	мученик	SA2012	шагьи́д		
шагьра	шоссе	SA2012	шагьра́		
шайба	шайба	AA2019	ша́йба		
шайка	шайка	AA2019	ша́йка		
шал	шерсть	AA2019	шал		
шалади	белединцы	SA2012	ша́лад/и		
шалалъи	белединец	SA2012	ша́лалъи		
шамдир	аллея | кивок | масд. гл. шамди	AA2019+SA2012	шамди́р | ша́мдир	-де	-лъи
шампански	шампанское	AA2019	шампа́нски		
шампун	шампунь	SA2012	шампу́н		
шаму	сало | нутряное сало	AA2019+SA2012	ша́му		
шамшир	высев	AA2019	шамши́р		
шаналакур	пройдоха | масд. гл. шаналаку́й | тухлость	AA2019+SA2012	шаналаку́р | шана́лакур	-де	-лъи
шандир	покос	SA2012	шанди́р		
шаншир	масд. гл. шанши́ | посев	SA2012	ша́ншир		
шапагIалъи	вознаграждение	AA2019	шапа́гIалъи		
шапагIат	добро	SA2012	шапа́гIат		
шапакъат	поощрение	AA2019	шапа́къат	-абалъи	-илъи
шапран	шафран	AA2019	шапра́н		
шар	шар	AA2019	шар		
шарбал	шаровары	SA2012	ша́рбал		
шарвар	шаровары	AA2019	шарва́р		
шаргI	закон | шариат	AA2019+SA2012	шаргI	-е	-илъи
шаригIат	шариат	AA2019	шари́гIат		
шарик	шарик	AA2019+SA2012	ша́рик		
шарп	шарф	AA2019	шарп		
шартI	условие	AA2019+SA2012	шартI		
шах	шах	AA2019	шах		
шахматабалъи	шахматы	AA2019+SA2012	шахмата́балъи | ша́хматабалъи		
шахта	шахта	AA2019	ша́хта		
шашликI	шашлык	AA2019	шашли́кI		
шваршвари	шорох	AA2019	шваршва́ри		
шведав	швед	SA2012	шве́дав		
шведай	шведка	SA2012	шве́дай		
шведал	шведы	SA2012	шве́дал		
шиведай	шведка	AA2019	шиведа́й		
шигIру	стихотворение	SA2012	ши́гIр/у		
шила	овечий навоз	AA2019	ши́ла		
шили	помёт	AA2019+SA2012	ши́ли		-лъи
шилиш	клейстер	AA2019+SA2012	шилиш | шили́ш		
шима	камыш | рогоз	AA2019+SA2012	шима | ши́ма		
шинел	шинель	AA2019	шине́л		
шипанер	шифоньер	SA2012	шипане́р		
шипер	шифер	SA2012	ши́пер		
ширдир	масд. гл. ширди́ | сытость	SA2012	ши́рдир		
шиша	бутылка	AA2019+SA2012	шиша́	-абалъи	-лъи
шишар	плетень | перегородка | плетёнка из прутьев ивы	AA2019+SA2012	шиша́р		
шомпул	шомпол	AA2019	шо́мпул		
шопер	шофер	SA2012	шо́пер		
шопир	шофер	AA2019	шо́пир		
шуба	шуба	AA2019	шу́ба		
шундир	нюханье | масд. гл. шунди́ | нюх	AA2019+SA2012	шу́ндир	-де	-лъи
шундихабна	табак нюхательный	SA2012	шундиха́бна		
шура-шура	кыш	SA2012	шура́-шура́		
шуршар	колыхание | трепет	AA2019	шурша́р | шу́ршар	-де	-лъи
шуршури	хруст | шуршание	SA2012	шуршу́ри		
щабщал	эфедра хвощевая	SA2012	ща́бщал		
щагIбанпурцIцIу	шабан	SA2012	щагIба́нпурцIцIу		
щагIихъан	горшечник	AA2019	щагIи́хъан	-де	-илъи
щагъа	помеха | озорство	AA2019+SA2012	ща́гъ/а | ща́гъа	-е	-лъи
щагъасар	озорство	AA2019	ща́гъасар		-лъи
щайитIан	сатана | улитка	AA2019	щайи́тIан	-де	-лъи
щайих	шейх | маг | святой	AA2019+SA2012	щайи́х	-абалъи	-алъи
щайтIан	улитка | шайтан | хитрец	SA2012	ща́йтIан		
щайтIане	название садового участка в Ботлихе	AA2019	щайтIане́		
щайтIанилъикъабалъа	гриб	SA2012	ща́йтIанилъикъаба́лъ/а		
щакакилар	ревность | подозрение | сомнение	AA2019+SA2012	щакаки́лар	-де	-лъи
щакир	сомнение | масд. гл. щаки́ | ревность	AA2019+SA2012	ща́кир		
щаклъи	сомнение	AA2019	щаклъи́	-балъи	-лъи
щаклъигучIир	несомненность	AA2019	щаклъи́гучIир	-де	-лъи
щакъи	чернила	AA2019+SA2012	щакъи́		
щакъитIур	чернильница	AA2019+SA2012	щакъи́тIур		
щалай	илистый	AA2019	щала́й		-лъи
щаллай	илистая вода	SA2012	щалла́й		
щамат	суббота	AA2019	щама́т		
щаматзив	суббота	SA2012	щама́тзив		
щамща	носовая часть лицевой кости | свисток	AA2019+SA2012	щамща | ща́мща		
щамщатIа	разновидность дикорастущего растения	AA2019	щамщатIа		
щантIих	дудка	AA2019	щантIи́х	-абалъи	-алъи
щапагIат	дар	SA2012	щапа́гIат		
щапка	фуражка	AA2019	ща́пка		
щара	осадок, остающийся после растапливания сливочного масла | снятое молоко | пахта	AA2019+SA2012	щара́ | ща́ра		-лъи
щардир	масд. гл. щарди | расклад	SA2012	ща́рдир		
щарща	разновидность дикорастущего растения	AA2019	щарща		
щарщал	см. ща́бщал	SA2012	ща́рщал		
щассе	шоссе	AA2019	щассе́		
щвантIихх	дудка	SA2012	щвантIи́хх		
щвартаду	врастяжку	AA2019	щва́ртаду		
щеба	башня сторожевая	SA2012	ще́б/а		
щекIи	жила | вена	AA2019+SA2012	ще́кI/и | ще́кIи	-е	-илъи
щекIваххваб	отсырелый	AA2019	щекIваххва́б		
щенги	бубен	AA2019+SA2012	ще́нг/и | ще́нги	-е	-лъи
щерка	головастик	SA2012	ще́рк/а		
щиᴴв	молоко	SA2012	щиᴴв		
щиᴴв-щара	молочные продукты	SA2012	щиᴴв-ща́ра		
щиᴴвкутар	масд. гл. щи́ᴴвкуталъи | распускание	SA2012	щиᴴвку́тар		
щиба	роса	AA2019+SA2012	щи́ба		
щибалакIвар	масд. гл. щибалакIвалъи | морось	SA2012	щиба́лакIвар		
щибур	склон	AA2019	щибур		
щивот	шевиот	AA2019	щиво́т		
щигат	щигат	AA2019+SA2012	щига́т	-абалъи	-илъи
щикIалат	шоколад	AA2019	щикIала́т		
щикалат	шоколад	SA2012	щикала́т		
щикиб	птица | воробей	AA2019+SA2012	щики́б	-де	-алъи
щина	волосы на лобковой части тела	AA2019	щи́на	-е	-лъи
щинтIир	уныние	AA2019	щи́нтIир		
щипер	шифер	AA2019	щи́пер		
щипон	шифон	AA2019	щипо́н		
щирдар	масд. гл. щирда́й | прогибание	SA2012	щи́рдар		
щирдир	выгиб	AA2019	щирдир	-де	-лъи
щирду	упругий	AA2019	щи́рду		
щирка	головастик	AA2019	щи́рка	-е	-лъи
щиру	воск	AA2019+SA2012	щи́ру		щирулъи
щирщар	заря	AA2019	щи́рщар		-лъи
щогъа	керамика | деревянная кровля | потолочный настил	AA2019+SA2012	що́гъ/а | що́гъа	-е	-(и)лъи
щогъалан	глиняные изделия	SA2012	що́гъалан		
щогъалъи	керамический | кровельный	AA2019	що́гъалъи		
щогъалъигьиᴴгьу	один из сортов груш	SA2012	що́гъалъигьиᴴгьу		
щокъир	масд. гл. щокъи́ | хворь	SA2012	що́къир		
щот	счет	AA2019	щот		
щоте	счеты	SA2012	що́те		
щотка	щётка	AA2019+SA2012	що́тк/а | що́тка	-е	-лъи
щотчик	электросчетчик	SA2012	що́тчик		
щубурир	бицепс | мякоть ( мяса )	AA2019+SA2012	щубу́рир	-де(е) | -де	-лъи
щукру	благодарение	SA2012	щу́кру		
щулалъир	укрепление | прочность | масд. гл. щулалъи	AA2019+SA2012	щула́лъир		-лъи
щулалъо	намертво	AA2019	щулалъо́		
щулийабир	прочность	AA2019	щули́йабир		
щулилав	один из категорий наследников по шариату	SA2012	щули́ла/в		
щундир	масд. гл. щунди | насыпь	SA2012	щу́ндир		
щункIа	пятка | каблук | копыто	AA2019+SA2012	щу́нкI/а | щу́нкIа	-е	-(и)лъи
щурун-къверкъ	черепаха	AA2019	щуру́н-къверкъ		
щурункъверкъ	черепаха	SA2012	щуру́нкъверкъ		
щущу	шёпот	SA2012	щу́щу		
щущукIвар	шёпот	SA2012	щу́щукIвар		
ъеъи	материал, подготовленный для изготовления масла	AA2019	ъе:ъи		
ъеъечу	курица	AA2019	ъеъечу		
эᴴэ	кукареку | курица	AA2019	эᴴэ | эᴴэ́		
эᴴэчу	курица	SA2012	эᴴэ́ч/у		
экIуйр	избыток	AA2019	экIу́йр	-	-лъи
экIусар	игра наподобие «чур-чур»	AA2019	э́кIусар		
экIухар	роскошество	AA2019	экIу́хар		
экIуцIцIери	кличка	SA2012	экIуцIцIе́р/и		
экIучIилар	баловство	AA2019	экIучIи́лар		
эли	макушка | кончик | край	AA2019+SA2012	э́л/и | эли | э́ли	-е	-илъи
элертIу	туфли	SA2012	эле́ртI/у		
элимикъа	макушка	SA2012	элими́къа		
эмайр	прореживание	AA2019	эма́йр		
эрга	очередь | ряд | слой	SA2012	эрга́		
эргъван	одеяло стёганое	SA2012	эргъва́н		
эркIел	здание	AA2019	эркIе́л	-де	-алъи
эркенир	освобождение | масд. гл. эркени́ | свобода	AA2019+SA2012	эрке́нир		-лъи
эркенлъи	свобода	AA2019	эрке́нлъи	-абалъи	-лъи
эрманийа	Армения	AA2019	эрмани́йа		-лъи
эрманийал	армяне	AA2019	э́рманийал		-уб
эрменийав	армянин	SA2012	эрме́нийав		
эрменийай	армянка	SA2012	эрме́нийай		
эрменийал	армяне	SA2012	эрме́нийал		
эрхалиссуб	сегодняшним вечером	SA2012	эрха́лиссуб		
эскурси	экскурсия	AA2019	эску́рси		
эту	утюг	AA2019+SA2012	э́т/у | э́ту		
этатар	лазанье	AA2019	э́татар		-лъи
этила-квата	нагишом	AA2019	э́тила-ква́та		
этир	упряжка | масд. гл. эти́ | подъем	AA2019+SA2012	э́тир	-де	-лъи:
эхун	мастер по металлу | кузня | кузнец	AA2019+SA2012	эху́н | э́хун		
эхунлъа	кузница | наковальня	SA2012	эху́нлъа		
эхунлъи	кузнечное мастерство	SA2012	эху́нлъи		
эшдалIахула	почём	AA2019	эшдалIа́хула		
эштулъила	каков	AA2019	эшту́лъила		
эъечу	петух	AA2019	эъе́чу	-абалъи	-лъи
мадина	Мадина (женское имя)	corpus	мадина		
хIадис	Хадис (мужское имя)	corpus	хIадис		
халифат	Халифат (женское имя)	corpus	халифат		
хадижат	Хадижат (женское имя)	corpus	хадижат		
хайжошка	Хайжошка (женское имя)	corpus	хайжошка		
тIимпоч	Тимпоч (мужское имя)	corpus	тIимпоч		
кадырова	Кадырова (фамилия)	corpus	кадырова		
абдулкадировна	Абдулкадировна (отчество)	corpus	абдулкадировна		
цIагъун	ЦIагъун (название местности)	corpus	цIагъун		
дагестан	Дагестан	corpus	дагестан		
хъалмухъ	Kalmyk (топоним)	corpus	хъалмухъ		
буйхе	Ботлих	corpus	буйхе		
ведану	Ведено	corpus	ведану		
видану	Ведено	corpus	видану		
москва	Москва	corpus	москва		
гIандил	шарик из теста	corpus	гIандил		
къун	противень	corpus	къун		
мадугьал	сосед	corpus	мадугьал		
ццибру	зима	corpus	ццибру		
оригами	оригами	corpus	оригами		
гьакIва	куст	corpus	гьакIва		
