pos	upper	lower	class_tag	status	source	ids	orig	note	gloss
ADV	аᴴгьибагъу	аᴴгьибагъу		attested	AA2019	35329	аᴴгьиба́гъу		отсутствие слышимости
ADV	аᴴгьибагъу	ангьибагъу		nasal_n	AA2019	35329	аᴴгьиба́гъу		отсутствие слышимости
ADV	аᴴгьихабив	аᴴгьихабив		attested	AA2019	35339	аᴴгьихаби́в		вслух
ADV	аᴴгьихабив	ангьихабив		nasal_n	AA2019	35339	аᴴгьихаби́в		вслух
ADV	аᴴгьихабу	аᴴгьихабу		attested	AA2019	35340	аᴴгьихабу́		чтобы было слышно
ADV	аᴴгьихабу	ангьихабу		nasal_n	AA2019	35340	аᴴгьихабу́		чтобы было слышно
ADV	аᴴгьихичIабу	аᴴгьихичIабу		attested	AA2019	35342	аᴴгьихичIабу́		так, чтобы не слышали
ADV	аᴴгьихичIабу	ангьихичIабу		nasal_n	AA2019	35342	аᴴгьихичIабу́		так, чтобы не слышали
ADV	аᴴгьо	аᴴгьо		attested	AA2019; SA2012	35344,35345,35346	аᴴгьо́		вслух
ADV	аᴴгьо	ангьо		nasal_n	AA2019; SA2012	35344,35345,35346	аᴴгьо́		вслух
ADV	абадади	абадади		attested	SA2012	35349,35350	а́бадади		никогда
ADV	абададила	абададила		attested	AA2019	35351	абада́дила		никоим образом
ADV	абадал-иллагьил	абадал-иллагьил		attested	SA2012	35352	а́бадал-иллагьил		см. а́бадади
ADV	абирха	абирха		attested	SA2012	35363	а́бирха		см. гъаби́ргъа
ADV	аза-азар	аза-азар		attested	SA2012	35522,35523	аза́-азар		по тысяче
ADV	аза-азаруда	аза-азаруда		attested	SA2012	35524,35525	а́за-азару́да		по тысяче
ADV	анщи	анщи		attested	AA2019; SA2012	35747,35749,35751,35753,35755	анщи́		сперва
ADV	анщи	анщиссуб		variant	SA2012	35747	анщи́		сперва
ADV	анщида	анщида		attested	AA2019; SA2012	35757,35759	анщи́да		разом
ADV	анщида-анщи	анщида-анщи		attested	SA2012	35761	анщи́да-а́нщи		всего раз
ADV	анщиданщи	анщиданщи		attested	AA2019	35762	анщи́данщи		только один раз
ADV	анщикIвала	анщикIвала		attested	AA2019; SA2012	35763,35765	анщикIва́ла		ни разу
ADV	анщила	анщила		attested	AA2019	35767	анщи́ла		еще раз
ADV	анщихвала	анщихвала		attested	SA2012	35768	анщихва́ла		хоть раз
ADV	анщихвалла	анщихвалла		attested	AA2019	35769	анщихва́лла		хотя бы один раз
ADV	анщиццуб	анщиццуб		attested	AA2019	35770	а́нщиццуб		как один раз
ADV	ара	ара		attested	AA2019; SA2012	35795,35797	а́ра		сюда
ADV	ару	ару		attested	AA2019; SA2012	35878,35880	а́ру		здесь
ADV	аруку	аруку		attested	AA2019; SA2012	35882,35884	ару́ку		отсюда
ADV	асар	асар		attested	AA2019; SA2012	35910,35915,35920,35925	аса́р		мало
ADV	асар-бекъин	асар-бекъин		attested	SA2012	35935	аса́р-бекъин		немного
ADV	асарда	асарда		attested	AA2019	35942	аса́рда		слегка
ADV	асардала	асардала		attested	AA2019	35943	аса́рдала		нисколько
ADV	асарла	асарла		attested	AA2019	35947	аса́рла		еще немного
ADV	асарссеа	асарссеа		attested	SA2012	35948	асарссе́а		недавно
ADV	асархвала	асархвала		attested	AA2019; SA2012	35949,35950,35951,35952	асархва́ла		малейший
ADV	асасар	асасар		attested	SA2012	35953,35954	а́сасар		незначительно
ADV	асасар-бикку	асасар-бикку		attested	AA2019	35955	асаса́р-би́кку		постепенно
ADV	асасарбикку	асасарбикку		attested	SA2012	35957	а́сасарбикку		понемногу
ADV	ассулу	ассулу		attested	AA2019; SA2012	35979,35980	ассулу́		поделом
ADV	ассулу	ассулу-дару		variant	AA2019	35981	ассулу́-дару́		см. ассулу́
ADV	ахакьуссу	ахакьуссу		attested	AA2019; SA2012	36014,36016	ахакьу́ссу		утром
ADV	ахакьуссуйдера	ахакьуссуйдера		attested	AA2019; SA2012	36018,36019	ахакьуссу́йдера		до утра
ADV	ахара	ахара		attested	AA2019; SA2012	36022,36023	ахара́		завтра
ADV	ахарайдера	ахарайдера		attested	AA2019	36024	ахара́йдера		до завтра
ADV	ахарассуб	ахарассуб		attested	AA2019; SA2012	36025,36027	ахара́ссуб		завтрашний
ADV	ахарахакьуссу	ахарахакьуссу		attested	AA2019	36029	ахара́хакьу́ссу		завтра утром
ADV	ахарахакьуссуйдера	ахарахакьуссуйдера		attested	AA2019	36030	ахара́хакьу́ссуйде́ра		наутро
ADV	ахареру	ахареру		attested	AA2019	36031	ахаре́ру		завтра
ADV	ахиралда	ахиралда		attested	SA2012	36051	ахи́ралда		в конце
ADV	ахиралдала	ахиралдала		attested	SA2012	36052	ахи́ралдала		см. ахи́рла
ADV	ахирла	ахирла		attested	SA2012	36057	ахи́рла		в конце концов
ADV	ахъвабакьи	ахъвабакьи		attested	SA2012	36065	ахъва́бакьи		в паху
ADV	ахъулу	ахъулу		attested	SA2012	36076	ахъу́лу		в очаге
ADV	бакъу	вакъу	m	class_var	SA2012	36162	б/а́къу		мирно
ADV	бакъу	йакъу	f	class_var	SA2012	36162	б/а́къу		мирно
ADV	бакъу	бакъу	n	class_var	SA2012	36162	б/а́къу		мирно
ADV	бакъу	ракъу	an.pl	class_var	SA2012	36162	б/а́къу		мирно
ADV	бакьилълъа	вакьилълъа	m	class_var	SA2012	36165	б/акьи́лълъа		в середине
ADV	бакьилълъа	йакьилълъа	f	class_var	SA2012	36165	б/акьи́лълъа		в середине
ADV	бакьилълъа	бакьилълъа	n	class_var	SA2012	36165	б/акьи́лълъа		в середине
ADV	бакьилълъа	ракьилълъа	an.pl	class_var	SA2012	36165	б/акьи́лълъа		в середине
ADV	бакьилълъаку	вакьилълъаку	m	class_var	SA2012	36166	б/акьи́лълъаку		посередине
ADV	бакьилълъаку	йакьилълъаку	f	class_var	SA2012	36166	б/акьи́лълъаку		посередине
ADV	бакьилълъаку	бакьилълъаку	n	class_var	SA2012	36166	б/акьи́лълъаку		посередине
ADV	бакьилълъаку	ракьилълъаку	an.pl	class_var	SA2012	36166	б/акьи́лълъаку		посередине
ADV	бакьу	вакьу	m	class_var	SA2012	36168,36169	б/а́кьу		в середине
ADV	бакьу	йакьу	f	class_var	SA2012	36168,36169	б/а́кьу		в середине
ADV	бакьу	бакьу	n	class_var	SA2012	36168,36169	б/а́кьу		в середине
ADV	бакьу	ракьу	an.pl	class_var	SA2012	36168,36169	б/а́кьу		в середине
ADV	бакьу-бакьу	вакьу-вакьу	m	class_var	SA2012	36170	б/а́кьу-б/а́кьу		изредка
ADV	бакьу-бакьу	йакьу-йакьу	f	class_var	SA2012	36170	б/а́кьу-б/а́кьу		изредка
ADV	бакьу-бакьу	бакьу-бакьу	n	class_var	SA2012	36170	б/а́кьу-б/а́кьу		изредка
ADV	бакьу-бакьу	ракьу-ракьу	an.pl	class_var	SA2012	36170	б/а́кьу-б/а́кьу		изредка
ADV	бакьу-ссеа	вакьу-ссеа	m	class_var	SA2012	36171	б/а́кьу-ссе́а		см. ба́кьу-ба́кьу
ADV	бакьу-ссеа	йакьу-ссеа	f	class_var	SA2012	36171	б/а́кьу-ссе́а		см. ба́кьу-ба́кьу
ADV	бакьу-ссеа	бакьу-ссеа	n	class_var	SA2012	36171	б/а́кьу-ссе́а		см. ба́кьу-ба́кьу
ADV	бакьу-ссеа	ракьу-ссеа	an.pl	class_var	SA2012	36171	б/а́кьу-ссе́а		см. ба́кьу-ба́кьу
ADV	бакьуссе	вакьуссе	m	class_var	SA2012	36172	б/а́кьуссе		изредка
ADV	бакьуссе	йакьуссе	f	class_var	SA2012	36172	б/а́кьуссе		изредка
ADV	бакьуссе	бакьуссе	n	class_var	SA2012	36172	б/а́кьуссе		изредка
ADV	бакьуссе	ракьуссе	an.pl	class_var	SA2012	36172	б/а́кьуссе		изредка
ADV	бекьараду	векьараду	m	class_var	AA2019; SA2012	36280,36705	б/екьараду́		поблизости
ADV	бекьараду	йекьараду	f	class_var	AA2019; SA2012	36280,36705	б/екьараду́		поблизости
ADV	бекьараду	бекьараду	n	class_var	AA2019; SA2012	36280,36705	б/екьараду́		поблизости
ADV	бекьараду	рекьараду	an.pl	class_var	AA2019; SA2012	36280,36705	б/екьараду́		поблизости
ADV	бекьарахи	векьарахи	m	class_var	SA2012	36281	б/екьара́хи		у основания
ADV	бекьарахи	йекьарахи	f	class_var	SA2012	36281	б/екьара́хи		у основания
ADV	бекьарахи	бекьарахи	n	class_var	SA2012	36281	б/екьара́хи		у основания
ADV	бекьарахи	рекьарахи	an.pl	class_var	SA2012	36281	б/екьара́хи		у основания
ADV	бекьару	векьару	m	class_var	SA2012	36282,36283	б/екьа́ру		рядом
ADV	бекьару	йекьару	f	class_var	SA2012	36282,36283	б/екьа́ру		рядом
ADV	бекьару	бекьару	n	class_var	SA2012	36282,36283	б/екьа́ру		рядом
ADV	бекьару	рекьару	an.pl	class_var	SA2012	36282,36283	б/екьа́ру		рядом
ADV	белIу	велIу	m	class_var	SA2012	36295	б/е́лIу		пешком
ADV	белIу	йелIу	f	class_var	SA2012	36295	б/е́лIу		пешком
ADV	белIу	белIу	n	class_var	SA2012	36295	б/е́лIу		пешком
ADV	белIу	релIу	an.pl	class_var	SA2012	36295	б/е́лIу		пешком
ADV	берша	верша	m	class_var	SA2012	36311	б/е́рша		взамен
ADV	берша	йерша	f	class_var	SA2012	36311	б/е́рша		взамен
ADV	берша	берша	n	class_var	SA2012	36311	б/е́рша		взамен
ADV	берша	рерша	an.pl	class_var	SA2012	36311	б/е́рша		взамен
ADV	бессуха	вессуха	m	class_var	SA2012	36313	б/ессу́ха		обратно
ADV	бессуха	йессуха	f	class_var	SA2012	36313	б/ессу́ха		обратно
ADV	бессуха	бессуха	n	class_var	SA2012	36313	б/ессу́ха		обратно
ADV	бессуха	рессуха	an.pl	class_var	SA2012	36313	б/ессу́ха		обратно
ADV	бесхъе	весхъе	m	class_var	SA2012	36314	б/есхъе́		позади
ADV	бесхъе	йесхъе	f	class_var	SA2012	36314	б/есхъе́		позади
ADV	бесхъе	бесхъе	n	class_var	SA2012	36314	б/есхъе́		позади
ADV	бесхъе	ресхъе	an.pl	class_var	SA2012	36314	б/есхъе́		позади
ADV	бехутIу	вехутIу	m	class_var	SA2012	36325,36326	б/еху́тIу		вслед
ADV	бехутIу	йехутIу	f	class_var	SA2012	36325,36326	б/еху́тIу		вслед
ADV	бехутIу	бехутIу	n	class_var	SA2012	36325,36326	б/еху́тIу		вслед
ADV	бехутIу	рехутIу	an.pl	class_var	SA2012	36325,36326	б/еху́тIу		вслед
ADV	бехутIу-ссеа	вехутIу-ссеа	m	class_var	SA2012	36328	б/еху́тIу-ссе́а//ссе		подряд
ADV	бехутIу-ссеа	йехутIу-ссеа	f	class_var	SA2012	36328	б/еху́тIу-ссе́а//ссе		подряд
ADV	бехутIу-ссеа	бехутIу-ссеа	n	class_var	SA2012	36328	б/еху́тIу-ссе́а//ссе		подряд
ADV	бехутIу-ссеа	рехутIу-ссеа	an.pl	class_var	SA2012	36328	б/еху́тIу-ссе́а//ссе		подряд
ADV	бехутIу-ссеа	ссе		variant	SA2012	36328	б/еху́тIу-ссе́а//ссе		подряд
ADV	беххуйдера	веххуйдера	m	class_var	SA2012	36343	б/ехху́йдера		столько
ADV	беххуйдера	йеххуйдера	f	class_var	SA2012	36343	б/ехху́йдера		столько
ADV	беххуйдера	беххуйдера	n	class_var	SA2012	36343	б/ехху́йдера		столько
ADV	беххуйдера	реххуйдера	an.pl	class_var	SA2012	36343	б/ехху́йдера		столько
ADV	бехъутIу	вехъутIу	m	class_var	SA2012	36347,36348	б/ехъу́тIу		кругом
ADV	бехъутIу	йехъутIу	f	class_var	SA2012	36347,36348	б/ехъу́тIу		кругом
ADV	бехъутIу	бехъутIу	n	class_var	SA2012	36347,36348	б/ехъу́тIу		кругом
ADV	бехъутIу	рехъутIу	an.pl	class_var	SA2012	36347,36348	б/ехъу́тIу		кругом
ADV	бечIуда	вечIуда	m	class_var	AA2019; SA2012	36368,36369,36370,36768,36769	б/ечIу́да		даром
ADV	бечIуда	йечIуда	f	class_var	AA2019; SA2012	36368,36369,36370,36768,36769	б/ечIу́да		даром
ADV	бечIуда	бечIуда	n	class_var	AA2019; SA2012	36368,36369,36370,36768,36769	б/ечIу́да		даром
ADV	бечIуда	речIуда	an.pl	class_var	AA2019; SA2012	36368,36369,36370,36768,36769	б/ечIу́да		даром
ADV	биххуйчIада	виххуйчIада	m	class_var	SA2012	36459	б/ихху́йчIада		постоянно
ADV	биххуйчIада	йиххуйчIада	f	class_var	SA2012	36459	б/ихху́йчIада		постоянно
ADV	биххуйчIада	биххуйчIада	n	class_var	SA2012	36459	б/ихху́йчIада		постоянно
ADV	биххуйчIада	риххуйчIада	an.pl	class_var	SA2012	36459	б/ихху́йчIада		постоянно
ADV	букIа-букIабулълъу	вукIа-вукIабулълъу	m	class_var	SA2012	36541	б/укIа́-б/укIабу́лълъу		на месте
ADV	букIа-букIабулълъу	йукIа-йукIабулълъу	f	class_var	SA2012	36541	б/укIа́-б/укIабу́лълъу		на месте
ADV	букIа-букIабулълъу	букIа-букIабулълъу	n	class_var	SA2012	36541	б/укIа́-б/укIабу́лълъу		на месте
ADV	букIа-букIабулълъу	рукIа-рукIабулълъу	an.pl	class_var	SA2012	36541	б/укIа́-б/укIабу́лълъу		на месте
ADV	букIабулълъу	вукIабулълъу	m	class_var	SA2012	36547	б/укIа́булълъу		на месте
ADV	букIабулълъу	йукIабулълъу	f	class_var	SA2012	36547	б/укIа́булълъу		на месте
ADV	букIабулълъу	букIабулълъу	n	class_var	SA2012	36547	б/укIа́булълъу		на месте
ADV	букIабулълъу	рукIабулълъу	an.pl	class_var	SA2012	36547	б/укIа́булълъу		на месте
ADV	букIабхIале	вукIабхIале	m	class_var	SA2012	36548	б/укIа́бхIале		как есть
ADV	букIабхIале	йукIабхIале	f	class_var	SA2012	36548	б/укIа́бхIале		как есть
ADV	букIабхIале	букIабхIале	n	class_var	SA2012	36548	б/укIа́бхIале		как есть
ADV	букIабхIале	рукIабхIале	an.pl	class_var	SA2012	36548	б/укIа́бхIале		как есть
ADV	бегъичIа	вегъичIа	m	class_var	AA2019	36695,36696,36697	б=егъичIа́		внезапно
ADV	бегъичIа	йегъичIа	f	class_var	AA2019	36695,36696,36697	б=егъичIа́		внезапно
ADV	бегъичIа	бегъичIа	n	class_var	AA2019	36695,36696,36697	б=егъичIа́		внезапно
ADV	бегъичIа	регъичIа	an.pl	class_var	AA2019	36695,36696,36697	б=егъичIа́		внезапно
ADV	бегъичIада	вегъичIада	m	class_var	AA2019	36701,36702	б=е́гъичIада		внезапно
ADV	бегъичIада	йегъичIада	f	class_var	AA2019	36701,36702	б=е́гъичIада		внезапно
ADV	бегъичIада	бегъичIада	n	class_var	AA2019	36701,36702	б=е́гъичIада		внезапно
ADV	бегъичIада	регъичIада	an.pl	class_var	AA2019	36701,36702	б=е́гъичIада		внезапно
ADV	бекьарадуку	векьарадуку	m	class_var	AA2019	36706,36707	б=екьараду́ку		с близкого расстояния
ADV	бекьарадуку	йекьарадуку	f	class_var	AA2019	36706,36707	б=екьараду́ку		с близкого расстояния
ADV	бекьарадуку	бекьарадуку	n	class_var	AA2019	36706,36707	б=екьараду́ку		с близкого расстояния
ADV	бекьарадуку	рекьарадуку	an.pl	class_var	AA2019	36706,36707	б=екьараду́ку		с близкого расстояния
ADV	бесхъа	весхъа	m	class_var	AA2019	36716	б=есхъа́		назад
ADV	бесхъа	йесхъа	f	class_var	AA2019	36716	б=есхъа́		назад
ADV	бесхъа	бесхъа	n	class_var	AA2019	36716	б=есхъа́		назад
ADV	бесхъа	ресхъа	an.pl	class_var	AA2019	36716	б=есхъа́		назад
ADV	бехутIу-ссе	вехутIу-ссе	m	class_var	AA2019	36730,36731	б=еху́тIу-ссе		одно за другим
ADV	бехутIу-ссе	йехутIу-ссе	f	class_var	AA2019	36730,36731	б=еху́тIу-ссе		одно за другим
ADV	бехутIу-ссе	бехутIу-ссе	n	class_var	AA2019	36730,36731	б=еху́тIу-ссе		одно за другим
ADV	бехутIу-ссе	рехутIу-ссе	an.pl	class_var	AA2019	36730,36731	б=еху́тIу-ссе		одно за другим
ADV	беххиларха	веххиларха	m	class_var	AA2019	36741,36742	б=еххила́рха		в длину
ADV	беххиларха	йеххиларха	f	class_var	AA2019	36741,36742	б=еххила́рха		в длину
ADV	беххиларха	беххиларха	n	class_var	AA2019	36741,36742	б=еххила́рха		в длину
ADV	беххиларха	реххиларха	an.pl	class_var	AA2019	36741,36742	б=еххила́рха		в длину
ADV	беххило	веххило	m	class_var	AA2019	36749	б=еххило́		долго
ADV	беххило	йеххило	f	class_var	AA2019	36749	б=еххило́		долго
ADV	беххило	беххило	n	class_var	AA2019	36749	б=еххило́		долго
ADV	беххило	реххило	an.pl	class_var	AA2019	36749	б=еххило́		долго
ADV	бехъутIуку	вехъутIуку	m	class_var	AA2019	36756	б=ехъу́тIуку		вокруг
ADV	бехъутIуку	йехъутIуку	f	class_var	AA2019	36756	б=ехъу́тIуку		вокруг
ADV	бехъутIуку	бехъутIуку	n	class_var	AA2019	36756	б=ехъу́тIуку		вокруг
ADV	бехъутIуку	рехъутIуку	an.pl	class_var	AA2019	36756	б=ехъу́тIуку		вокруг
ADV	бехъутIуру-бехъуту	вехъутIуру-вехъуту	m	class_var	AA2019	36757	б=ехъутIу́ру-бехъу́ту		вокруг
ADV	бехъутIуру-бехъуту	йехъутIуру-йехъуту	f	class_var	AA2019	36757	б=ехъутIу́ру-бехъу́ту		вокруг
ADV	бехъутIуру-бехъуту	бехъутIуру-бехъуту	n	class_var	AA2019	36757	б=ехъутIу́ру-бехъу́ту		вокруг
ADV	бехъутIуру-бехъуту	рехъутIуру-рехъуту	an.pl	class_var	AA2019	36757	б=ехъутIу́ру-бехъу́ту		вокруг
ADV	бечIеридера	вечIеридера	m	class_var	AA2019	36767	б=ечIериде́ра		дочерна
ADV	бечIеридера	йечIеридера	f	class_var	AA2019	36767	б=ечIериде́ра		дочерна
ADV	бечIеридера	бечIеридера	n	class_var	AA2019	36767	б=ечIериде́ра		дочерна
ADV	бечIеридера	речIеридера	an.pl	class_var	AA2019	36767	б=ечIериде́ра		дочерна
ADV	бечекIо	вечекIо	m	class_var	AA2019	36778,36779	б=ечекIо́		кратко
ADV	бечекIо	йечекIо	f	class_var	AA2019	36778,36779	б=ечекIо́		кратко
ADV	бечекIо	бечекIо	n	class_var	AA2019	36778,36779	б=ечекIо́		кратко
ADV	бечекIо	речекIо	an.pl	class_var	AA2019	36778,36779	б=ечекIо́		кратко
ADV	бигъидера	вигъидера	m	class_var	AA2019	36822	б=игъиде́ра		пока остановится
ADV	бигъидера	йигъидера	f	class_var	AA2019	36822	б=игъиде́ра		пока остановится
ADV	бигъидера	бигъидера	n	class_var	AA2019	36822	б=игъиде́ра		пока остановится
ADV	бигъидера	ригъидера	an.pl	class_var	AA2019	36822	б=игъиде́ра		пока остановится
ADV	бочIухо	вочIухо	m	class_var	AA2019	36972	б=очIухо́		крупно
ADV	бочIухо	йочIухо	f	class_var	AA2019	36972	б=очIухо́		крупно
ADV	бочIухо	бочIухо	n	class_var	AA2019	36972	б=очIухо́		крупно
ADV	бочIухо	рочIухо	an.pl	class_var	AA2019	36972	б=очIухо́		крупно
ADV	букIалла	вукIалла	m	class_var	AA2019	36989	б=укIа́лла		однако
ADV	букIалла	йукIалла	f	class_var	AA2019	36989	б=укIа́лла		однако
ADV	букIалла	букIалла	n	class_var	AA2019	36989	б=укIа́лла		однако
ADV	букIалла	рукIалла	an.pl	class_var	AA2019	36989	б=укIа́лла		однако
ADV	буккидера	вуккидера	m	class_var	AA2019	37015	б=уккиде́ра		до падения
ADV	буккидера	йуккидера	f	class_var	AA2019	37015	б=уккиде́ра		до падения
ADV	буккидера	буккидера	n	class_var	AA2019	37015	б=уккиде́ра		до падения
ADV	буккидера	руккидера	an.pl	class_var	AA2019	37015	б=уккиде́ра		до падения
ADV	багьанай	багьанай		attested	SA2012	37128	багьана́й		для виду
ADV	бажарерхи	бажарерхи		attested	AA2019	37155	бажаре́рхи		во всю мочь
ADV	байбахи	байбахи		attested	SA2012	37225	байбахи́		по краям
ADV	байлъи	байлъи		attested	SA2012	37242,37243	ба́йлъи		на краю
ADV	байлъику	байлъику		attested	SA2012	37244	ба́йлъику		с краю
ADV	бакIа-бахаро	бакIа-бахаро		attested	SA2012	37254	бакIа́-бахаро		подчистую
ADV	бакъабулълъа	бакъабулълъа		attested	SA2012	37287	бакъабу́лълъа		куда угодно
ADV	бакъабулълъуку	бакъабулълъуку		attested	SA2012	37288	бакъабу́лълъуку		откуда угодно
ADV	бакъерхи	бакъерхи		attested	AA2019; SA2012	37296,37298,37300	бакъе́рхи		свободно
ADV	бакъо	бакъо		attested	SA2012	37312,37313	бакъо́		ладно
ADV	бакьадахи	бакьадахи		attested	AA2019	37321	бакьада́хи		в середине
ADV	бакьилълъа	бакьилълъа		attested	AA2019	37332	бакьи́лълъа		в середине
ADV	бакьу	бакьу		attested	AA2019	37333,37334	ба́кьу		между
ADV	бакьу-ссеку	бакьу-ссеку		attested	AA2019	37335,37336	ба́кьу-ссе́ку		время от времени
ADV	балъго	балъго		attested	AA2019	37410	ба́лъго		тайно
ADV	балълъино	балълъино		attested	SA2012	37420,37421	балълъино́		см. балълъини́
ADV	баранлъи	баранлъи		attested	SA2012	37447,37448	бара́нлъи		см. бара́н
ADV	батIа	батIа		attested	AA2019; SA2012	37561,37564	батIа́		отдельно
ADV	батIа-батIа	батIа-батIа		attested	AA2019	37562,37563	батIа́-батIа́		отдельно
ADV	батIа	батIе		variant	SA2012	37564	батIа́//батIе́		отдельно
ADV	батIада	батIада		attested	SA2012	37567,37568	батIа́да		отдельно
ADV	батIе-батIе	батIе-батIе		attested	SA2012	37598	батIе́-батIе́		врозь
ADV	батIебу	батIебу		attested	AA2019; SA2012	37602,37607	батIе:бу		по-другому
ADV	батIи-батIебу	батIи-батIебу		attested	AA2019	37611	ба́тIи-батIе́бу		по-разному
ADV	бахидера	бахидера		attested	AA2019	37676	бахиде́ра		пока не ударит
ADV	бебаха	бебаха		attested	SA2012	37811	бе:баха		в горы
ADV	бебахи	бебахи		attested	SA2012	37812	бе:бахи		в горах
ADV	бела	бела		attested	SA2012	37819	бе:ла		в горы
ADV	беле	беле		attested	SA2012	37820	бе:ле		в горах
ADV	белеку	белеку		attested	SA2012	37821	бе:леку		с гор
ADV	бегъвакьи	бегъвакьи		attested	SA2012	37862	бе́гъвакьи		в сеновале
ADV	бегъида-бегъичIа	бегъида-бегъичIа		attested	SA2012	37863	бегъи́да-бегъи́чIа		незаметно
ADV	бегъу	бегъу		attested	AA2019; SA2012	37871,37879	бе́гъу		довольно
ADV	бегъу-мерхьу	бегъу-мерхьу		attested	AA2019	37887	бе́гъу-ме́рхьу		до отказа
ADV	бегьала	бегьала		attested	AA2019	37898	бе́гьала		по возможности
ADV	бегьихабу	бегьихабу		attested	AA2019; SA2012	37921,37922	бегьихабу́		прилично
ADV	бекIунеку	бекIунеку		attested	AA2019	38000	бекIуне́ку		изо всех углов
ADV	бекъа	бекъа		attested	AA2019; SA2012	38004,38005,38006,38011,38012	бе́къа		рано
ADV	бекъа-бекъа	бекъа-бекъа		attested	AA2019; SA2012	38007,38009	бе́къа-бе́къа		часто
ADV	бекъа	бекъада		variant	SA2012	38011,38012	бе́къа(да)		рано
ADV	бекъабугъа	бекъабугъа		attested	AA2019	38013,38014	бе́къабу́гъа		часто
ADV	бекъада	бекъада		attested	AA2019	38015,38016	бекъа́да		вскоре
ADV	бекъи-бекъинллълъи	бекъи-бекъинллълъи		attested	AA2019	38039	бекъи́-бекъи́нллълъи		половинками
ADV	бекъино	бекъино		attested	SA2012	38074,38075	бекъино́		ровно
ADV	бекъо	бекъо		attested	AA2019	38076	бекъо́		насухо
ADV	бекъуйдера	бекъуйдера		attested	AA2019	38085,38086	бекъуйде́ра		пока не высохнет
ADV	бекьару	бекьару		attested	AA2019	38097	бекьа́ру		поблизости
ADV	бекьаруку	бекьаруку		attested	AA2019	38098,38099	бекьару́ку		с близкого расстояния
ADV	бессуха	бессуха		attested	AA2019	38192	бессу́ха		назад
ADV	бессухаххинду	бессухаххинду		attested	AA2019	38194	бессу́хаххинду		в направлении назад
ADV	бесхъа-ссе	бесхъа-ссе		attested	AA2019	38197,38198	бесхъа́-ссе		взад-вперед
ADV	бесхъатIамичIада	бесхъатIамичIада		attested	SA2012	38199	бесхъатIамичIа́да		незамедлительно
ADV	бесхъаххинду	бесхъаххинду		attested	AA2019	38200,38201,38202	бесхъа́ххинду		назад
ADV	бесхъе	бесхъе		attested	AA2019; SA2012	38204,38206,38208,38210	бесхъе́		сзади
ADV	бесхъеку	бесхъеку		attested	AA2019	38212	бесхъе́ку		сзади
ADV	бесхъеруссуб	бесхъеруссуб		attested	AA2019	38213	бесхъе́руссуб		в заключение
ADV	бехутIуссе	бехутIуссе		attested	SA2012	38241	бехутIуссе́		подряд
ADV	беххиларха	беххиларха		attested	SA2012	38256,38257	беххила́рха		вдоль
ADV	бехъутIуру-бехъу тIу	бехъутIуру-бехъу тIу		attested	SA2012	38279	бехъутIу́ру-БЕХЪУ́ ТIУ	mwe	вокруг никого
ADV	бечекIо	бечекIо		attested	SA2012	38328	бече́кIо		коротко
ADV	бештичIа	бештичIа		attested	AA2019	38359	бештичIа́		см. бешти́
ADV	бещурди	бещурди		attested	SA2012	38390	бе́щурди		насилу
ADV	биххуйчIада	бигъичIада		variant	SA2012	38450	бигъи́чIада		см. бихху́йчIада
ADV	бигьа	бигьа		attested	AA2019	38471,38472	бигьа́		легко
ADV	бигьада	бигьада		attested	AA2019; SA2012	38474,38477	бигьа:да		легко
ADV	бигьаигьу	бигьаигьу		attested	SA2012	38478,38479	бигьа́игьу		тихо
ADV	бигьерхи	бигьерхи		attested	AA2019	38494	бигье́рхи		насыпью
ADV	битIив	битIив		attested	AA2019; SA2012	38644,38645,38646,38647,38648,38649,38650	битIи́в		прямо
ADV	битIираххинду	битIираххинду		attested	AA2019	38674,38675	битIира́ххинду		в правильную сторону
ADV	бичIчихабу	бичIчихабу		attested	AA2019	38786	бичIчихабу́		чтобы было понятно
ADV	боццидера	боццидера		attested	AA2019	38883	боцциде́ра		дотемна
ADV	боццу	боццу		attested	SA2012	38893	бо́ццу		темно
ADV	боццулахи	боццулахи		attested	AA2019; SA2012	38897,38898	боццу́лахи		впотьмах
ADV	бужихабу	бужихабу		attested	AA2019	38971	бужихабу́		внушительно
ADV	букIалала	букIалала		attested	SA2012	38981	букIа́лала		однако
ADV	булIалла	булIалла		attested	AA2019	39093	булIа́лла		чтобы ни случилось
ADV	булIаруди	булIаруди		attested	AA2019	39094	булIару́ди		после завершения
ADV	булIатакоруди	булIатакоруди		attested	AA2019	39095	булIа́такоруди		после завершения
ADV	булIидера	булIидера		attested	AA2019	39111,39112	булIиде́ра		до конца
ADV	бурдатакIоруди	бурдатакIоруди		attested	AA2019	39135	бурдатакIо́руди		во время взлёта
ADV	бэгъада	бэгъада		attested	SA2012	39285	бэ́:гъада		заметно
ADV	вакъу	вакъу	m	class_var	SA2012	39292	в/а́къу		мирно
ADV	вакъу	йакъу	f	class_var	SA2012	39292	в/а́къу		мирно
ADV	вакъу	бакъу	n	class_var	SA2012	39292	в/а́къу		мирно
ADV	вакъу	ракъу	an.pl	class_var	SA2012	39292	в/а́къу		мирно
ADV	вакьу-вакьу	вакьу-вакьу	m	class_var	SA2012	39294	в/а́кьу-в/а́кьу		иногда
ADV	вакьу-вакьу	йакьу-йакьу	f	class_var	SA2012	39294	в/а́кьу-в/а́кьу		иногда
ADV	вакьу-вакьу	бакьу-бакьу	n	class_var	SA2012	39294	в/а́кьу-в/а́кьу		иногда
ADV	вакьу-вакьу	ракьу-ракьу	an.pl	class_var	SA2012	39294	в/а́кьу-в/а́кьу		иногда
ADV	велIу	велIу	m	class_var	SA2012	39305	в/е́лIу		пешком
ADV	велIу	йелIу	f	class_var	SA2012	39305	в/е́лIу		пешком
ADV	велIу	белIу	n	class_var	SA2012	39305	в/е́лIу		пешком
ADV	велIу	релIу	an.pl	class_var	SA2012	39305	в/е́лIу		пешком
ADV	ветилаквата	ветилаквата	m	class_var	SA2012	39308	в/етилаква́та		нагишом
ADV	ветилаквата	йетилаквата	f	class_var	SA2012	39308	в/етилаква́та		нагишом
ADV	ветилаквата	бетилаквата	n	class_var	SA2012	39308	в/етилаква́та		нагишом
ADV	ветилаквата	ретилаквата	an.pl	class_var	SA2012	39308	в/етилаква́та		нагишом
ADV	векъанив	векъанив	m	class_var	AA2019	39365	в=екъани́в		наравне
ADV	векъанив	йекъанив	f	class_var	AA2019	39365	в=екъани́в		наравне
ADV	векъанив	бекъанив	n	class_var	AA2019	39365	в=екъани́в		наравне
ADV	векъанив	рекъанив	an.pl	class_var	AA2019	39365	в=екъани́в		наравне
ADV	векъунду	векъунду	m	class_var	AA2019	39367	в=екъу́нду		замолчать
ADV	векъунду	йекъунду	f	class_var	AA2019	39367	в=екъу́нду		замолчать
ADV	векъунду	бекъунду	n	class_var	AA2019	39367	в=екъу́нду		замолчать
ADV	векъунду	рекъунду	an.pl	class_var	AA2019	39367	в=екъу́нду		замолчать
ADV	векьару	векьару	m	class_var	AA2019	39368	в=екьа́ру		около
ADV	векьару	йекьару	f	class_var	AA2019	39368	в=екьа́ру		около
ADV	векьару	бекьару	n	class_var	AA2019	39368	в=екьа́ру		около
ADV	векьару	рекьару	an.pl	class_var	AA2019	39368	в=екьа́ру		около
ADV	вабил	вабил		attested	SA2012	39482	ваби́л		наоборот
ADV	вакьаралъа ввацIидера	вакьаралъа ввацIидера		attested	AA2019	39541	вакьа́ралъа ввацIиде́ра	mwe	по пояс
ADV	валларвай	валларвай		attested	SA2012	39563	валларва́й		поделом
ADV	ванхалълъару-бесхъа	ванхалълъару-бесхъа		attested	SA2012	39571	ванхалълъару-бесхъа		отроду
ADV	варе	варе		attested	SA2012	39589	варе́//варе́хха//воре́хха		обязательно
ADV	варе	варехха		variant	SA2012	39589	варе́//варе́хха//воре́хха		обязательно
ADV	варе	ворехха		variant	SA2012	39589	варе́//варе́хха//воре́хха		обязательно
ADV	вахIшиго	вахIшиго		attested	SA2012	39622	вахIши́го		беспощадно
ADV	вегъихичIо вулълъидера	вегъихичIо вулълъидера		attested	AA2019	39671	вегъихичIо́ вулълъиде́ра	mwe	до неузнаваемости
ADV	велълъадалъи	велълъадалъи		attested	AA2019	39696	велълъа́далъи		наездом
ADV	вера-верахху	вера-верахху		attested	SA2012	39705	вера-вера́хху		кубарем
ADV	вершо-вершо	вершо-вершо		attested	AA2019	39710	вершо́-вершо́		попеременно
ADV	вехутIуда	вехутIуда		attested	AA2019	39719	вехутIу́да		следом
ADV	вечIула-векъуда	вечIула-векъуда		attested	AA2019; SA2012	39736,39737	вечIула́-векъу́да		голышом
ADV	витIихабу	витIихабу		attested	AA2019	39825	витIихабу́		очень быстро
ADV	вити	вити		attested	AA2019	39828	ви́ти		вон
ADV	вихху	вихху		attested	AA2019	39843	ви́хху		наскоро
ADV	виъира вацIо	виъира вацIо		attested	AA2019	39857	виъира́ вацIо́	mwe	насмерть
ADV	виъичIада	виъичIада		attested	AA2019	39860	виъичIа́да		живьем
ADV	вулълъата	вулълъата		attested	AA2019	39903	ву́лълъата		при выходе
ADV	гIага-шагарга	гIага-шагарга		attested	SA2012	39948	гIага-шагарга		приблизительно
ADV	гIадада	гIадада		attested	AA2019; SA2012	39959,39960,39961,39962	гIада́да		напрасно
ADV	гIададагучIа	гIададагучIа		attested	AA2019	39963	гIадада́гучIа		недаром
ADV	гIадалирха	гIадалирха		attested	AA2019	39979	гIадали́рха		глупо
ADV	гIадигIада	гIадигIада		attested	AA2019	40008	гIади́гIада		наскоро
ADV	гIаксалда	гIаксалда		attested	SA2012	40087	гIа́ксалда		наоборот
ADV	гIамаб къайдади	гIамаб къайдади		attested	AA2019	40148	гIа́маб къайда́ди	mwe	вообще
ADV	гIассиго	гIассиго		attested	SA2012	40222	гIасси́го		истошно
ADV	гIассилъив	гIассилъив		attested	SA2012	40233	гIассилъи́в		беспощадно
ADV	гIедегIа	гIедегIа		attested	SA2012	40276	гIеде́гIа//гIеде́гIада		спешно
ADV	гIедегIа	гIедегIада		variant	SA2012	40276	гIеде́гIа//гIеде́гIада		спешно
ADV	гIиндидера	гIиндидера		attested	SA2012	40326	гIи́ндидера		досыта
ADV	гIумруди	гIумруди		attested	SA2012	40385	гIу́мруди		всю жизнь
ADV	гIумрулъи	гIумрулъи		attested	SA2012	40388	гIу́мрулъи(да)		вечно
ADV	гIумрулъи	гIумрулъида		variant	SA2012	40388	гIу́мрулъи(да)		вечно
ADV	гIумуруй	гIумуруй		attested	AA2019	40391	гIумуру́й		навечно
ADV	гIуруслълъиди	гIуруслълъиди		attested	SA2012	40413	гIуру́слълъиди		на русском
ADV	гала	гала		attested	SA2012	40471	гала́		так
ADV	галада	галада		attested	AA2019; SA2012	40473,40475	гала́да		также
ADV	галълъа	галълъа		attested	SA2012	40492	га́лълъа		туда
ADV	галълъада	галълъада		attested	SA2012	40493	га́лълъада		там же
ADV	галълъаку	галълъаку		attested	SA2012	40494	галълъа́ку		отсюда
ADV	гаруди	гаруди		attested	AA2019	40580	гару́ди		тогда
ADV	гашта	гашта		attested	AA2019; SA2012	40598,40600	гашта́		столько
ADV	гаштада	гаштада		attested	AA2019	40602	гашта́да		столь
ADV	гашталълъиди	гашталълъиди		attested	SA2012	40603	гашта́лълъиди		настолько
ADV	гаштана	гаштана		attested	SA2012	40604	гаштана́		настолько
ADV	гвангъаду	гвангъаду		attested	SA2012	40652	гва́нгъаду		ярко
ADV	гвангъо	гвангъо		attested	SA2012	40660	гвангъо́		ярко
ADV	гванзо	гванзо		attested	AA2019; SA2012	40673,40674	гванзо		хорошо
ADV	гваргвабигъо	гваргвабигъо		attested	SA2012	40676	гваргвабигъо́		начисто
ADV	голIору бесхъа	голIору бесхъа		attested	AA2019	40766	голIо́ру бесхъа	mwe	с тех пор
ADV	гола	гола		attested	SA2012	40767	гола́		так
ADV	голада	голада		attested	AA2019	40768	гола́да		также
ADV	голълъада	голълъада		attested	SA2012	40775	го́лълъада		там же
ADV	голълъаку	голълъаку		attested	AA2019; SA2012	40776,40777	голълъаку́		оттуда
ADV	горуди	горуди		attested	SA2012	40788	гору́ди//гору́гьуди		тогда
ADV	горуди	горугьуди		variant	SA2012	40788	гору́ди//гору́гьуди		тогда
ADV	гошта	гошта		attested	SA2012	40792	гошта́		столько
ADV	гошталълъиди	гошталълъиди		attested	SA2012	40793	гошта́лълъиди		настолько
ADV	гоштана	гоштана		attested	SA2012	40794	гоштана́		столько
ADV	гурхIа	гурхIа		attested	SA2012	40918	гу́рхIа		из жалости
ADV	гурхIихабу	гурхIихабу		attested	AA2019	40936	гу́рхIихабу		жалобно
ADV	гучIала	гучIала		attested	AA2019	40957	гучIа́ла		иначе
ADV	гъабирха	гъабирха		attested	SA2012	41023	гъаби́рха		в ширину
ADV	гъанкъатида	гъанкъатида		attested	AA2019	41121	гъа́нкъатида		душно
ADV	гъванакьи	гъванакьи		attested	SA2012	41245	гъванакьи́		у изголовья
ADV	гъваналъику	гъваналъику		attested	SA2012	41247	гъваналъи́ку		с начала
ADV	гъванигьала	гъванигьала		attested	SA2012	41299	гъва́нигьала		снизу вверх
ADV	гъванигьерда	гъванигьерда		attested	SA2012	41300	гъва́нигьерда		сверху вниз
ADV	гъваниххинду	гъваниххинду		attested	AA2019	41303	гъва́ниххинду		кувырком
ADV	гъванкьа	гъванкьа		attested	AA2019	41305	гъванкьа́		вниз головой
ADV	гъижихаххинду	гъижихаххинду		attested	AA2019	41366	гъижихаххи́нду		набок
ADV	гъижихи	гъижихи		attested	SA2012	41367	гъи́жихи		сбоку
ADV	гъиради	гъиради		attested	SA2012	41386	гъира:ди		охотно
ADV	гъирдилъи	гъирдилъи		variant	SA2012	41393	гъирди́лъи		см. гъибди́- лъи
ADV	гъункидо	гъункидо		attested	SA2012	41495	гъу́нкидо		плотно
ADV	гъуно	гъуно		attested	SA2012	41498	гъу́но		до отказа
ADV	гъурду-чурду	гъурду-чурду		attested	SA2012	41552	гъу́рду-чурду		вдребезги
ADV	гьаᴴгьа	гьаᴴгьа		attested	SA2012	41570	гьа:ᴴгьа		хорошо
ADV	гьаᴴгьа	гьангьа		nasal_n	SA2012	41570	гьа:ᴴгьа		хорошо
ADV	гьабагъабажа	гьабагъабажа		attested	SA2012	41593	гьабагъаба́жа		дружно
ADV	гьабмикъиди	гьабмикъиди		attested	SA2012	41621	гьа́бмикъиди		этот раз
ADV	гьабссагIати	гьабссагIати		attested	SA2012	41623	гьа́бссагIати		сейчас
ADV	гьабудагъвала	гьабудагъвала		attested	AA2019	41626	гьа́будагъвала		втройне
ADV	гьабудалIа	гьабудалIа		attested	AA2019	41628	гьабу́далIа		натрое
ADV	гьага	гьага		attested	AA2019	41645	гьа́га		больно
ADV	гала	гьагала		variant	SA2012	41651	гьа́гала		см. гала́
ADV	галада	гьагалада		variant	SA2012	41652	гьагала́да		см. гала́да
ADV	галълъада	гьагалълъада		variant	SA2012	41654	гьага́лълъада		см. га́лълъада
ADV	галълъаку	гьагалълъаку		variant	SA2012	41655	гьага́лълъаку		см. га́лълъаку
ADV	гашта	гьагашта		variant	SA2012	41668	гьага́шта		см. гашта́
ADV	гашталълъиди	гьагашталъиди		variant	SA2012	41669	гьагашта́лъиди		см. гашта́лъиди
ADV	гаштана	гьагаштана		variant	SA2012	41670	гьага́штана		см. гаштана́
ADV	гьагъада-бегъадалълъи	гьагъада-бегъадалълъи		attested	AA2019	41687	гьа́гъада-бе́гъадалълъи		явно
ADV	гьагъадо	гьагъадо		attested	AA2019	41689	гьа́гъадо		явно
ADV	гьагъихабулълъу	гьагъихабулълъу		attested	SA2012	41718	гьагъихабу́лълъу		на виду
ADV	гьада	гьада		attested	AA2019; SA2012	41733,41734	гьада		воочию
ADV	гьади	гьади		attested	AA2019; SA2012	41735,41737	гьа́ди		в глазах
ADV	гьай-гьай	гьай-гьай		attested	AA2019	41758	гьай-гьа́й		конечно
ADV	гьакьеру-гьакьа	гьакьеру-гьакьа		attested	AA2019	41806	гьакье́ру-гьа́кьа		еженедельно
ADV	гьакьурцIида	гьакьурцIида		attested	SA2012	41825	гьакьу́рцIида		семь раз
ADV	гьалIа	гьалIа		attested	AA2019	41833	гьа́лIа		здесь
ADV	гьала	гьала		attested	AA2019; SA2012	41835,41837	гьала́		так
ADV	гьалада	гьалада		attested	AA2019; SA2012	41841,41844,41845,41848,41849	гьала́да		просто так
ADV	гьаладу	гьаладу		attested	SA2012	41855	гьаладу́		подальше
ADV	гьалъа	гьалъа		attested	AA2019	41902	гьа́лъа		тут
ADV	гьалълъа	гьалълъа		attested	SA2012	41904,41905	гьа́лълъа		здесь
ADV	гьалълъаку	гьалълъаку		attested	AA2019; SA2012	41906,41907	гьалълъа́ку		отсюда
ADV	аруку	гьалълъаку		variant	SA2012	41909	гьа́лълъаку		см. ару́ку
ADV	гьанда	гьанда		attested	SA2012	41934	гьанда		ближе
ADV	гьанда	гьандаре		variant	SA2012	41934	гьанда		ближе
ADV	гьандаре	гьандаре		attested	AA2019	41938	гьандаре́		поблизости
ADV	гьанкъа	гьанкъа		attested	AA2019	41971	гьа́нкъа		домой
ADV	гьанкъе	гьанкъе		attested	AA2019	41982	гьа́нкъе		дома
ADV	ара	гьара		variant	SA2012	42003	гьа́ра		см. а́ра
ADV	гьара-гьаража	гьара-гьаража		attested	AA2019	42004	гьа́ра-гьара́жа		врукопашную
ADV	гьардукьи	гьардукьи		attested	SA2012	42016	гьа́рдукьи		на глазах
ADV	гьарзаго	гьарзаго		attested	SA2012	42018	гьарза́го		щедро
ADV	ару	гьару		variant	SA2012	42041	гьа́ру		см. а́ру
ADV	гьарчIчIаха	гьарчIчIаха		attested	AA2019	42048	гьа́рчIчIаха		на землю
ADV	гьарчIчIахи	гьарчIчIахи		attested	AA2019	42049	гьарчIчIа́хи		на землю
ADV	гьассагIати	гьассагIати		attested	AA2019	42055	гьассагIа́ти		сейчас
ADV	гьацIай	гьацIай		attested	AA2019	42065	гьа́цIай		в-десятых
ADV	гьацIарцIида	гьацIарцIида		attested	SA2012	42076	гьацIа́рцIида		десять раз
ADV	гьачIада микъиди	гьачIада микъиди		attested	AA2019	42110	гьачIа́да микъиди	mwe	вдевятеро
ADV	гьачIчIахи	гьачIчIахи		attested	SA2012	42125,42126	гьачIчIа́хи		наземь
ADV	гьачIчIахибешта	гьачIчIахивешта	m	class_var	SA2012	42127	гьачIчIа́хи/б/ешта		спокойно
ADV	гьачIчIахибешта	гьачIчIахийешта	f	class_var	SA2012	42127	гьачIчIа́хи/б/ешта		спокойно
ADV	гьачIчIахибешта	гьачIчIахибешта	n	class_var	SA2012	42127	гьачIчIа́хи/б/ешта		спокойно
ADV	гьачIчIахибешта	гьачIчIахирешта	an.pl	class_var	SA2012	42127	гьачIчIа́хи/б/ешта		спокойно
ADV	гьашда	гьашда		attested	AA2019	42133	гьашда́		столько
ADV	гьашта	гьашта		attested	SA2012	42134	гьашта́		столько
ADV	гьаштада	гьаштада		attested	AA2019	42135	гьашта́да		столь
ADV	гьаштана	гьаштана		attested	SA2012	42136	гьаштана́		столько
ADV	гьагъихабулълъу	гьаъахалълъа		variant	SA2012	42148	гьа́ъахалълъа		см. гьагъихабу́лълъу
ADV	гье	гье		attested	AA2019	42150	гье		наверх
ADV	гьелъабу	гьелъабу		attested	AA2019; SA2012	42152,42208	гье:лъа́бу		в будущем году
ADV	гьеа	гьеа		attested	SA2012	42153	гье́а		наверху
ADV	гьеа хъидерхи	гьеа хъидерхи		attested	AA2019	42155	гьеа хъиде́рхи	mwe	внешне
ADV	гьеада	гьеада		attested	SA2012	42163	гье́ада		наверху же
ADV	гьеаду	гьеаду		attested	SA2012	42165	гьеаду́		чуть выше
ADV	гьеаку	гьеаку		attested	SA2012	42170	гьеаку		сверху
ADV	гьеала	гьеала		attested	SA2012	42172,42173	гье́ала		вдобавок
ADV	гьеарахъи	гьеарахъи		attested	SA2012	42174	гьеара́хъи		наверху
ADV	гьеаххинду	гьеаххинду		attested	SA2012	42180,42181	гье́аххи́нду		вдобавок
ADV	гьебсса ссардо	гьебсса ссардо		attested	AA2019	42185	гье́бсса ссардо́	mwe	вкось
ADV	гьеку	гьеку		attested	AA2019	42195	гье́ку		сверху
ADV	гьекуда	гьекуда		attested	AA2019	42198,42199	гьеку́да		поверхностно
ADV	гьекукьа	гьекукьа		attested	AA2019	42200	гье́кукьа		сверху
ADV	гьела	гьела		attested	AA2019	42202,42204	гье́ла		дополнительно
ADV	гьеле	гьеле		attested	AA2019	42206	гьеле		в полдень
ADV	гьена	гьена		attested	AA2019; SA2012	42209,42210,42211	гье́на		теперь
ADV	гьенада	гьенада		attested	SA2012	42213,42214	гье́нада		пока
ADV	гьенада-гьена	гьенада-гьена		attested	SA2012	42215,42216	гье́нада-гье́на		так поздно
ADV	гьенайдера	гьенайдера		attested	AA2019; SA2012	42217,42218	гьена́йдера		до сих пор
ADV	гьенала	гьенала		attested	SA2012	42219,42220,42221	гье́нала		опять
ADV	гьеналъабу	гьеналъабу		attested	SA2012	42222,42223	гьеналъа́бу		в следующий раз
ADV	гьеналълъеру	гьеналълъеру		attested	SA2012	42224	гьеналълъе́ру		отныне
ADV	гьенахвала	гьенахвала		attested	AA2019	42227	гье́нахвала		наконец-то!
ADV	гьершина	гьершина		attested	SA2012	42242	гьерши́на		в этом году
ADV	гьехиндула	гьехиндула		attested	AA2019	42253	гье́хиндула		вдобавок
ADV	гьечIасар	гьечIасар		attested	AA2019	42261	гьечIаса́р		наименее
ADV	гьечIибесхъе	гьечIибесхъе		attested	SA2012	42266	гьечIи́бесхъе		в конце
ADV	гьечIида-гьечIи	гьечIида-гьечIи		attested	SA2012	42269	гьечIи́да-гьечIи		больше всего
ADV	гьечIиссе	гьечIиссе		attested	AA2019	42270	гьечIиссе́		во-первых
ADV	гьечIиссеа	гьечIиссеа		attested	SA2012	42271,42272,42273	гьечIиссе́а		сначала
ADV	гьечIиссеакуда	гьечIиссеакуда		attested	SA2012	42274	гьечIи́ссеакуда		с самого начала
ADV	гьечIиссеасуб	гьечIиссеасув	m	class_var	SA2012	42277	гьечIи́ссеасу/б		впервые
ADV	гьечIиссеасуб	гьечIиссеасуй	f	class_var	SA2012	42277	гьечIи́ссеасу/б		впервые
ADV	гьечIиссеасуб	гьечIиссеасуб	n	class_var	SA2012	42277	гьечIи́ссеасу/б		впервые
ADV	гьечIиссеасуб	гьечIиссеасул	an.pl	class_var	SA2012	42277	гьечIи́ссеасу/б		впервые
ADV	гьеъеха	гьеъеха		attested	AA2019	42281	гьеъе́ха		наверх
ADV	гьеъехи	гьеъехи		attested	AA2019	42282,42283	гьеъе́хи		наверху
ADV	гьеъехику	гьеъехику		attested	AA2019	42284	гьеъе́хику		сверху
ADV	гьеэхаду	гьеэхаду		attested	SA2012	42287,42288	гьеэ́:хаду		высоко
ADV	гьеэхи	гьеэхи		attested	SA2012	42289	гьеэ́:хи		наверху
ADV	гьеэхику	гьеэхику		attested	SA2012	42290	гьеэ́:хику		сверху
ADV	гьивдацеда	гьивдацеда		attested	AA2019	42352	гьи́вдацеда		в одиночку
ADV	гьиволда цеда	гьиволда цеда		attested	AA2019	42355	гьиво́лда це́да	mwe	наедине
ADV	гьикьа	гьикьа		attested	AA2019; SA2012	42370,42372	гьикьа́		вниз
ADV	гьикьа-гье	гьикьа-гье		attested	AA2019	42374	гьикьа-гье		штабелями
ADV	гьикьаду	гьикьаду		attested	AA2019; SA2012	42382,42384,42385	гьикьаду́		ниже
ADV	гьикьадуку	гьикьадуку		attested	AA2019	42386	гьикьаду́ку		низко
ADV	гьикьахинду	гьикьахинду		attested	AA2019	42389,42390	гьикьах(х)и́нду		вниз
ADV	гьикьахинду	гьикьаххинду		variant	AA2019	42389,42390	гьикьах(х)и́нду		вниз
ADV	гьикьаххинду	гьикьаххинду		attested	SA2012	42392	гьикьа́ххинду		вниз
ADV	гьикьерхи	гьикьерхи		attested	AA2019	42393	гьикье́рхи		воистину
ADV	гьикьи	гьикьи		attested	AA2019; SA2012	42394,42402	гьикьи		внизу
ADV	гьикьи-гьеа	гьикьи-гьеа		attested	SA2012	42404	гьикьи́-гье́а		друг на друга
ADV	гьикьику	гьикьику		attested	SA2012	42415	гьикьи́ку		снизу
ADV	гьикьику-гьеа	гьикьику-гьеа		attested	SA2012	42416	гьикьи́ку-гье́а		наверх
ADV	гьикьикуда	гьикьикуда		attested	AA2019	42417	гьикьи́куда		втайне
ADV	гьикьире	гьикьире		attested	AA2019	42431	гьикьире́		вверх ногами
ADV	гьикьиссуб-гьеа	гьикьиссуб-гьеа		attested	SA2012	42434	гьикьи́ссуб-гье́а		наизнанку
ADV	гьина	гьина		attested	AA2019; SA2012	42443,42445	гьи́на		внутрь
ADV	гьенада	гьинада		variant	SA2012	42448	гьи́нада		см. гье́нада
ADV	гьинаду	гьинаду		attested	AA2019	42449	гьи́наду		вглубь
ADV	гьенала	гьинала		variant	SA2012	42450	гьи́нала		см. гье́нала
ADV	гьиналълъару	гьиналълъару		attested	SA2012	42451	гьиналълъа́ру//гьинлъа́		см. гьеналълъе́ру бесхъа́
ADV	гьиналълъару	гьинлъа		variant	SA2012	42451	гьиналълъа́ру//гьинлъа́		см. гьеналълъе́ру бесхъа́
ADV	гьинаххинду	гьинаххинду		attested	AA2019; SA2012	42452,42453	гьинаххи́нду		вовнутрь
ADV	гьенайдера	гьиндана		variant	SA2012	42470	гьи́ндана		см. гьена́йдера
ADV	гьину-гьину	гьину-гьину		attested	AA2019	42481	гьи́ну-гьи́ну		временами
ADV	гьинуку	гьинуку		attested	AA2019; SA2012	42484,42486	гьину́ку		изнутри
ADV	гьинукуда	гьинукуда		attested	AA2019; SA2012	42488,42490	гьинуку́да		внутренне
ADV	гьинуру	гьинуру		attested	SA2012	42494	гьину́ру		изнутри
ADV	гьицIцIида	гьицIцIида		attested	SA2012	42581,42582	гьицIцIи́да		действительно
ADV	гьицIцIицIцIида	гьицIцIицIцIида		attested	AA2019	42583	гьицIцIицIцIи́да		впрямь
ADV	гола	гьогола		variant	SA2012	42600	гьогола́		см. гола́
ADV	голълъада	гьоголълъада		variant	SA2012	42602	гього́лълъада		см. го́лълъада
ADV	голълъаку	гьоголълъаку		variant	SA2012	42603	гього́лълъаку		см. го́лълъаку
ADV	гошта	гьошта		variant	SA2012	42632	гьошта́		см. гошта́
ADV	гошталълъиди	гьошталълъиди		variant	SA2012	42633	гьошта́лълъиди		см. гошта́лълъиди
ADV	гоштана	гьоштана		variant	SA2012	42634	гьошта́на		см. гоштана́
ADV	гьула	гьула		attested	AA2019	42686	гьу́ла		так
ADV	гьула-гьала булълъала	гьула-гьала булълъала		attested	AA2019	42687	гьу́ла-гьа́ла булълъа́ла	mwe	на всякий случай
ADV	гьулада	гьулада		attested	AA2019	42689	гьула́да		также
ADV	гьулла	гьулла		attested	SA2012	42692	гьулла́		так
ADV	гьуллада	гьуллада		attested	SA2012	42693	гьулла́да		так же
ADV	гьуллакIа	гьуллакIа		attested	SA2012	42694	гьуллакIа́		так же
ADV	гьулъа гьеххиндера	гьулъа гьеххиндера		attested	AA2019	42695	гьу́лъа гье́ххиндера	mwe	при всём том
ADV	гьулълъа	гьулълъа		attested	SA2012	42696	гьу́лълъа		туда
ADV	гьулълъада	гьулълъада		attested	SA2012	42697,42698	гьу́лълъада		там же
ADV	гьулълъаку	гьулълъаку		attested	SA2012	42699	гьу́лълъаку		оттуда
ADV	гьулълъакуда	гьулълъакуда		attested	AA2019; SA2012	42700,42702,42703	гьу́лълъакуда		с ходу
ADV	гьулълъару-бесхъа	гьулълъару-бесхъа		attested	SA2012	42704	гьулълъа́ру-бесхъа		с тех пор
ADV	гьурудила	гьурудила		attested	SA2012	42775,42776	гьуру́дила		вдобавок
ADV	гьушта	гьушта		attested	AA2019; SA2012	42783,42785	гьушта́		столько
ADV	гьуштада	гьуштада		attested	AA2019	42787	гьушта́да		столь
ADV	гьуштана	гьуштана		attested	SA2012	42788	гьушта́на		столько
ADV	дагIимда	дагIимда		attested	AA2019	42813	дагIи́мда		обыкновенно
ADV	даимда	даимда		attested	AA2019	42832	даимда		зачастую
ADV	дала	дала		attested	AA2019	42847	дала́		так
ADV	дамдабигъо	дамдабигъо		attested	SA2012	42858	да́мдабигъо		до краев
ADV	данда	данда		attested	AA2019; SA2012	42866,42869	да́нда		навстречу
ADV	данда-букъу	данда-букъу		attested	AA2019	42870	данда-букъу		наперерез
ADV	данда-гъанда	данда-гъанда		attested	SA2012	42872,42873	да́нда-гъа́нда		приблизительно
ADV	дандабукко	дандабукко		attested	SA2012	42876	дандабукко́		соответственно
ADV	дандаххинду	дандаххинду		attested	SA2012	42908,42909	да́ндаххинду		навстречу
ADV	дарцвалъи	дарцвалъи		attested	SA2012	42948	да́рцвалъи		см. да́хIца- балъи
ADV	даъимда	даъимда		attested	AA2019	42958	даъи́мда		вообще
ADV	дегъа	дегъа		attested	SA2012	42973	дегъа́		не знаю
ADV	джандарманалълъа	джандарманалълъа		attested	SA2012	43035,43036	джандарма́налълъа		в ад
ADV	дола	дола		attested	AA2019	43159	дола́		так
ADV	долла	долла		attested	SA2012	43161	до́лла		так
ADV	долълъаку	долълъаку		attested	AA2019; SA2012	43167,43169	до́лълъаку		оттуда
ADV	доштада	доштада		attested	AA2019	43180	дошта́да		столь
ADV	дошталълъиди	дошталълъиди		attested	SA2012	43181	дошта́лълъиди		настолько
ADV	завале	завале		attested	AA2019	43416	завале́		на высшем уровне
ADV	загьиро	загьиро		attested	SA2012	43458	загьи́ро		явно
ADV	залида	залида		attested	AA2019	43496	зали́да		очень
ADV	залли	залли		attested	SA2012	43503,43504	за́лли		слишком
ADV	зама-заманади	зама-заманади		attested	AA2019; SA2012	43506,43507	зама-зама́нади		временами
ADV	зама-заманалъи	зама-заманалъи		attested	SA2012	43509	зама́-заманалъи		см. ба́кьу-ссеа
ADV	зама-замане	зама-замане		attested	SA2012	43511	зама́-замане		иногда
ADV	зама-заманеку	зама-заманеку		attested	AA2019	43512	зама-замане́ку		время от времени
ADV	замагучIи	замагучIи		attested	AA2019	43513	зама́гучIи		некогда
ADV	заманай	заманай		attested	SA2012	43523	замана́й		временно
ADV	занкIун	занкIун		attested	SA2012	43544	за́нкIун		битком
ADV	захIматго	захIматго		attested	SA2012	43632	захIма́тго		тяжело
ADV	зивданицIцIу	зивданицIцIу		attested	SA2012	43675	зи́вданицIцIу		ежедневно
ADV	зукIкIу	зукIкIу		attested	SA2012	43740	зу́кIкIу		немного
ADV	зукIкIукIавлIарубесхъа	зукIкIукIавлIарубесхъа		attested	AA2019	43744	зу́кIкIукIа́влIарубесхъа		с малых лет
ADV	зулмуди	зулмуди		attested	SA2012	43757	зу́лмуди		насильно
ADV	ибчичIада	ибчичIада		attested	AA2019	43852	ибчи́чIада		заглазно
ADV	идахоб-гучIаб	идахоб-гучIаб		attested	AA2019	43934	и́дахоб-гу́чIаб		всего-навсего
ADV	иддерхи	иддерхи		attested	SA2012	43937	идде́рхи		как угодно
ADV	идерхи	идерхи		attested	AA2019	43939	и́дерхи		по твоему желанию
ADV	идо	идо		attested	SA2012	43952	идо́		по желанию
ADV	иллагьи-биллагьи	иллагьи-биллагьи		attested	SA2012	44043	и́ллагьи-биллагьи		категорически
ADV	имуйгъалу	имуйгъалу		attested	AA2019	44085	иму́йгъалу		ради отца
ADV	ина	ина		attested	AA2019; SA2012	44093,44095	и́на		куда
ADV	инабукIалла	инабукIалла		attested	SA2012	44097	и́набукIа:лла		куда-нибудь
ADV	инабукIалла	инабукIалала		variant	SA2012	44097	и́набукIа:лла		куда-нибудь
ADV	инакIвала	инакIвала		attested	SA2012	44100	инакIва́ла		никуда
ADV	инала	инала		attested	SA2012	44101	и́нала		куда
ADV	иналъила	иналъила		attested	AA2019	44102	и́налъила		куда
ADV	инахвада	инахвада		attested	AA2019	44105	инахва́да		куда-то
ADV	инахвала	инахвала		attested	AA2019; SA2012	44106,44107	инахва́ла		куда-то
ADV	инахула	инахула		attested	SA2012	44108	и́нахула		куда
ADV	инаххинду	инаххинду		attested	SA2012	44109	инаххи́нду		куда
ADV	инда	инда		attested	AA2019; SA2012	44121,44123,44124	и́нда		когда
ADV	индагIала	индагIала		attested	AA2019	44126	индагIа́ла		вовсе
ADV	индагIалай	индагIалай		attested	AA2019	44129	индагIала́й		навечно
ADV	индагIалла	индагIалла		attested	SA2012	44132	индагIа́лла		постоянно
ADV	индайдерала	индайдерала		attested	SA2012	44133	индайде́рала		до каких пор
ADV	индайдералъила	индайдералъила		attested	SA2012	44134	индайде́ралъила		до каких пор
ADV	индайдерахула	индайдерахула		attested	SA2012	44135	индайде́рахула		до каких пор
ADV	индакIвала	индакIвала		attested	AA2019; SA2012	44136,44138	и́ндакIвала		никогда
ADV	индала	индала		attested	SA2012	44140	и́ндала		когда
ADV	индалъила	индалъила		attested	SA2012	44141	индалъила		когда
ADV	индалълъерубесхъа	индалълъерубесхъа		attested	SA2012	44143	индалълъе́рубесхъа		с каких пор
ADV	индалълъерубесхъа	индалълъерубесхъалъила		variant	SA2012	44143	индалълъе́рубесхъа		с каких пор
ADV	индахвала	индахвала		attested	AA2019; SA2012	44144,44145	индахва́ла		когда-либо
ADV	индахула	индахула		attested	SA2012	44146	и́ндахула		когда
ADV	инду-индуди	инду-индуди		attested	AA2019	44162	и́нду-и́ндуди		вразнобой
ADV	инду-индуй	инду-индуй		attested	AA2019	44163	и́нду-инду́й		вразнобой
ADV	инкваквабулIа	инкваквабулIа		attested	AA2019	44241	инкваква́булIа		направо
ADV	инкучIада	инкучIада		attested	AA2019	44250	инку́(й)чIада		натощак
ADV	инкучIада	инкуйчIада		variant	AA2019	44250	инку́(й)чIада		натощак
ADV	инлIохи	инлIохи		attested	SA2012	44267	инлIо́хи		медленно
ADV	инла	инла		attested	AA2019; SA2012	44268,44273	и́нла		как
ADV	инла-букIала	инла-букIала		attested	AA2019	44270	и́нла-букIа́ла		всячески
ADV	инла	инлала		variant	SA2012	44273	инла́/инла́ла		как ни
ADV	инлабукIалала	инлабукIалала		attested	SA2012	44276,44278	инла́букIа́лала		как попало
ADV	инлада-букIала	инлада-букIала		attested	AA2019	44279	инла́да-букIа́ла		как-никак
ADV	инлакIвала	инлакIвала		attested	AA2019; SA2012	44280,44282	инлакIва́ла		никак
ADV	инлахвала	инлахвала		attested	AA2019	44285	инлахва́ла		как-то
ADV	инлълъохи рикку	инлълъохи рикку		attested	AA2019	44306	инлълъо́хи ри́кку	mwe	мерно
ADV	интаралълъу	интаралълъу		attested	SA2012	44350	инта́ралълъу		за пазухой
ADV	ину	ину		attested	AA2019; SA2012	44366,44368,44369	и́ну		где
ADV	ину-хваᴴда	ину-хваᴴда		attested	AA2019	44370	и́ну-хва́ᴴда		где-то
ADV	ину-хваᴴда	ину-хванда		nasal_n	AA2019	44370	и́ну-хва́ᴴда		где-то
ADV	ину-хвалла	ину-хвалла		attested	AA2019	44371	и́ну-хва́лла		где-либо
ADV	инубукIалла	инубукIалла		attested	SA2012	44372,44373	и́нубукIалла		где-нибудь
ADV	инубукIалла	инубукIалала		variant	SA2012	44372,44373	и́нубукIалла		где-нибудь
ADV	инугIала	инугIала		attested	AA2019	44374	и́нугIала		всюду
ADV	инугIалла	инугIалла		attested	SA2012	44375	и́нугIалла		везде
ADV	инукIвала	инукIвала		attested	SA2012	44376	инукIва́ла		нигде
ADV	инукIвалаку	инукIвалаку		attested	AA2019	44377	инукIва́лаку		ниоткуда
ADV	инуку	инуку		attested	AA2019; SA2012	44378,44379	ину́ку		откуда
ADV	инукубукIала	инукубукIала		attested	AA2019	44380	инукубукIа́ла		откуда-нибудь
ADV	инукугIала	инукугIала		attested	AA2019; SA2012	44381,44383	инукугIа́ла		отовсюду
ADV	инукукIвала	инукукIвала		attested	AA2019	44385	инукукIва́ла		нигде
ADV	инукула	инукула		attested	SA2012	44386	инукула		откуда
ADV	инукулъила	инукулъила		attested	SA2012	44389	и́нукулъила		откуда
ADV	инукухваᴴда	инукухваᴴда		attested	AA2019	44391	инукухва́ᴴда		откуда-то
ADV	инукухваᴴда	инукухванда		nasal_n	AA2019	44391	инукухва́ᴴда		откуда-то
ADV	инукухвала	инукухвала		attested	AA2019	44392	инукухва́ла		откуда-либо
ADV	инукухула	инукухула		attested	SA2012	44393	и́нукухула		откуда
ADV	инула	инула		attested	SA2012	44394	и́нула		где
ADV	инула	инухула		variant	SA2012	44394	и́нула		где
ADV	инуссу-инала	инуссу-инала		attested	AA2019	44395	инуссу́-и́нала		везде
ADV	инуссубхула	инуссубхула		attested	SA2012	44396	и́нуссубхула		откуда
ADV	инуссуинала	инуссуинала		attested	SA2012	44397	инуссуи́нала		всюду
ADV	инухвалла	инухвалла		attested	SA2012	44398	инухва́лла		где-нибудь
ADV	инухула	инухула		attested	SA2012	44399	и́нухула		где
ADV	инучIала	инучIала		attested	AA2019	44400	инучIа́ла		повсюду
ADV	ирххайдера	ирххайдера		attested	AA2019	44503	и́рххайдера		докрасна
ADV	исибалълъу	исибалълъу		attested	SA2012	44519	иси́балълъу		в утробе
ADV	ихтилат-кепе	ихтилат-кепе		attested	SA2012	44602	ихтила́т-кепе́		весело
ADV	ихтилаталда	ихтилаталда		attested	SA2012	44603	ихтила́талда		весело
ADV	иша	иша		attested	AA2019; SA2012	44618,44620	и́ша		в дом
ADV	иши	иши		attested	SA2012	44640	и́ши		дома
ADV	ишта	ишта		attested	SA2012	44656,44657	ишта́(ла)		сколько
ADV	ишта	иштала		variant	SA2012	44656,44657	ишта́(ла)		сколько
ADV	иштакъваралла	иштакъваралла		attested	SA2012	44659	иштакъвара́лла		сколько необходимо
ADV	иштала	иштала		attested	SA2012	44660	ишта́ла		сколько
ADV	иштала	иштаххула		variant	SA2012	44660	ишта́ла		сколько
ADV	иштала	ишталъила		variant	SA2012	44660	ишта́ла		сколько
ADV	ишталълъиди	ишталълъиди		attested	SA2012	44663	ишта́лълъиди		насколько
ADV	иштуда	иштуда		attested	AA2019	44678	ишту́да		отлично
ADV	иштуй	иштуй		attested	AA2019	44685	иштуй		в-пятых
ADV	иштурцIида	иштурцIида		attested	SA2012	44689	ишту́рцIида		пять раз
ADV	ишхъа	ишхъа		attested	AA2019; SA2012	44694,44696	ишхъа́		домой
ADV	ишхъахинду	ишхъахинду		attested	AA2019	44698	ишхъа́хинду		восвояси
ADV	ишхъе	ишхъе		attested	AA2019; SA2012	44699,44701	ишхъе́		дома
ADV	йазихъго	йазихъго		attested	SA2012	44742	йази́хъго		бедно
ADV	йанхатакIоруди	йанхатакIоруди		attested	SA2012	44764	йа́нхатакIоруди		при родах
ADV	йараман	йараман		attested	SA2012	44785	йара́ман		негодяй
ADV	кIамцIи	кIамцIи		attested	SA2012	44923	кIамцIи́		вторично
ADV	кIамцIида	кIамцIида		attested	SA2012	44924	кIамцIи́да//кIе́да		дважды
ADV	кIамцIида	кIеда		variant	SA2012	44924	кIамцIи́да//кIе́да		дважды
ADV	кIанцIцIо	кIанцIцIо		attested	AA2019	44970,44971	кIа́нцIцIо		мелко
ADV	кIапIлигъвана	кIапIлигъвана		attested	AA2019	44976	кIа́пIлигъвана		капельку
ADV	кIаркIантIу	кIаркIантIу		attested	SA2012	44995	кIаркIа́нтIу		с хохотом
ADV	кIаркIарилълъи	кIаркIарилълъи		attested	SA2012	44997	кIаркIа́рилълъи		с хохотом
ADV	кIартIе	кIартIе		attested	SA2012	44999	кIартIе́		у входа
ADV	кIедала	кIедала		attested	AA2019	45100	кIе́дала		наедине
ADV	кIедалъа бекъино	кIедалъа бекъино		attested	AA2019	45103	кIе́далъа бекъино́	mwe	пополам
ADV	кIедалълъа	кIедалълъа		attested	AA2019	45104	кIе́далълъа		надвое
ADV	кIедамикъиди	кIедамикъиди		attested	SA2012	45106	кIе́дамикъиди		двукратно
ADV	кIейи	кIейи		attested	AA2019; SA2012	45107,45108	кIейи́		второй раз
ADV	кIейила	кIейила		attested	SA2012	45109	кIе́йи́ла		вторично
ADV	кIекIеда	кIекIеда		attested	AA2019	45113	кIекIе́да		попарно
ADV	кIекIкIвандо	кIекIкIвандо		attested	SA2012	45115	кIекIкIва́ндо		вдвое
ADV	кIеркьада	кIеркьада		attested	SA2012	45122	кIеркьа́да(ла)		с обеих сторон
ADV	кIеркьада	кIеркьадала		variant	SA2012	45122	кIеркьа́да(ла)		с обеих сторон
ADV	кIеркьахи	кIеркьахи		attested	SA2012	45123,45124	кIе́ркьахи		надвое
ADV	кIисда	кIисда		attested	SA2012	45144,45145	кIи́сда		в клочья
ADV	кIичIо	кIичIо		attested	SA2012	45188,45189	кIичIо́		криво
ADV	кIкIанцIцIо	кIкIанцIцIо		attested	SA2012	45243	кIкIанцIцIо́		мелко
ADV	кIкIвандо	кIкIвандо		attested	AA2019	45275	кIкIва́ндо		вперегиб
ADV	кIукIуце	кIукIуце		attested	SA2012	45323	кIу́кIуце		на корточках
ADV	кIутIиду	кIутIиду		attested	SA2012	45335	кIу́тIиду		сразу
ADV	капурда	капурда		attested	SA2012	45634,45635	капу́рда		безбожно
ADV	кваᴴгьакьу	кваᴴгьакьу		attested	SA2012	45757	ква́ᴴгьакьу		на рассвете
ADV	кваᴴгьакьу	квангьакьу		nasal_n	SA2012	45757	ква́ᴴгьакьу		на рассвете
ADV	кваᴴгьаруди	кваᴴгьаруди		attested	SA2012	45759	ква́ᴴгьаруди		на рассвете
ADV	кваᴴгьаруди	квангьаруди		nasal_n	SA2012	45759	ква́ᴴгьаруди		на рассвете
ADV	кваᴴгьидера	кваᴴгьидера		attested	SA2012	45761	ква́ᴴгьидера		до рассвета
ADV	кваᴴгьидера	квангьидера		nasal_n	SA2012	45761	ква́ᴴгьидера		до рассвета
ADV	квагIаб рахъидику	квагIаб рахъидику		attested	AA2019	45765	ква́гIаб рахъиди́ку	mwe	слева
ADV	квагIабрахъиди	квагIабрахъиди		attested	SA2012	45766	ква́гIабрахъиди		см. квачIи́кърахъиди
ADV	квагьакьуру	квагьакьуру		attested	AA2019	45771	квагьакьуру		перед рассветом
ADV	квагьидера	квагьидера		attested	AA2019	45773	ква́гьидера		всю ночь
ADV	квада	квада		attested	AA2019; SA2012	45776,45778	ква́да		на руки
ADV	квада-бацIерхи	квада-бацIерхи		attested	AA2019	45780	ква́да-бацIе́рхи		вслепую
ADV	квадабацIаб	квадабацIаб		attested	SA2012	45783	квадабацIа́б		см. ба́къа-бакъаб
ADV	квадабацIихабулълъу	квадабацIихабулълъу		attested	SA2012	45784	ква́дабацIихабулълъу		на видном месте
ADV	кваду	кваду		attested	AA2019; SA2012	45786,45788	ква́ду		на руках
ADV	квадуку-квада	квадуку-квада		attested	SA2012	45790	ква́дуку-квада		из рук в руки
ADV	квана ссе	квана ссе		attested	AA2019	45813	квана́ ссе	mwe	незадолго
ADV	кванала	кванала		attested	AA2019	45815	квана́ла		еще
ADV	кванаре	кванаре		attested	SA2012	45822	ква́наре		на свету
ADV	кватIив	кватIив		attested	AA2019; SA2012	45859,45861,45862	кватIи́в		поздно
ADV	кватIидера	кватIидера		attested	AA2019	45863	ква́тIидера		допоздна
ADV	квачIикърахъида	квачIикърахъида		attested	SA2012	45893	квачIи́кърахъида		слева
ADV	кирихи	кирихи		attested	SA2012	46004	кири́хи		бесплатно
ADV	ккимаса	ккимаса		attested	SA2012	46064	кки́маса		в долг
ADV	кунтIуй	кунтIуй		attested	AA2019	46190	кунтIу́й		замуж
ADV	кунтIучIу	кунтIучIу		attested	AA2019	46191	кунтIу́чIу		замужем
ADV	кутакалда	кутакалда		attested	SA2012	46267	кута́калда		очень
ADV	къанагIат	къанагIат		attested	AA2019	46482	къана́гIат		изредка
ADV	къанагIатчIа	къанагIатчIа		attested	SA2012	46485	къана́гIатчIа		редко
ADV	къарзиди	къарзиди		attested	SA2012	46509	къа́рзиди		взаймы
ADV	къварабда	къварабда		attested	AA2019	46625	къвара́бда		между прочим
ADV	къварабугъу	къварабугъу		attested	SA2012	46626	къвара́бугъу		сколько угодно
ADV	къварала	къварала		attested	AA2019	46632	къвара́ла		сколько угодно
ADV	къвараруду	къвараруду		attested	AA2019	46637	къварару́ду		кстати
ADV	къваре	къваре		attested	AA2019	46643	къваре́		нужно
ADV	къварерхи	къварерхи		attested	AA2019; SA2012	46644,46645,46646,46647	къваре́рхи		вольно
ADV	къварикIеби	къварикIеби		attested	AA2019	46654	къварикIе́би		желательно
ADV	къварлъи	къварлъи		attested	AA2019	46681	къва́рлъи		без всяких затруднений
ADV	къваро	къваро		attested	SA2012	46682	къваро́		густо
ADV	къиндо	къиндо		attested	AA2019; SA2012	46793,46795	къиндо́		крепко
ADV	къинкъищо	къинкъищо		attested	AA2019; SA2012	46811,46813	къинкъищо́		накрепко
ADV	къинтIу	къинтIу		attested	SA2012	46816	къи́нтIу		на пятый день
ADV	къичада	къичада		attested	SA2012	46866	къича́да//къи́ча		тайно
ADV	къичада	къича		variant	SA2012	46866	къича́да//къи́ча		тайно
ADV	къокъидасса	къокъидасса		attested	SA2012	46874	къокъи́дасса		коротко
ADV	къоро	къоро		attested	AA2019; SA2012	46881,46883,46884	къоро́		зачем-то
ADV	кьалулав	кьалулав		attested	AA2019	47038	кьа́лулав		вояка
ADV	кьани	кьани		attested	AA2019	47054	кьа́ни		много
ADV	кьантIив	кьантIив		attested	AA2019	47085	кьа́нтIив		смело
ADV	кьантIо	кьантIо		attested	AA2019; SA2012	47091,47092	кьантIо́		крепко
ADV	кьваро	кьваро		attested	SA2012	47140	кьваро́		смело
ADV	кьони	кьони		attested	SA2012	47235	кьо́ни́//кьо́нихи		много
ADV	кьони	кьонихи		variant	SA2012	47235	кьо́ни́//кьо́нихи		много
ADV	кьуричIада	кьуричIада		attested	AA2019	47297	кьуричIа́да		непременно
ADV	лIурду	лIурду		attested	SA2012	47363,47364	лIу́рду		ползком
ADV	лаззате	лаззате		attested	SA2012	47430	лаззате́		хорошо
ADV	лъае гучIа	лъае гучIа		attested	AA2019	47594	лъа́е гу́чIа	mwe	без памяти
ADV	лълъелълъел	лълъелълъел		attested	AA2019	47670	лълъелълъел		редко
ADV	лълъимкъилълъи	лълъимкъилълъи		attested	SA2012	47698	лълъи́мкъилълъи		всхлипывая
ADV	лълъуᴴйхвалада	лълъуᴴйхвалада		attested	SA2012	47702	лълъуᴴйхва́лада		зачем-то
ADV	лълъуᴴйхвалада	лълъунйхвалада		nasal_n	SA2012	47702	лълъуᴴйхва́лада		зачем-то
ADV	лълъуеку-хвала	лълъуеку-хвала		attested	AA2019	47703	лълъуе́ку-хвала		отчего-либо
ADV	лълъунчIуку	лълъунчIуку		attested	AA2019	47710	лълъунчIуку		отчего
ADV	лълъунчIукухвала	лълъунчIукухвала		attested	AA2019	47711	лълъунчIукухвала		отчего-либо
ADV	лъунлъи букIала мусе	лъунлъи букIала мусе		attested	AA2019	47719	лъу́нлъи букIала́ мусе	mwe	взамен
ADV	машаллагь	машаллагь		attested	SA2012	47727	ма:шаллагь		замечательно
ADV	мадухале	мадухале		attested	SA2012	47827	ма́духале		по соседству
ADV	макьилъи	макьилъи		attested	SA2012	47936	ма́кьилъи		во сне
ADV	масала	масала		attested	AA2019	48052	маса́ла		вернее
ADV	масхъарай	масхъарай		attested	SA2012	48124	масхъара́й		в шутку
ADV	масхъарахIале	масхъарахIале		attested	SA2012	48129	масхъа́рахIале		в шутку
ADV	матIуццуб	матIуццуб		attested	SA2012	48143	ма́тIуццуб		очень чисто
ADV	мекъисса	мекъисса		attested	AA2019; SA2012	48332,48333	ме́къисса		наоборот
ADV	микъа	микъа		attested	AA2019; SA2012	48494,48496	ми́къа		на голове
ADV	микъаракьи	микъаракьи		attested	SA2012	48517	микъаракьи́		на потолке
ADV	микъи-бикку	микъи-бикку		attested	AA2019	48531	ми́къи-би́кку		по пути
ADV	микъиди	микъиди		attested	SA2012	48539	ми́къиди		в пути
ADV	милълъарахи	милълъарахи		attested	AA2019	48607	ми́лълъарахи		вечером
ADV	минуталъи	минуталъи		attested	AA2019	48632	минуталъи́		в одну минуту
ADV	минутеру-минута	минутеру-минута		attested	AA2019	48634	минуте́ру-минута́		ежеминутно
ADV	минццуб	минццуб		attested	SA2012	48636	минццу́б		как ты
ADV	мисалай	мисалай		attested	SA2012	48653	мисала́й		напоказ
ADV	мискинив	мискинив		attested	SA2012	48680	мискини́в		бедно
ADV	мискинирлъи	мискинирлъи		attested	SA2012	48685	миски́нирлъи		в бедности
ADV	михъи	михъи		attested	AA2019; SA2012	48747,48750	ми́хъи		на солнце
ADV	мугъаб	мугъаб		attested	SA2012	48868	мугъа́б		много
ADV	мугъерхи	мугъерхи		attested	AA2019	48877,48878,48879	му́гъерхи		достаточно
ADV	мугъидера	мугъидера		attested	AA2019; SA2012	48883,48884,48885	мугъиде́ра		в меру
ADV	мугъидера	муидара		variant	SA2012	48923	муи́дара		см. мугъи́дера
ADV	микъаракьи	мукъаракьи		variant	SA2012	48946	му́къаракьи		см. микъаракьи́
ADV	мусагучIа	мусагучIа		attested	AA2019	48992,48993	му́сагучIа		негде
ADV	мухIканго	мухIканго		attested	AA2019	49036	мухIка́нго		наверняка
ADV	мухIканив	мухIканив		attested	SA2012	49038,49039,49040	мухIкани́в//о́		надёжно
ADV	мухалъиццуб	мухалъиццуб		attested	SA2012	49050	му́халъиццуб		сказочно
ADV	нагагь	нагагь		attested	SA2012	49162	нага́гь		вдруг
ADV	нагагь-надир	нагагь-надир		attested	SA2012	49163	нага́гь-надир		редко
ADV	нагучIи	нагучIи		attested	AA2019	49165	на́гучIи		легко
ADV	накIва	накIва		attested	AA2019	49180	на́кIва		верхом
ADV	нигъир-нишир гучIа	нигъир-нишир гучIа		attested	AA2019	49324	ни́гъир-нишир гучIа	mwe	вничью
ADV	ничбуху	ничбуху		attested	AA2019	49352	ни́чбуху		нагло
ADV	нукIа	нукIа		attested	SA2012	49389	ну́кIа		давно
ADV	нукIада	нукIада		attested	SA2012	49390	нукIа́:да(да)		давно
ADV	нукIада	нукIадада		variant	SA2012	49390	нукIа́:да(да)		давно
ADV	нукIадалIару бесхъа	нукIадалIару бесхъа		attested	AA2019	49392	ну́кIадалIару бесхъа́	mwe	издавна
ADV	нукIадалъеру	нукIадалъеру		attested	SA2012	49393	нукIа́далъеру		с давних пор
ADV	нукIадо	нукIадо		attested	AA2019	49396	нукIа́до		давно
ADV	нукабакьа	нукабакьа		attested	SA2012	49397	нука́бакьа		у колен
ADV	нукабаха	нукабаха		attested	SA2012	49398,49399	нука́баха		на колени
ADV	нухIилъи	нухIилъи		attested	SA2012	49433	ну́хIилъи		очень давно
ADV	орсахинду	орсахинду		attested	AA2019	49486	о́рс(с)ах(х)инду		вовне
ADV	орсахинду	орссахинду		variant	AA2019	49486	о́рс(с)ах(х)инду		вовне
ADV	орсахинду	орсаххинду		variant	AA2019	49486	о́рс(с)ах(х)инду		вовне
ADV	орсахинду	орссаххинду		variant	AA2019	49486	о́рс(с)ах(х)инду		вовне
ADV	орсса	орсса		attested	AA2019; SA2012	49487,49489	о́рсса		наружу
ADV	орсса	орссу		variant	SA2012	49489	о́рсса		снаружи
ADV	орсса	орссуку		variant	SA2012	49489	о́рсса		снаружи
ADV	орссуку	орссуку		attested	AA2019	49493	о́рссуку		извне
ADV	охьой	охьой		attested	SA2012	49518	охьо́й		ох
ADV	пайдайи	пайдайи		attested	AA2019	49561	пайда́йи		в пользу
ADV	паракъат	паракъат		attested	AA2019; SA2012	49688,49689	паракъат		благополучно
ADV	паралъи	паралъи		attested	AA2019	49694	пара́лъи		мигом
ADV	парачIубакьу	парачIубакьу		attested	AA2019	49712	пара́чIубакьу		мигом
ADV	пилпана	пилпана		attested	SA2012	49976	пи́лпана		в прах
ADV	пириццуб	пириццуб		attested	SA2012	50000	пири́ццуб		молниеносно
ADV	рагъаргъа	рагъаргъа		attested	SA2012	50238	рагъа́ргъа		двинувшись
ADV	рази-ракив	рази-ракив		attested	AA2019	50312	рази-ракив		в ладах
ADV	рази-ракийалда	рази-ракийалда		attested	AA2019	50314	рази-раки́йалда		одобрительно
ADV	ракIва-ракIвархику	ракIва-ракIвархику		attested	SA2012	50367	ракIва́-ракIва́рхику		искренне
ADV	ракIвара	ракIвара		attested	AA2019	50397	ракIвара́		на замысел
ADV	ракIвацIцIинкIкIив	ракIвацIцIинкIкIив		attested	SA2012	50420,50421	ракIвацIцIинкIкIи́в		искренне
ADV	ракъантIо	ракъантIо		attested	SA2012	50446	ракъантIо́		плотно
ADV	ракъу	ракъу		attested	SA2012	50476	ра́къу		мирно
ADV	рателай	рателай		attested	SA2012	50521	рате́лай		про запас
ADV	рахIате	рахIате		attested	SA2012	50530	рахIате́		спокойно
ADV	рахъи-рахъида	рахъи-рахъида		attested	SA2012	50562	ра́хъи-ра́хъида		во все стороны
ADV	рахъидику	рахъидику		attested	AA2019	50563	ра́хъиди́ку		всемерно
ADV	раша	раша		attested	AA2019	50599	ра́ша		дословно
ADV	релъи	релъи		attested	AA2019; SA2012	50631,50817	ре:лъи		во дворе
ADV	регIелгуча	регIелгуча		attested	AA2019	50655	регIе́лгуча		некогда
ADV	регьабакьилълъа	регьабакьилълъа		attested	SA2012	50693,50695	регьабакьи́лълъа		в полночь
ADV	регьалълъуссуб	регьалълъуссуб		attested	SA2012	50704	регьа́лълъуссуб		то, что в море
ADV	регье	регье		attested	AA2019; SA2012	50705,50707	регье́		поздно ночью
ADV	рекукьи	рекукьи		attested	SA2012	50773	ре́кукьи		под животом
ADV	рекулъи	рекулъи		attested	SA2012	50774	ре́кулъи		в живот
ADV	рекулълъу	рекулълъу		attested	SA2012	50776	ре́кулълъу		в животе
ADV	рершо-рершо	рершо-рершо		attested	AA2019	50830	рершо-рершо́		посменно
ADV	рессиле	рессиле		attested	SA2012	50854	рессиле́		в глотке
ADV	рессуха	рессуха		attested	SA2012	50855	рессу́ха		обратно
ADV	рехутIуссеа	рехутIуссеа		attested	SA2012	50865	рехутIуссе́а		подряд
ADV	решеру-реша	решеру-реша		attested	AA2019	50948	реше́ру-реша		год от года
ADV	реши	реши		attested	AA2019	50950	реши		на год
ADV	решида-ницIцIу	решида-ницIцIу		attested	AA2019	50953	реши́да-ни́цIцIу		из года в год
ADV	решинакьи	решинакьи		attested	SA2012	50961	решинакьи́		в небе
ADV	ригъичIада	ригъичIада		attested	SA2012	51003	ригъичIа́да		беспрерывно
ADV	ригьиди	ригьиди		attested	SA2012	51006	ри́гьиди		в срок
ADV	ришо	ришо		attested	AA2019	51109	ри́шо		на одногодок
ADV	рухIиди	рухIиди		attested	AA2019; SA2012	51292,51294,51295	ру́хIиди		очень
ADV	рухIидида	рухIидида		attested	AA2019	51296	ру́хIидида		неизмеримо
ADV	сабду	сабду		attested	AA2019	51345	са́бду		выборочно
ADV	сада	сада		attested	SA2012	51364	са́да		прохладно
ADV	садарахи	садарахи		attested	SA2012	51370	садара́хи		в тени
ADV	садаре	садаре		attested	SA2012	51371	садаре́		в тени
ADV	саи	саи		attested	SA2012	51373	са́и		холодно
ADV	саире	саире		attested	SA2012	51378	саире́		на холоде
ADV	санду	санду		attested	AA2019; SA2012	51417,51419	са́нду		вместе
ADV	сандуда	сандуда		attested	AA2019	51423,51424,51425	санду́да		заодно
ADV	сандух	сандух		attested	AA2019	51435	сандух		сообща
ADV	сах-саламат	сах-саламат		attested	AA2019; SA2012	51462,51463,51464	сах-саламат		благополучно
ADV	сах-саламат	сах-саламатго		variant	SA2012	51463,51464	сах-сала́мат(го)		в добром здравии
ADV	сахаватго	сахаватго		attested	SA2012	51472	сахаватго		щедро
ADV	сенгера	сенгера		attested	SA2012	51508	сенге́ра		в позапрошлом году
ADV	ссабу	ссабу		attested	AA2019; SA2012	51588,51590	сса́бу		в прошлом году
ADV	ссакуйдера	ссакуйдера		attested	SA2012	51639	сса́куйдера		до усталости
ADV	ссардо	ссардо		attested	AA2019; SA2012	51737,51739	ссардо́		вразрез
ADV	ссарду	ссарду		attested	AA2019	51741	сса́рду		наискось
ADV	ссарсса рагьу	ссарсса рагьу		attested	AA2019	51743	сса́рсса ра́гьу	mwe	кубарем
ADV	ссе	ссе		attested	AA2019; SA2012	51757,51758,51761	ссе		ранее
ADV	ссе	ссеа		variant	SA2012	51761	ссе:		вперед
ADV	ссеаку	ссеаку		attested	SA2012	51766	ссеа́ку		спереди
ADV	ссеаку-бикку	ссеаку-бикку		attested	SA2012	51768	ссеаку́-би́кку		подряд
ADV	ссеаруссе	ссеаруссе		attested	SA2012	51770	ссеаруссе́		всё вперед
ADV	ссебера	ссебера		attested	AA2019; SA2012	51778,51780	ссебе́ра		в позапрошлом году
ADV	ссебикку	ссебикку		attested	AA2019	51785	ссе́бикку		задолго
ADV	сседуда	сседуда		attested	AA2019	51798	ссе́дуда		давно
ADV	ссеку	ссеку		attested	AA2019	51800	ссе́ку		спереди
ADV	ссекубикку	ссекубикку		attested	SA2012	51801	ссекуби́кку		подряд
ADV	ссессе	ссессе		attested	SA2012	51814,51815	ссессе́		заранее
ADV	ссехинду	ссехинду		attested	AA2019	51824	ссе́х(х)инду		вперёд
ADV	ссехинду	ссеххинду		variant	AA2019	51824	ссе́х(х)инду		вперёд
ADV	ссеццуб	ссеццуб		attested	AA2019	51829	ссе́ццуб		по-прежнему
ADV	ссеъа	ссеъа		attested	AA2019	51830	ссе́ъа		впереди
ADV	ссеъада	ссеъада		attested	AA2019	51831	ссе́ъада		давно
ADV	ссинидо	ссинидо		attested	AA2019	51868	ссинидо́		наглухо
ADV	ссипидо	ссипидо		attested	SA2012	51881	ссипидо́		плотно
ADV	ссурду	ссурду		attested	SA2012	51962	ссу́рду		мигом
ADV	сукIа-рука	сукIа-рука		attested	AA2019	51982	су́кIа-ру́ка		калачиком
ADV	сулигучIада	сулигучIада		attested	SA2012	52016	сулигучIа́да		нагло
ADV	суни	суни		attested	AA2019; SA2012	52025,52026	суни		вчера
ADV	сурабирха	сурабирха		attested	AA2019	52048	сураби́рха		по-плохому
ADV	сурабу	сурабу		attested	AA2019; SA2012	52051,52052,52053	сура́бу		настрого
ADV	тIагIангучIа	тIагIангучIа		attested	AA2019	52115	тIагIа́нгучIа		неудобно
ADV	тIибтIиду	тIибтIиду		attested	AA2019	52247	тIибтIи́ду		ощупью
ADV	тIиридала	тIиридала		attested	SA2012	52280	тIирíдала		нисколько
ADV	тIобо	тIобо		attested	AA2019	52294	тIо́бо		полностью
ADV	тIобода	тIобода		attested	AA2019	52295	тIо́бода		вполне
ADV	тIокIаб	тIокIав	m	class_var	SA2012	52296	тIо́кIа/б		больше
ADV	тIокIаб	тIокIай	f	class_var	SA2012	52296	тIо́кIа/б		больше
ADV	тIокIаб	тIокIаб	n	class_var	SA2012	52296	тIо́кIа/б		больше
ADV	тIокIаб	тIокIал	an.pl	class_var	SA2012	52296	тIо́кIа/б		больше
ADV	тIопивда	тIопивда		attested	SA2012	52314	тIопи́вда		навсегда
ADV	тIопо	тIопо		attested	AA2019	52326	тIопо		полностью
ADV	тIоргу	тIоргу		attested	SA2012	52330	тIо́ргу(да)		полностью
ADV	тIоргу	тIоргуда		variant	SA2012	52330	тIо́ргу(да)		полностью
ADV	тIуригъалу	тIуригъалу		attested	AA2019; SA2012	52356,52358	тIури́гъалу		назло
ADV	тассамахIда	тассамахIда		attested	SA2012	52574	тассама́хIда		халатно
ADV	тахIтасаралъи	тахIтасаралъи		attested	SA2012	52606	та́хIтасаралъи		в дали
ADV	тиридо	тиридо		attested	AA2019	52653	ти́ридо		живо
ADV	тирххичIа	тирххичIа		attested	AA2019	52669	тирххичIа		в трезвом виде
ADV	туркIидо	туркIидо		attested	AA2019	52769	ту́ркIидо		живо
ADV	тухерхи	тухерхи		attested	AA2019	52815	ту́херхи		врасплох
ADV	уда	уда		attested	AA2019; SA2012	52849,52851	у́да		туда
ADV	уда-ара	уда-ара		attested	AA2019; SA2012	52853,52854	уда́-ара		куда-нибудь
ADV	уда-араххинду	уда-араххинду		attested	SA2012	52855	уда́-араххи́нду		по сторонам
ADV	уда-араххинду	уда-ара		variant	SA2012	52855	уда́-араххи́нду		по сторонам
ADV	удада	удада		attested	SA2012	52858	у́дада		туда же
ADV	удама-бессухама	удама-бессухама		attested	AA2019	52865	у́дама-бессу́хама		туда и обратно
ADV	удаххинду	удаххинду		attested	SA2012	52866	удаххи́нду		туда
ADV	удуда	удуда		attested	SA2012	52878,52879	у́дуда//у́руда		там же
ADV	удуда	уруда		variant	SA2012	52878,52879	у́дуда//у́руда		там же
ADV	удуку	удуку		attested	AA2019; SA2012	52880,52881	уду́ку		оттуда
ADV	удукуда	удукуда		attested	SA2012	52882	удуку́да		оттуда же
ADV	удукула-удаххинду	удукула-удаххинду		attested	SA2012	52883	удуку́ла-удаххи́нду		всё дальше и дальше
ADV	гъванакьи	унакьи		variant	SA2012	52937	унакьи́		см. гъванакьи́
ADV	гъваналъику	уналъику		variant	SA2012	52938	уналъи́ку		см. гъваналъи́ку
ADV	унгунгелда	унгунгелда		attested	AA2019	52943	унгу́нгелда		воистину
ADV	гъванигьала	унигьала		variant	SA2012	52959	у́нигьала		см. гъва́нигьала
ADV	гъванигьерда	унигьерда		variant	SA2012	52960	у́нигьерда		см. гъва́нигьерда
ADV	ура	ура		attested	AA2019; SA2012	52978,52980	у́ра		туда
ADV	ургъада	ургъада		attested	AA2019	52994	ургъа́да		нарочно
ADV	ургъалда	ургъалда		attested	SA2012	53006	ургъа́лда		намеренно
ADV	ургъичIада	ургъичIада		attested	AA2019; SA2012	53020,53021	ургъичIа́да		необдуманно
ADV	ургъичIада	ургъичIа		variant	SA2012	53020	ургъичIа́да		необдуманно
ADV	уруда	уруда		attested	SA2012	53031	у́руда		прямо там
ADV	уруку	уруку		attested	SA2012	53032	уру́ку		оттуда
ADV	хIакъикъаталда	хIакъикъаталда		attested	SA2012	53188	хIакъи́къаталда		в действительности
ADV	хIакъикъатилъи	хIакъикъатилъи		attested	AA2019	53189	хIакъи́къатилъи		истинно
ADV	хIала-малади	хIала-малади		attested	SA2012	53213	хIала́-мала́ди		с трудом
ADV	хIалади	хIалади		attested	AA2019; SA2012	53215,53217	хIалади́		с трудом
ADV	хIалади	хIалахида		variant	SA2012	53215	хIалади́		с трудом
ADV	хIало-малади	хIало-малади		attested	AA2019	53248	хIало́-ма́лади		с грехом пополам
ADV	хIалхьилълъи	хIалхьилълъи		attested	SA2012	53258	хIа́лхьилълъи		без дела
ADV	хIалчIахъайаб	хIалчIахъайав	m	class_var	SA2012	53261	хIалчIа́хъайа/б		браво
ADV	хIалчIахъайаб	хIалчIахъайай	f	class_var	SA2012	53261	хIалчIа́хъайа/б		браво
ADV	хIалчIахъайаб	хIалчIахъайаб	n	class_var	SA2012	53261	хIалчIа́хъайа/б		браво
ADV	хIалчIахъайаб	хIалчIахъайал	an.pl	class_var	SA2012	53261	хIалчIа́хъайа/б		браво
ADV	хIиллади	хIиллади		attested	SA2012	53371	хIилла:ди		коварно
ADV	хIисабалда	хIисабалда		attested	SA2012	53397	хIиса́балда		осторожно
ADV	хIурматалда	хIурматалда		attested	SA2012	53456	хIурма́талда		с почётом
ADV	хадал	хадал		attested	AA2019; SA2012	53476,53478	ха́дал		ночью
ADV	хакьуссу	хакьуссу		attested	SA2012	53504	хакьу́ссу		утром
ADV	хакьуссуйдера	хакьуссуйдера		attested	SA2012	53505	ха́кьуссуйдера		до утра
ADV	хеку	хеку		attested	AA2019	53639	хе:ку:		заодно
ADV	хеа	хеа		attested	SA2012	53640	хе́а		во рту
ADV	ххабарбета	ххабарбета		attested	AA2019	53743	ххаба́рбета		молча
ADV	ххваᴴйбаха	ххваᴴйбаха		attested	AA2019	53858	ххва́ᴴйба́ха		в экстазе
ADV	ххваᴴйбаха	ххванйбаха		nasal_n	AA2019	53858	ххва́ᴴйба́ха		в экстазе
ADV	ххварду	ххварду		attested	SA2012	53872	ххва́рду		каплями
ADV	ххеххи черчида	ххеххи черчида		attested	AA2019	53896	ххе́ххи че́рчида	mwe	на скорую руку
ADV	ххеххо	ххеххо		attested	SA2012	53908,53909,53910	ххеххо́		расторопно
ADV	ххира	ххира		attested	SA2012	53943	ххира́		дорого
ADV	ххудичIа	ххудичIа		attested	AA2019	53981	хху́дичIа		в трезвом виде
ADV	ххулисса	ххулисса		attested	AA2019	53986	ххулисса		криво
ADV	хъатамасан	хъатамасан		attested	SA2012	54222	хъатамаса́н		поспешно
ADV	хъати-масан	хъати-масан		attested	AA2019	54228	хъати-масан		быстро
ADV	хъахIлъилъи	хъахIлъилъи		attested	AA2019; SA2012	54250,54251	хъахIлъи́лъи		рано утром
ADV	хъачIив	хъачIив		attested	SA2012	54262	хъачIи́в		грубо
ADV	хъваштIан	хъваштIан		attested	SA2012	54352	хъва́штIан		разом
ADV	хъваштаду	хъваштаду		attested	AA2019	54353	хъва́штаду		живо
ADV	хъидичIада	хъидичIада		attested	AA2019	54386	хъидичIа́да		независимо
ADV	хъитIив	хъитIив		attested	SA2012	54437	хъитIи́в		втопорщившись
ADV	хъулухъгучIа	хъулухъгучIа		attested	AA2019	54471	хъулу́хъгучIа		незачем
ADV	хъулухъгучIада	хъулухъгучIада		attested	AA2019	54472	хъулу́хъгучIада		некстати
ADV	хъупо	хъупо		attested	SA2012	54504	хъупо		неряшливо
ADV	хъурду	хъурду		attested	SA2012	54522	хъу́рду		волоком
ADV	хьваъабирха	хьваъабирха		attested	AA2019	54608	хьваъаби́рха		добром
ADV	хьваъабу	хьваъабу		attested	AA2019; SA2012	54611,54612	хьваъабу́		достаточно
ADV	хьваъабуда	хьваъабуда		attested	AA2019	54613	хьваъабу́да		значительно
ADV	хьуболи	хьуболи		attested	SA2012	54628	хьу́боли		ладно
ADV	цIатада	цIатада		attested	SA2012	54696	цIа́тада		пока горячо
ADV	цIахъа	цIахъа		attested	SA2012	54716	цIа́хъа		в огонь
ADV	цIахъи	цIахъи		attested	SA2012	54717	цIа́хъи		на огонь
ADV	цIеа	цIеа		attested	SA2012	54718,54719	цIе́а		в очаге
ADV	цIекIабакьи	цIекIабакьи		attested	SA2012	54727	цIекIа́бакьи		у ног
ADV	цIекIенацIцIура	цIекIенагьучIида		variant	SA2012	54730	цIекIена́гьучIида		см. цIекIе́нацIцIура
ADV	цIекIенацIцIура	цIекIенацIцIура		attested	SA2012	54731	цIекIе́нацIцIура		босиком
ADV	цIиᴴвкIо	цIиᴴвкIо		attested	AA2019	54746	цIиᴴвкIо́		заново
ADV	цIиᴴвкIо	цIинвкIо		nasal_n	AA2019	54746	цIиᴴвкIо́		заново
ADV	цIивкIо	цIивкIо		attested	AA2019	54751	цIивкIо́		наново
ADV	цIидасса	цIидасса		attested	SA2012	54758	цIи́дасса		снова
ADV	цIидассан	цIидассан		attested	AA2019	54759,54760,54761	цIидасса́н		заново
ADV	цIимдам мусе	цIимдам мусе		attested	AA2019	54771	цIи́мдам мусе́	mwe	взаперти
ADV	цIимдерхи	цIимдерхи		attested	AA2019	54772	цIимде́рхи		сохранно
ADV	цIимубукIерхида	цIимубукIерхида		attested	SA2012	54785	цIимубукIе́рхида		пока ново
ADV	цIцIеригъалу	цIцIеригъалу		attested	AA2019	54892	цIцIери́гъалу		на славу
ADV	цIцIикIкIа	цIцIикIкIа		attested	AA2019; SA2012	54900,54902,54903	цIцIи́кIкIа		больше
ADV	цIцIикIкIабугъа	цIцIикIкIабугъа		attested	SA2012	54905	цIцIикIкIа́бугъа		зачастую
ADV	цIцIикIкIалIиди	цIцIикIкIалIиди		attested	AA2019	54914	цIцIи́кIкIалIиди		намного
ADV	цIцIикIкIарахъиди	цIцIикIкIарахъиди		attested	SA2012	54916	цIцIикIкIара́хъиди		долго
ADV	цIцIинкIкIо	цIцIинкIкIо		attested	AA2019; SA2012	55006,55007,55009,55010	цIцIинкIкIо́		окончательно
ADV	цIцIогьорахи балIино	цIцIогьорахи балIино		attested	AA2019	55046	цIцIогьора́хи балIино́	mwe	воровски
ADV	цIцIогьорирха	цIцIогьорирха		attested	AA2019	55056	цIцIогьо́рирха		воровски
ADV	цIцIогьорццу	цIцIогьорццу		attested	AA2019	55057	цIцIогьо́рццу		крадучись
ADV	цIцIудурго	цIцIудурго		attested	AA2019	55086	цIцIудурго́		настороже
ADV	цIцIудурирха	цIцIудурирха		attested	SA2012	55090	цIцIудури́рха		осторожно
ADV	це-цеб	це-цеб		attested	AA2019; SA2012	55152,55154	це-це́б		иногда
ADV	цеасар	цеасар		attested	SA2012	55159	це́асар		немного
ADV	цеасарссе	цеасарссе		attested	SA2012	55162,55163	це́асарссе		недавно
ADV	цеасархвала	цеасархвала		attested	SA2012	55164	цеасархва́ла		хоть немного
ADV	цеб-кIеда	цеб-кIеда		attested	SA2012	55165	цеб-кIе́да		несколько
ADV	цеби-микъиди	цеби-микъиди		attested	AA2019	55179	це́би-микъиди		попутно
ADV	цебкъайдади	цебкъайдади		attested	SA2012	55184	цебкъайда́ди		одинаково
ADV	цебла	цебла		attested	AA2019; SA2012	55187,55188,55190,55191	цебла́		еще
ADV	цебла микъиди	цебла микъиди		attested	AA2019	55195	цебла микъи́ди	mwe	снова
ADV	цебламикъиди	цебламикъиди		attested	SA2012	55197	це́бламикъиди		ещё раз
ADV	цеблълъа	цеблълъа		attested	SA2012	55199	цеблълъа́		в один
ADV	цебмикъиди	цебмикъиди		attested	SA2012	55200,55201	це́бмикъиди		один раз
ADV	цебмуса	цебмуса		attested	SA2012	55202	цебмуса́		куда-то
ADV	цебпаралъи	цебпаралъи		attested	SA2012	55203	цебпаралъи		мигом
ADV	цеъасар	цеъасар		attested	AA2019	55228	цеъаса́р(ла)		наиболее
ADV	цеъасар	цеъасарла		variant	AA2019	55228	цеъаса́р(ла)		наиболее
ADV	ццибуруй	ццибуруй		attested	AA2019; SA2012	55248,55250	ццибуру́й		на зиму
ADV	ццибурулъи	ццибурулъи		attested	AA2019; SA2012	55252,55254	ццибуру́лъи		зимой
ADV	ццибурулъи-ццибурди	ццибурулъи-ццибурди		attested	AA2019	55256	ццибуру́лъи-ццибу́рди		всю зиму
ADV	чIабарахи	чIабарахи		attested	SA2012	55324	чIабара́хи		на полу
ADV	чIахъади	чIахъади		attested	AA2019	55456	чIа́хъади		браво!
ADV	чIван-кьотIун	чIван-кьотIун		attested	AA2019	55465	чIва́н-кьотIун		наотрез
ADV	чIваркьадо	чIваркьадо		attested	SA2012	55470	чIваркьадо́		смело
ADV	чIикварирха	чIикварирха		attested	AA2019	55494,55495	чIиквари́рха		ласково
ADV	чIикварирхха	чIикварирхха		attested	SA2012	55496	чIиква́рирхха		по-хорошему
ADV	чIикоро	чIикоро		attested	AA2019; SA2012	55497,55499,55500,55501	чIикоро́		красиво
ADV	чIила	чIила		attested	SA2012	55505	чIи́ла		криво
ADV	чIила рахъидику	чIила рахъидику		attested	AA2019	55506	чIи́ла ра́хъиди́ку	mwe	слева
ADV	чIилагъаб	чIилагъаб		attested	SA2012	55509	чIилагъа́б		налево
ADV	чIинтIу	чIинтIу		attested	SA2012	55518	чIи́нтIу		на четвертый день
ADV	чIухIдай	чIухIдай		attested	SA2012	55601	чIухIда́й		напоказ
ADV	чIчIиду	чIчIиду		attested	AA2019; SA2012	55676,55678	чIчIи́ду		вдаль
ADV	чIчIидугучIа	чIчIидугучIа		attested	AA2019	55680	чIчIи́дугучIа		неподалеку
ADV	чIчIидуку	чIчIидуку		attested	AA2019; SA2012	55681,55683	чIчIи́дуку		издалека
ADV	чIчIидурадо	чIчIидурадо		attested	AA2019	55687	чIчIидурадо́		подальше
ADV	чIчIидурахи	чIчIидурахи		attested	SA2012	55691	чIчIидура́хи//чIчIидура́ха		далеко
ADV	чIчIидурахи	чIчIидураха		variant	SA2012	55691	чIчIидура́хи//чIчIидура́ха		далеко
ADV	чIчIидурахику	чIчIидурахику		attested	SA2012	55692	чIчIидура́хику		издалека
ADV	чIчIидуре	чIчIидуре		attested	AA2019; SA2012	55694,55695	чIчIидуре́		вдалеке
ADV	чIчIидуреку	чIчIидуреку		attested	AA2019	55698	чIчIидуре́ку		издалека
ADV	чаму	чаму		attested	AA2019; SA2012	55820,55822	ча́му		сколько
ADV	чамула	чамула		attested	AA2019; SA2012	55826,55828,55829,55830	ча́мула		несколько
ADV	чамулъила	чамулъила		attested	SA2012	55831	ча́мулъила		сколько
ADV	чамухвалада	чамухвалада		attested	SA2012	55832	чамухва́лада		столько-то
ADV	чамухула	чамухула		attested	SA2012	55833	ча́мухула		сколько
ADV	чамцIи	чамцIи		attested	AA2019; SA2012	55834,55836	ча́мцIи		сколько
ADV	чамцIила	чамцIила		attested	SA2012	55838	ча́мцIила		сколько раз
ADV	чара гучIи	чара гучIи		attested	AA2019	55873	чара́ гу́чIи	mwe	никак нельзя
ADV	чвар-чварилълъи	чвар-чварилълъи		attested	SA2012	55931	чва́р-чварилълъи		хлёстко
ADV	чуᴴгьа	чуᴴгьа		attested	SA2012	56057	чу́ᴴгьа		бегом
ADV	чуᴴгьа	чунгьа		nasal_n	SA2012	56057	чу́ᴴгьа		бегом
ADV	чугьа	чугьа		attested	AA2019	56067	чугьа		бегом
ADV	чучо	чучо		attested	SA2012	56125	чучо́		свободно
ADV	щарду-ххинду	щарду-ххинду		attested	SA2012	56450	ща́рду-ххи́нду		свободно
ADV	щула	щула		attested	AA2019	56549	щула́		прочно
ADV	щулалъо	щулалъо		attested	SA2012	56563	щулалъо́		крепко
ADV	щущахъ	щущахъ		attested	SA2012	56590	щуща́хъ		вдребезги
ADV	щущуди	щущуди		attested	SA2012	56593	щу́щуди		шёпотом
ADV	эб булълъала	эб булълъала		attested	AA2019	56618	эб булълъа́ла	mwe	во всяком случае
ADV	эб булълъидера	эб булълъидера		attested	AA2019	56619	эб булълъиде́ра	mwe	почему-то
ADV	эб игьала	эб игьала		attested	AA2019	56620	эб игьа́ла	mwe	всячески
ADV	эб саъабу	эб саъабу		attested	AA2019	56621	эб саъа́бу	mwe	почему
ADV	эб саъабухвала	эб саъабухвала		attested	AA2019	56622	эб саъа́бухвала	mwe	почему-либо
ADV	эбабла зивди	эбабла зивди		attested	AA2019	56625	э́бабла зи́вди	mwe	каждый день
ADV	эбмусеку	эбмусеку		attested	SA2012	56639	э́бмусеку		откуда
ADV	эгьел	эгьел		attested	AA2019; SA2012	56651,56653	эгье́л		сегодня
ADV	эгьел-ахара	эгьел-ахара		attested	SA2012	56655	эгье́л-аха́ра		на днях
ADV	эгьелидера	эгьелидера		attested	SA2012	56656	эгье́лидера		до сегодняшнего дня
ADV	эгьелиссуб	эгьелиссув	m	class_var	SA2012	56658	эгьели́ссу/б		на сегодня
ADV	эгьелиссуб	эгьелиссуй	f	class_var	SA2012	56658	эгьели́ссу/б		на сегодня
ADV	эгьелиссуб	эгьелиссуб	n	class_var	SA2012	56658	эгьели́ссу/б		на сегодня
ADV	эгьелиссуб	эгьелиссул	an.pl	class_var	SA2012	56658	эгьели́ссу/б		на сегодня
ADV	эгьелиссуб зивди	эгьелиссуб зивди		attested	AA2019	56659	эгье́лиссуб зи́вди	mwe	нынче
ADV	эгьеллълъерубесхъа	эгьеллълъерубесхъа		attested	SA2012	56660	эгьеллълъе́рубесхъа		отныне
ADV	эпи	эми		variant	SA2012	56698	эми́		см. эпи́
ADV	эпигIала	эмигIала		variant	SA2012	56700	эми́гIала		см. эпигIа́ла
ADV	эпила	эмила		variant	SA2012	56701	э́мила		почему
ADV	эпилъила	эмилъила		variant	SA2012	56702	эми́лъила		зачем
ADV	эпихвала	эмихвала		variant	SA2012	56703	эмихва́ла		см. эпихва́ла
ADV	эпихула	эмихула		variant	SA2012	56704	эми́хула		зачем
ADV	эпи	эпи		attested	AA2019; SA2012	56714,56716	эпи́		зачем
ADV	эпигIала	эпигIала		attested	SA2012	56718	эпигIа́ла		потому
ADV	эпила	эпила		attested	SA2012	56719,56721,56723	эпила́		затем
ADV	эпилъила	эпилъила		attested	SA2012	56724	э́пилъила		зачем
ADV	эпихвала	эпихвала		attested	SA2012	56726	эпихва́ла		почему-то
ADV	эпихула	эпихула		attested	SA2012	56727	э́пихула		зачем
ADV	эргади	эргади		attested	SA2012	56733,56734	эрга:ди		по очереди
ADV	эрзагIан	эрзагIан		attested	SA2012	56740	э́рзагIан		достаточно
ADV	эрзагIанда	эрзагIанда		attested	AA2019	56742	э́рзагIанда		значительно
ADV	эркенив	эркенив		attested	SA2012	56754	эркени́в		свободно
ADV	эрха	эрха		attested	SA2012	56767	эрха́//эрха́дал		сегодня вечером
ADV	эрха	эрхадал		variant	SA2012	56767	эрха́//эрха́дал		сегодня вечером
ADV	эхха	эхха		attested	AA2019; SA2012	56794,56796	э́хха		потом
ADV	эххалъабу	эххалъабу		attested	SA2012	56798	эххалъа́бу		в следующий раз
ADV	эшдалIиди	эшдалIиди		attested	AA2019	56806	эшда́лIиди		насколько
ADV	эшта	эшта		attested	AA2019	56807	эшта́		сколько
ADV	эшта къварала	эшта къварала		attested	AA2019	56808	эшта́ къвара́ла	mwe	сколько угодно
ADV	эшта-букIала	эшта-букIала		attested	AA2019	56809	эшта́-букIа́ла		сколько-нибудь
ADV	эштахула	эштахула		attested	AA2019	56810	эшта́хула		сколько
ADV	эшубхвада заманалъику белълъаб	эшубхвада заманалъику белълъаб		attested	AA2019	56819	эшубхва́да заманалъи́ку белълъа́б	mwe	с некоторого времени
POSTP	бехутIу	вехутIу	m	class_var	AA2019	36727,36728,36729	б=еху́тIу		далее
POSTP	бехутIу	йехутIу	f	class_var	AA2019	36727,36728,36729	б=еху́тIу		далее
POSTP	бехутIу	бехутIу	n	class_var	AA2019	36727,36728,36729	б=еху́тIу		далее
POSTP	бехутIу	рехутIу	an.pl	class_var	AA2019	36727,36728,36729	б=еху́тIу		далее
POSTP	беххуйдера	веххуйдера	m	class_var	AA2019	36753	б=еххуйде́ра		исключение
POSTP	беххуйдера	йеххуйдера	f	class_var	AA2019	36753	б=еххуйде́ра		исключение
POSTP	беххуйдера	беххуйдера	n	class_var	AA2019	36753	б=еххуйде́ра		исключение
POSTP	беххуйдера	реххуйдера	an.pl	class_var	AA2019	36753	б=еххуйде́ра		исключение
POSTP	бехъутIу	вехъутIу	m	class_var	AA2019	36755	б=ехъу́тIу		кругом
POSTP	бехъутIу	йехъутIу	f	class_var	AA2019	36755	б=ехъу́тIу		кругом
POSTP	бехъутIу	бехъутIу	n	class_var	AA2019	36755	б=ехъу́тIу		кругом
POSTP	бехъутIу	рехъутIу	an.pl	class_var	AA2019	36755	б=ехъу́тIу		кругом
POSTP	вакьу	вакьу		attested	AA2019	39543	ва́кьу		среди
POSTP	габчIа	габчIа		attested	SA2012	40443	га́бчIа		кроме
POSTP	гва	гва		attested	SA2012	40612	гва		на
POSTP	гобчIа	говчIа	m	class_var	SA2012	40748	го/б/чIа́		кроме
POSTP	гобчIа	гойчIа	f	class_var	SA2012	40748	го/б/чIа́		кроме
POSTP	гобчIа	гобчIа	n	class_var	SA2012	40748	го/б/чIа́		кроме
POSTP	гобчIа	горчIа	an.pl	class_var	SA2012	40748	го/б/чIа́		кроме
POSTP	гучIа	гучIа		attested	SA2012	40953,40955	гучIа́		без
POSTP	гучIа	гучIада		variant	SA2012	40955	гучIа́(да)		без
POSTP	гучIада	гучIада		attested	AA2019	40956	гучIа́да		помимо
POSTP	гъалу	гъалу		attested	AA2019	41080	гъалу		ради
POSTP	габчIа	гьабгучIа		variant	SA2012	41605	гьа́бгучIа		см. га́бчIа
POSTP	гьабчIа	гьабчIа		attested	SA2012	41636	гьабчIа́		кроме
POSTP	гье	гье		attested	AA2019	42149,42151	гье		на
POSTP	гьеа	гьеа		attested	SA2012	42154	гье́а		над
POSTP	гьеаку	гьеаку		attested	SA2012	42171	гьеаку		со
POSTP	гьеку	гьеку		attested	AA2019	42194	гье́ку		через
POSTP	гьеххинду	гьеххинду		attested	AA2019	42254	гье́ххинду		сверх
POSTP	гьикьи	гьикьи		attested	AA2019; SA2012	42395,42403	гьикьи		под
POSTP	гьину	гьину		attested	AA2019; SA2012	42477,42478,42479,42480	гьи́ну		внутри
POSTP	гьинуку	гьинуку		attested	AA2019	42485	гьину́ку		через
POSTP	гьубчIа	гьувчIа	m	class_var	SA2012	42640	гьу/б/чIа́		кроме
POSTP	гьубчIа	гьуйчIа	f	class_var	SA2012	42640	гьу/б/чIа́		кроме
POSTP	гьубчIа	гьубчIа	n	class_var	SA2012	42640	гьу/б/чIа́		кроме
POSTP	гьубчIа	гьурчIа	an.pl	class_var	SA2012	42640	гьу/б/чIа́		кроме
POSTP	данда	данда		attested	AA2019; SA2012	42867,42868	да́нда		против
POSTP	маъаруди	маъаруди		attested	AA2019	48294	маъару́ди		спустя
POSTP	мусаре	мусаре		attested	AA2019	48995	му́саре		вместо
POSTP	орссу	орссу		attested	AA2019	49492	орссу		вне
POSTP	саъабу	сабу		variant	SA2012	51353	сабу́		см. саъабу́
POSTP	санду	санду		attested	SA2012	51420	са́нду		с
POSTP	саъабу	саъабу		attested	AA2019; SA2012	51484,51485	саъабу́		из-за
POSTP	ссе	ссе		attested	AA2019; SA2012	51759,51762	ссе		перед
POSTP	ссе	ссеа		variant	SA2012	51762	ссе:		перед
POSTP	ссеаку	ссеаку		attested	SA2012	51767	ссеа́ку		вместо
POSTP	хIакъалда	хIакъалда		attested	AA2019; SA2012	53179,53181	хIа́къалда		о
POSTP	хъидичIада	хъидичIада		attested	AA2019	54385	хъидичIа́да		вопреки
POSTP	хьибилалIу	хьибилалIу		attested	AA2019	54616	хьиби́лалIу		возле
POSTP	цIцIалачIу	цIцIалачIу		attested	AA2019	54844	цIцIалачIу		после
PTCL	абабай	абабай		attested	AA2019	35347	аба́бай		конечно
PTCL	ай	ай		attested	AA2019; SA2012	35553,35555	ай		нет
PTCL	анхвахоб	анхвахоб		attested	SA2012	35735	анхвахо́б		кипящий
PTCL	ахирла	ахирла		attested	SA2012	36058	ахи́рла		наверное
PTCL	бешта	вешта	m	class_var	AA2019	36789	б=ешта́		пусть
PTCL	бешта	йешта	f	class_var	AA2019	36789	б=ешта́		пусть
PTCL	бешта	бешта	n	class_var	AA2019	36789	б=ешта́		пусть
PTCL	бешта	решта	an.pl	class_var	AA2019	36789	б=ешта́		пусть
PTCL	букIалла	вукIалла	m	class_var	AA2019	36990,36991	б=укIа́лла		авось
PTCL	букIалла	йукIалла	f	class_var	AA2019	36990,36991	б=укIа́лла		авось
PTCL	букIалла	букIалла	n	class_var	AA2019	36990,36991	б=укIа́лла		авось
PTCL	букIалла	рукIалла	an.pl	class_var	AA2019	36990,36991	б=укIа́лла		авось
PTCL	батIада	батIада		attested	AA2019	37565,37566	батIа́да		именно
PTCL	бегьа	бегьа		attested	AA2019	37894	бе́гьа		ладно
PTCL	бегье	бегье		attested	AA2019; SA2012	37903,37904,37905	бе́гье		ладно
PTCL	бегьевчIи	бегьевчIи		attested	SA2012	37907,37908	бегье́вчIи		нельзя
PTCL	бегьерхи	бегьерхи		attested	AA2019	37909	бегье́рхи		насколько возможно
PTCL	бегьикIаб	бегьикIаб		attested	AA2019	37912,37913	бегьикIа́б		можно
PTCL	варе	варе		attested	SA2012	39587,39588	варе́//варе́хха//воре́хха		ну-ка
PTCL	варе	варехха		variant	SA2012	39587,39588	варе́//варе́хха//воре́хха		ну-ка
PTCL	варе	ворехха		variant	SA2012	39587,39588	варе́//варе́хха//воре́хха		ну-ка
PTCL	гIаш	гIаш		attested	AA2019	40270	гIаш		ли
PTCL	габегье	гавегье	m	class_var	SA2012	40441	га/бе́гье		вот
PTCL	габегье	гайегье	f	class_var	SA2012	40441	га/бе́гье		вот
PTCL	габегье	габегье	n	class_var	SA2012	40441	га/бе́гье		вот
PTCL	габегье	гарегье	an.pl	class_var	SA2012	40441	га/бе́гье		вот
PTCL	гучIаб	гучIав	m	class_var	SA2012	40950	гу́чI/а́б		не
PTCL	гучIаб	гучIай	f	class_var	SA2012	40950	гу́чI/а́б		не
PTCL	гучIаб	гучIаб	n	class_var	SA2012	40950	гу́чI/а́б		не
PTCL	гучIаб	гучIал	an.pl	class_var	SA2012	40950	гу́чI/а́б		не
PTCL	гучIи	гучIи		attested	AA2019; SA2012	40958,40960,40961	гу́чIи		нет
PTCL	гъарим	гъарим		attested	SA2012	41187	гъари́м		да ну
PTCL	гьаᴴ	гьаᴴ		attested	SA2012	41568,41578,41579	гьа:ᴴ		значит
PTCL	гьаᴴ	гьан		nasal_n	SA2012	41568,41578,41579	гьа:ᴴ		значит
PTCL	гьаб	гьаб		attested	AA2019	41582	гьаб		вот
PTCL	гьабегьекIа	гьабегьекIа		attested	SA2012	41612	гьабе́гьекIа		вот ведь
PTCL	гьабуй	гьабуй		attested	AA2019	41631	гьа́буй		в-третьих
PTCL	гьай-гьай	гьай-гьай		attested	SA2012	41760	гьай-гьа́й		конечно
PTCL	гьакьуй	гьакьуй		attested	AA2019	41823	гьа́кьуй		в-седьмых
PTCL	гьалада	гьалада		attested	SA2012	41842	гьа́лада		просто
PTCL	гьицIцIида	гьицIцIида		attested	AA2019	42579	гьицIцIи́да		неужели
PTCL	гьоголълъа	гьоголълъа		attested	SA2012	42601	гього́лълъа		см. го́лъ- лъа
PTCL	гьубегье	гьувегье	m	class_var	SA2012	42639	гьу/б/е́гье		вот
PTCL	гьубегье	гьуйегье	f	class_var	SA2012	42639	гьу/б/е́гье		вот
PTCL	гьубегье	гьубегье	n	class_var	SA2012	42639	гьу/б/е́гье		вот
PTCL	гьубегье	гьурегье	an.pl	class_var	SA2012	42639	гьу/б/е́гье		вот
PTCL	гьубегье	гьубегье		attested	SA2012	42645	гьубе́гье		вот
PTCL	гьубигье	гьубигье		attested	AA2019	42646	гьуби́гье		вот-вот
PTCL	гьулавучIа	гьулавучIа		attested	AA2019	42688	гьула́вучIа		не иначе как
PTCL	гьуштубццуб	гьуштубццуб		attested	SA2012	42791	гьушту́бццуб		же
PTCL	дже	дже		attested	SA2012	43050	дже		ну
PTCL	ида	ида		attested	AA2019	43915	и́да		да
PTCL	идахобццуб	идахобццуб		attested	AA2019	43936	и́дахобццуб		вроде
PTCL	инла-букIала	инла-букIала		attested	AA2019	44271	и́нла-букIа́ла		всё же
PTCL	инлабукIалала	инлабукIалала		attested	SA2012	44277	инла́букIа́лала		всё же
PTCL	инлълъи	инлълъи		attested	AA2019	44288	инлълъи́		в-шестых
PTCL	йа	йа		attested	SA2012	44726	йа		ни
PTCL	йо	йо		attested	SA2012	44893	йо		да
PTCL	кIобццув	кIобццув		attested	AA2019	45310	кIо́бццув		: гьав кIвахIа́л кIо́бццув и́да он вроде болен
PTCL	канишна	канишна		attested	AA2019	45571	кани́шна		конечно
PTCL	ма	ма		attested	AA2019	47726	ма		ли
PTCL	масала	масала		attested	SA2012	48053	ма́сала		например
PTCL	махи	махи		attested	AA2019	48177	ма́хи		ли
PTCL	мисалай чала	мисалай чала		attested	AA2019	48654	миса́лай ча́ла	mwe	например
PTCL	мисикIаб	мисикIаб		attested	AA2019	48667,48668,48669	мисикIа́б		наверное
PTCL	рази	рази		attested	AA2019	50300	рази		да
PTCL	талу	талу		attested	AA2019	52464	та́лу		мол
PTCL	уᴴ	уᴴ		attested	SA2012	52837	уᴴ		да
PTCL	уᴴ	ун		nasal_n	SA2012	52837	уᴴ		да
PTCL	уᴴхолихха	уᴴхолихха		attested	AA2019	52841	у́ᴴхолихха		так
PTCL	уᴴхолихха	унхолихха		nasal_n	AA2019	52841	у́ᴴхолихха		так
PTCL	унжу	унгужу		variant	SA2012	52940	унгу́жу		см. у́нжу
PTCL	унджу	унджу		attested	AA2019	52944	унджу		да
PTCL	унжу	унжу		attested	SA2012	52949	у́нжу		то же
PTCL	унжума	унжума		attested	SA2012	52950	унжу́ма		да же
PTCL	хIассил	хIассил		attested	SA2012	53324	хIасси́л		одним словом
PTCL	хвалла	хвалла		attested	AA2019	53619	хва́лла		хоть
PTCL	хъиди	хъиди		attested	AA2019	54374	хъи́ди		вишь
PTCL	цеби	цеби		attested	AA2019	55178	цеби́		во-первых
PTCL	цебхумала	цебхумала		attested	AA2019	55212	це́бхумала		во-первых
CONJ	амма	амма		attested	AA2019; SA2012	35644,35645	амма		но
CONJ	бкIахвала	вкIахвала	m	class_var	AA2019	36956	б=кIахва́ла		если (было) бы
CONJ	бкIахвала	йкIахвала	f	class_var	AA2019	36956	б=кIахва́ла		если (было) бы
CONJ	бкIахвала	бкIахвала	n	class_var	AA2019	36956	б=кIахва́ла		если (было) бы
CONJ	бкIахвала	ркIахвала	an.pl	class_var	AA2019	36956	б=кIахва́ла		если (было) бы
CONJ	букIалла	вукIалла	m	class_var	AA2019	36988	б=укIа́лла		зато
CONJ	букIалла	йукIалла	f	class_var	AA2019	36988	б=укIа́лла		зато
CONJ	букIалла	букIалла	n	class_var	AA2019	36988	б=укIа́лла		зато
CONJ	букIалла	рукIалла	an.pl	class_var	AA2019	36988	б=укIа́лла		зато
CONJ	ва амма	ва амма		attested	AA2019	39461,39462	ва а́мма	mwe	но
CONJ	виᴴнсара	виᴴнсара		attested	AA2019	39757	ви́ᴴнсара		коли
CONJ	виᴴнсара	виннсара		nasal_n	AA2019	39757	ви́ᴴнсара		коли
CONJ	гьаᴴ	гьаᴴ		attested	SA2012	41567	гьа:ᴴ		а
CONJ	гьаᴴ	гьан		nasal_n	SA2012	41567	гьа:ᴴ		а
CONJ	гьуларду	гьуларду		attested	SA2012	42691	гьула́рду		потому
CONJ	добегье	довегье	m	class_var	SA2012	43151	до/б/е́гье		то
CONJ	добегье	дойегье	f	class_var	SA2012	43151	до/б/е́гье		то
CONJ	добегье	добегье	n	class_var	SA2012	43151	до/б/е́гье		то
CONJ	добегье	дорегье	an.pl	class_var	SA2012	43151	до/б/е́гье		то
CONJ	инла	инла		attested	SA2012	44272	инла́/инла́ла		как
CONJ	инла	инлала		variant	SA2012	44272	инла́/инла́ла		как
CONJ	йа	йа		attested	AA2019; SA2012	44723,44725	йа		либо
CONJ	йаги	йаги		attested	SA2012	44735	йа́ги		или
CONJ	йалъуни	йалъуни		attested	AA2019	44758	йа́лъуни		либо
CONJ	кIобццуб	кIобццуб		attested	AA2019	45309	кIо́бццуб		будто
CONJ	къорода гучIада	къорода гучIада		attested	AA2019	46885	къоро́да гучIа́да	mwe	нехотя
CONJ	но	но		attested	SA2012	49363	но:		но
CONJ	хIаᴴй	хIаᴴй		attested	SA2012	53098	хIаᴴй		но
CONJ	хIаᴴй	хIанй		nasal_n	SA2012	53098	хIаᴴй		но
CONJ	цебкIвала	цебкIвала		attested	SA2012	55183	цебкIва́ла		как бы не
CONJ	эб	эб		attested	AA2019	56614	эб		что
CONJ	эбхвала	эбхвала		attested	SA2012	56642	эбхва́ла		что
CONJ	эбхула	эбхула		attested	AA2019; SA2012	56645,56647	эбху́ла		что
CONJ	эпиталу кьала	эпиталу кьала		attested	AA2019	56725	э́питалу кьа́ла	mwe	ибо
CONJ	эбхула	эхула		variant	SA2012	56787	э́хула		см. эбху́ла
INTJ	ахх	ахх		attested	SA2012	35313	а:хх		баю-бай
INTJ	агьо-агьа	агьо-агьа		attested	AA2019	35443	агьо́-агьа		ради Бога
INTJ	алалай	алалай		attested	SA2012	35579	алала́й		ой
INTJ	аман	аман		attested	SA2012	35615	ама́н		см. аманаллагь
INTJ	аманаллагь	аманаллагь		attested	SA2012	35617,35618	ама́наллагь		ах
INTJ	амин	амин		attested	AA2019; SA2012	35638,35640,35642	а́мин		аминь
INTJ	ассаламгIалайкум	ассаламгIалайкум		attested	SA2012	35978	ассала́мгIалайкум		здравствуй
INTJ	астагъпируллагь	астагъпируллагь		attested	SA2012	35983	аста́гъпируллагь		господи, помилуй!
INTJ	белIи	велIи	m	class_var	SA2012	36291,36292	б/елIи́//б/улIи́		пошел!
INTJ	белIи	йелIи	f	class_var	SA2012	36291,36292	б/елIи́//б/улIи́		пошел!
INTJ	белIи	белIи	n	class_var	SA2012	36291,36292	б/елIи́//б/улIи́		пошел!
INTJ	белIи	релIи	an.pl	class_var	SA2012	36291,36292	б/елIи́//б/улIи́		пошел!
INTJ	белIи	вулIи	m	class_var	SA2012	36291,36292	б/елIи́//б/улIи́		пошел!
INTJ	белIи	йулIи	f	class_var	SA2012	36291,36292	б/елIи́//б/улIи́		пошел!
INTJ	белIи	булIи	n	class_var	SA2012	36291,36292	б/елIи́//б/улIи́		пошел!
INTJ	белIи	рулIи	an.pl	class_var	SA2012	36291,36292	б/елIи́//б/улIи́		пошел!
INTJ	барка	барка		attested	SA2012	37457	ба́рка		поздравляю
INTJ	баркалла	баркалла		attested	SA2012	37465,37466	барка́лла		спасибо
INTJ	бегъу	бегъу		attested	SA2012	37875	бе́гъу		достаточно
INTJ	вишади	вишади	m	class_var	SA2012	39314	в/и́шади		с приездом
INTJ	вишади	йишади	f	class_var	SA2012	39314	в/и́шади		с приездом
INTJ	вишади	бишади	n	class_var	SA2012	39314	в/и́шади		с приездом
INTJ	вишади	ришади	an.pl	class_var	SA2012	39314	в/и́шади		с приездом
INTJ	ворчIами	ворчIами	m	class_var	SA2012	39316	в/орчIами́		приветствие при встрече
INTJ	ворчIами	йорчIами	f	class_var	SA2012	39316	в/орчIами́		приветствие при встрече
INTJ	ворчIами	борчIами	n	class_var	SA2012	39316	в/орчIами́		приветствие при встрече
INTJ	ворчIами	рорчIами	an.pl	class_var	SA2012	39316	в/орчIами́		приветствие при встрече
INTJ	ворчIохъами	ворчIохъами	m	class_var	AA2019	39431	в=орчIохъами́ // в=орчIовахъами́		здравствуй
INTJ	ворчIохъами	йорчIохъами	f	class_var	AA2019	39431	в=орчIохъами́ // в=орчIовахъами́		здравствуй
INTJ	ворчIохъами	борчIохъами	n	class_var	AA2019	39431	в=орчIохъами́ // в=орчIовахъами́		здравствуй
INTJ	ворчIохъами	рорчIохъами	an.pl	class_var	AA2019	39431	в=орчIохъами́ // в=орчIовахъами́		здравствуй
INTJ	ворчIохъами	ворчIовахъами	m	class_var	AA2019	39431	в=орчIохъами́ // в=орчIовахъами́		здравствуй
INTJ	ворчIохъами	йорчIовахъами	f	class_var	AA2019	39431	в=орчIохъами́ // в=орчIовахъами́		здравствуй
INTJ	ворчIохъами	борчIовахъами	n	class_var	AA2019	39431	в=орчIохъами́ // в=орчIовахъами́		здравствуй
INTJ	ворчIохъами	рорчIовахъами	an.pl	class_var	AA2019	39431	в=орчIохъами́ // в=орчIовахъами́		здравствуй
INTJ	ва	ва		attested	SA2012	39463	ва:		ага
INTJ	ваᴴгьи	ваᴴгьи		attested	AA2019; SA2012	39465,39467	ваᴴгьи́		межд. возглас удивления
INTJ	ваᴴгьи	вангьи		nasal_n	AA2019; SA2012	39465,39467	ваᴴгьи́		межд. возглас удивления
INTJ	вабабай	вабабай		attested	SA2012	39473,39475,39476,39477	ваба:бай		ну и ну
INTJ	вабабайи	вабабайи		attested	SA2012	39474	вабаба:йи		ай-ай-ай
INTJ	вабиллагь	вабиллагь		attested	SA2012	39483	ваби́ллагь		ей-богу
INTJ	вагIалайкум-ссалам	вагIалайкум-ссалам		attested	SA2012	39484	вагIала́йкум-ссалам		здравствуйте
INTJ	ваддаддай	ваддаддай		attested	SA2012	39493	ва́ддаддай		ой-ой-ой
INTJ	вай	вай		attested	AA2019; SA2012	39500,39504,39505,39506,39507,39508,39512	вай		ай
INTJ	вай-вай	вай-вай		attested	SA2012	39516,39517	вай-ва:й		ай-ай-ай
INTJ	вай-вай-вай	вай-вай-вай		attested	SA2012	39518	вай-вай-ва́й		ой-ой-ой
INTJ	вайи	вайи		attested	SA2012	39520	ва́йи		ой
INTJ	валагьи-билагьи	валагьи-билагьи		attested	AA2019	39549	ва́лагьи-би́лагьи		ей-богу
INTJ	валай гIазимгьа	валай гIазимгьа		attested	AA2019	39550	ва́лай гIази́мгьа	mwe	ей-богу
INTJ	валалай	валалай		attested	SA2012	39551	валала́й		ой-ой-ой
INTJ	валла-билла	валла-билла		attested	SA2012	39557	ва́лла-билла		ей-богу
INTJ	валлагьи	валлагьи		attested	SA2012	39558,39559	ва́ллагьи		конечно
INTJ	валлалай	валлалай		attested	SA2012	39560	валлала́й		ого
INTJ	варе	варе		attested	SA2012	39590	варе́//варе́хха//воре́хха		эй
INTJ	варе	варехха		variant	SA2012	39590	варе́//варе́хха//воре́хха		эй
INTJ	варе	ворехха		variant	SA2012	39590	варе́//варе́хха//воре́хха		эй
INTJ	вахI	вахI		attested	AA2019	39617,39619	вахI		ох
INTJ	велълъи	велълъи		attested	AA2019	39698	велълъи́		поди
INTJ	во	во		attested	SA2012	39865	во		во
INTJ	вой	вой		attested	SA2012	39871	вой//вей		да
INTJ	вой	вей		variant	SA2012	39871	вой//вей		да
INTJ	гIав	гIав		attested	SA2012	39945	гIав		фу
INTJ	гIазаналлагь	гIазаналлагь		attested	SA2012	40046	гIазаналла́гь		не дай бог
INTJ	гIай	гIай		attested	AA2019; SA2012	40047,40050	гIай		возглас, которым отгоняют, подгоняют коров
INTJ	гIап-гIап	гIап-гIап		attested	SA2012	40181	гIап-гIа́п		гав-гав
INTJ	гва	гва		attested	AA2019	40610	гва		возьми
INTJ	гири-гири	гири-гири		attested	SA2012	40738	гири́-гири́		межд. подзывной клич для овец
INTJ	гиригири	гиригири		attested	AA2019	40740	гири́гири		ласковое обращение к овце или ягненку
INTJ	гиригири гьа	гиригири гьа		attested	AA2019	40741	гиригири гьа	mwe	возглас, которым призывают овцу следовать за хозяином
INTJ	гуцуцу-гвагь	гуцуцу-гвагь		attested	SA2012	40944	гу́цуцу-гвагь		межд. возглас, которым подзывают коз
INTJ	гъваба	гъваба		attested	AA2019	41230	гъваба́		поди
INTJ	гьаᴴгьа	гьаᴴгьа		attested	SA2012	41569	гьа:ᴴгьа		ага
INTJ	гьаᴴгьа	гьангьа		nasal_n	SA2012	41569	гьа:ᴴгьа		ага
INTJ	гьабущоги	гьабущоги		attested	AA2019	41634	гьабущо́ги		не может быть
INTJ	гьай	гьай		attested	AA2019; SA2012	41745,41749	гьай		понукание коровам (чтобы они тронулись с места, двигались вперед)
INTJ	гьайцу	гьайцу		attested	AA2019	41779	гьайцу		ласковое обращение к теленку
INTJ	гьизо	гьизо		attested	AA2019	42362	гьизо́		возглас, которым отгоняют, понукают коров
INTJ	гьизо-чва	гьизо-чва		attested	AA2019	42363	гьизо-чва		возглас, которым подзывают коров
INTJ	гьизоку	гьизоку		attested	AA2019	42364	гьизоку		ласковое обращение к корове
INTJ	гьойцу	гьойцу		attested	SA2012	42626	гьо́йцу		подзывной клич для телят
INTJ	гьуйц-гьуйц	гьуйц-гьуйц		attested	SA2012	42682	гьуйц-гьу́йц		межд. возглас, которым погоняют или прогоняют телят
INTJ	гьуц	гьуц		attested	AA2019; SA2012	42777,42779	гьуц		возглас, которым отгоняют телёнка
INTJ	гьуц-гьуц	гьуц-гьуц		attested	SA2012	42781	гьуц-гьуц		межд. подзывной клич для теленка
INTJ	дваргъ	дваргъ		attested	AA2019	42966	дваргъ		бух
INTJ	дучичи	дучичи		attested	AA2019	43224	ду́чичи		ласковое обращение к лошади
INTJ	загьруман	загьруман		attested	SA2012	43467	загьрума́н		чтоб ты подох
INTJ	зин	зин		attested	SA2012	43705	зин		межд . дзин
INTJ	куш	куш		attested	AA2019	46289	куш		возглас, чтобы отогнать кур
INTJ	кущуку	кущуку		attested	AA2019	46296	ку́щуку		ласковое обращение к курам
INTJ	къощ	къощ		attested	SA2012	46911	къощ		межд. возглас, которым останавливают осла
INTJ	къощику	къощику		attested	AA2019	46913	къощику		ласковое обращение к ослу
INTJ	къощуку-къощуку	къощуку-къощуку		attested	SA2012	46914	къо́щуку-къо́щуку		межд. подзывной клич для осла
INTJ	ле	ле		attested	AA2019; SA2012	47518,47520	ле		эй
INTJ	марщ	марщ		attested	SA2012	48036	марщ		марш
INTJ	огьогьой	огьогьой		attested	SA2012	49471,49472	огьогьо:й		то же
INTJ	рорчIарахъами	ворчIарахъами	m	class_var	AA2019	50215	р=орчIарахъами́		здравствуйте
INTJ	рорчIарахъами	йорчIарахъами	f	class_var	AA2019	50215	р=орчIарахъами́		здравствуйте
INTJ	рорчIарахъами	борчIарахъами	n	class_var	AA2019	50215	р=орчIарахъами́		здравствуйте
INTJ	рорчIарахъами	рорчIарахъами	an.pl	class_var	AA2019	50215	р=орчIарахъами́		здравствуйте
INTJ	салам гIалейкум	салам гIалейкум		attested	AA2019	51388	сала́м гIале́йкум	mwe	здравствуйте
INTJ	субхIаналлагьи	субхIаналлагьи		attested	SA2012	51976	субхIа́наллагьи		О, Аллах
INTJ	унджума	унджума		attested	AA2019	52945	унджума		? не так ли?
INTJ	унсуку-унсуку	унсуку-унсуку		attested	SA2012	52965	у́нсуку-у́нсуку		межд. подзывной клич для быка
INTJ	хIаᴴй	хIаᴴй		attested	AA2019	53096	хIаᴴй		восклицание для отгона осла
INTJ	хIаᴴй	хIанй		nasal_n	AA2019	53096	хIаᴴй		восклицание для отгона осла
INTJ	хIалчIахъайаб	хIалчIахъайав	m	class_var	SA2012	53262	хIалчIа́хъайа/б		да здравствует
INTJ	хIалчIахъайаб	хIалчIахъайай	f	class_var	SA2012	53262	хIалчIа́хъайа/б		да здравствует
INTJ	хIалчIахъайаб	хIалчIахъайаб	n	class_var	SA2012	53262	хIалчIа́хъайа/б		да здравствует
INTJ	хIалчIахъайаб	хIалчIахъайал	an.pl	class_var	SA2012	53262	хIалчIа́хъайа/б		да здравствует
INTJ	хIапи	хIапи		attested	SA2012	53288	хIа́пи		гав-гав
INTJ	хъацици-хъацици	хъацици-хъацици		attested	SA2012	54256	хъа́цици-хъа́цици		подзывной клич для осленка
INTJ	хьуболи	хьуболи		attested	SA2012	54629	хьу́боли		хорошо, что так
INTJ	хьурибе	хьурибе		attested	AA2019	54644	хьу́рибе		спокойной ночи
INTJ	ццит	ццит		attested	AA2019; SA2012	55280,55281	ццит		воскл. для отгона коз
INTJ	ццит	ццита		variant	SA2012	55281	ццит(а́)		межд. возглас, которым отгоняют овец
INTJ	чIахъибе	чIахъибе		attested	SA2012	55458	чIа́хъибе		да здравствует
INTJ	ччита	ччита		attested	SA2012	56152	ччита́		возглас, которым отгоняют кошек
INTJ	ччита	ччит		variant	SA2012	56152	ччита́		возглас, которым отгоняют кошек
INTJ	ччш-ччш	ччш-ччш		attested	SA2012	56162	ччш-ччш		ш-ш
INTJ	щерадибе	щерадибе		attested	SA2012	56466	ще́радибе		с выздоровлением!
INTJ	эббулIала	эббулIала		attested	AA2019	56628	эббулIа́ла		ни за что
INTJ	эбигьалала	эбигьалала		attested	SA2012	56631	э́бигьалала		ни за что
ONOM	бегIеъе	бегIеъе		attested	SA2012	37834	бе́гIеъе		звукоподражание блеянию
ONOM	гуггу	гуггу		attested	SA2012	40803	гу́ггу		звукоподражание голосу кукушки
ONOM	гъвар-гъвари	гъвар-гъвари		attested	SA2012	41311	гъвар-гъва́ри		звукоподражание шуму сыплющихся орехов
ONOM	гъваххилъи	гъваххилъи		attested	SA2012	41340	гъва́ххилъи		звукоподражание падению твердых мелких предметов
ONOM	гъугъуй	гъугъуй		attested	SA2012	41427	гъугъу́й		звукоподражание шуму толпы
ONOM	двампи	двампи		attested	SA2012	42959	два́мпи		звукоподражание падению человека
ONOM	дванки	дванки		attested	SA2012	42963	два́нки		звукоподражание топоту ног, глухому удару тупых предметов
ONOM	двар-двари	двар-двари		attested	SA2012	42964	двар-два́ри		звукоподражание грохоту камнепада
ONOM	дваргъи	дваргъи		attested	SA2012	42970	два́ргъи		звукоподражание шуму
ONOM	джвархъи	джвархъи		attested	SA2012	43049	джва́рхъи		звукоподражание звону мелкой монеты, камушков в коробке
ONOM	зварххи	зварххи		attested	SA2012	43662	зва́рххи		звукоподражание побрякиванию звенящих предметов
ONOM	кIиркIири	кIиркIири		attested	SA2012	45142	кIиркIи́ри		звукоподражание громкому плачу
ONOM	къва-къва	къва-къва		attested	SA2012	46562	къва́-къва		звукоподражание карканью вороны
ONOM	кьиркьири	кьиркьири		attested	SA2012	47231	кьиркьи́ри		звукоподражание треску разламываемой ветви, бревна
ONOM	лълъибкIи	лълъибкIи		attested	SA2012	47690	лълъи́бкIи		звукоподражание звонкому хлебанию супа, чая
ONOM	пархх	пархх		attested	SA2012	49777	пархх		звукоподражание вспархиванию птицы
ONOM	тIвапи	тIвапи		attested	SA2012	52217	тIва́пи		звукоподражание топоту ног, глухому удару тупых предметов
ONOM	умма	умма		attested	SA2012	52931	умма́		звукоподражание мычанию
ONOM	хIап-хIапи	хIап-хIапи		attested	SA2012	53280	хIап-хIа́пи		гав-гав звукоподражание лаю собаки
ONOM	хъвархьи	хъвархьи		attested	SA2012	54332	хъва́рхьи		звукоподражание треску раскалываемых дров
ONOM	чIабкIи	чIабкIи		attested	SA2012	55343	чIа́бкIи		звукоподражание жадному и быстрому принятию пищи
ONOM	чIакIи-чIикIи	чIакIи-чIикIи		attested	SA2012	55378	чIа́кIи-чIи́кIи		звукоподражание плесканию в воде
ONOM	чIчIварххи	чIчIварххи		attested	SA2012	55659	чIчIва́рххи		звукоподражание звуку звонкой пощёчины
ONOM	чIчIинтIи	чIчIинтIи		attested	SA2012	55706	чIчIи́нтIи		см. чIчIир-чIчIиди́
ONOM	чванки-чинки	чванки-чинки		attested	SA2012	55929	чва́нки-чи́нки		звукоподражание плеску жидкости в незаполненном замкнутом сосуде
ONOM	чвар-чвари	чвар-чвари		attested	SA2012	55930	чвар-чва́ри		звукоподражание шуму бурно текущей или падающей воды
