pos	upper	lower	class_tag	status	source
ADV	аᴴгьибагъу	аᴴгьибагъу		attested	AA2019
ADV	аᴴгьибагъу	ангьибагъу		nasal_n	AA2019
ADV	аᴴгьихабив	аᴴгьихабив		attested	AA2019
ADV	аᴴгьихабив	ангьихабив		nasal_n	AA2019
ADV	аᴴгьихабу	аᴴгьихабу		attested	AA2019
ADV	аᴴгьихабу	ангьихабу		nasal_n	AA2019
ADV	аᴴгьихичIабу	аᴴгьихичIабу		attested	AA2019
ADV	аᴴгьихичIабу	аᴴгьихичӀабу		attested,palochka	AA2019
ADV	аᴴгьихичIабу	аᴴгьихичӏабу		attested,palochka	AA2019
ADV	аᴴгьихичIабу	аᴴгьихич1абу		attested,palochka	AA2019
ADV	аᴴгьихичIабу	ангьихичIабу		nasal_n	AA2019
ADV	аᴴгьихичIабу	ангьихичӀабу		nasal_n,palochka	AA2019
ADV	аᴴгьихичIабу	ангьихичӏабу		nasal_n,palochka	AA2019
ADV	аᴴгьихичIабу	ангьихич1абу		nasal_n,palochka	AA2019
ADV	аᴴгьо	аᴴгьо		attested	AA2019; SA2012
ADV	аᴴгьо	ангьо		nasal_n	AA2019; SA2012
ADV	абадади	абадади		attested	SA2012
ADV	абададила	абададила		attested	AA2019
ADV	абадал-иллагьил	абадал-иллагьил		attested	SA2012
ADV	абирха	абирха		attested	SA2012
ADV	аза-азар	аза-азар		attested	SA2012
ADV	аза-азаруда	аза-азаруда		attested	SA2012
ADV	анщи	анщи		attested	AA2019; SA2012
ADV	анщи	анщиссуб		variant	SA2012
ADV	анщида	анщида		attested	AA2019; SA2012
ADV	анщида-анщи	анщида-анщи		attested	SA2012
ADV	анщиданщи	анщиданщи		attested	AA2019
ADV	анщикIвала	анщикIвала		attested	AA2019; SA2012
ADV	анщикIвала	анщикӀвала		attested,palochka	AA2019; SA2012
ADV	анщикIвала	анщикӏвала		attested,palochka	AA2019; SA2012
ADV	анщикIвала	анщик1вала		attested,palochka	AA2019; SA2012
ADV	анщила	анщила		attested	AA2019
ADV	анщихвала	анщихвала		attested	SA2012
ADV	анщихвалла	анщихвалла		attested	AA2019
ADV	анщиццуб	анщиццуб		attested	AA2019
ADV	ара	ара		attested	AA2019; SA2012
ADV	ару	ару		attested	AA2019; SA2012
ADV	аруку	аруку		attested	AA2019; SA2012
ADV	асар	асар		attested	AA2019; SA2012
ADV	асар-бекъин	асар-бекъин		attested	SA2012
ADV	асарда	асарда		attested	AA2019
ADV	асардала	асардала		attested	AA2019
ADV	асарла	асарла		attested	AA2019
ADV	асарссеа	асарссеа		attested	SA2012
ADV	асархвала	асархвала		attested	AA2019; SA2012
ADV	асасар	асасар		attested	SA2012
ADV	асасар-бикку	асасар-бикку		attested	AA2019
ADV	асасарбикку	асасарбикку		attested	SA2012
ADV	ассулу	ассулу		attested	AA2019; SA2012
ADV	ассулу	ассулу-дару		variant	AA2019
ADV	ахакьуссу	ахакьуссу		attested	AA2019; SA2012
ADV	ахакьуссуйдера	ахакьуссуйдера		attested	AA2019; SA2012
ADV	ахара	ахара		attested	AA2019; SA2012
ADV	ахарайдера	ахарайдера		attested	AA2019
ADV	ахарассуб	ахарассуб		attested	AA2019; SA2012
ADV	ахарахакьуссу	ахарахакьуссу		attested	AA2019
ADV	ахарахакьуссуйдера	ахарахакьуссуйдера		attested	AA2019
ADV	ахареру	ахареру		attested	AA2019
ADV	ахиралда	ахиралда		attested	SA2012
ADV	ахиралдала	ахиралдала		attested	SA2012
ADV	ахирла	ахирла		attested	SA2012
ADV	ахъвабакьи	ахъвабакьи		attested	SA2012
ADV	ахъулу	ахъулу		attested	SA2012
ADV	бакъу	вакъу	m	class_var	SA2012
ADV	бакъу	йакъу	f	class_var	SA2012
ADV	бакъу	бакъу	n	class_var	SA2012
ADV	бакъу	ракъу	an.pl	class_var	SA2012
ADV	бакьилълъа	вакьилълъа	m	class_var	SA2012
ADV	бакьилълъа	йакьилълъа	f	class_var	SA2012
ADV	бакьилълъа	бакьилълъа	n	class_var	SA2012
ADV	бакьилълъа	ракьилълъа	an.pl	class_var	SA2012
ADV	бакьилълъаку	вакьилълъаку	m	class_var	SA2012
ADV	бакьилълъаку	йакьилълъаку	f	class_var	SA2012
ADV	бакьилълъаку	бакьилълъаку	n	class_var	SA2012
ADV	бакьилълъаку	ракьилълъаку	an.pl	class_var	SA2012
ADV	бакьу	вакьу	m	class_var	SA2012
ADV	бакьу	йакьу	f	class_var	SA2012
ADV	бакьу	бакьу	n	class_var	SA2012
ADV	бакьу	ракьу	an.pl	class_var	SA2012
ADV	бакьу-бакьу	вакьу-вакьу	m	class_var	SA2012
ADV	бакьу-бакьу	йакьу-йакьу	f	class_var	SA2012
ADV	бакьу-бакьу	бакьу-бакьу	n	class_var	SA2012
ADV	бакьу-бакьу	ракьу-ракьу	an.pl	class_var	SA2012
ADV	бакьу-ссеа	вакьу-ссеа	m	class_var	SA2012
ADV	бакьу-ссеа	йакьу-ссеа	f	class_var	SA2012
ADV	бакьу-ссеа	бакьу-ссеа	n	class_var	SA2012
ADV	бакьу-ссеа	ракьу-ссеа	an.pl	class_var	SA2012
ADV	бакьуссе	вакьуссе	m	class_var	SA2012
ADV	бакьуссе	йакьуссе	f	class_var	SA2012
ADV	бакьуссе	бакьуссе	n	class_var	SA2012
ADV	бакьуссе	ракьуссе	an.pl	class_var	SA2012
ADV	бекьараду	векьараду	m	class_var	AA2019; SA2012
ADV	бекьараду	йекьараду	f	class_var	AA2019; SA2012
ADV	бекьараду	бекьараду	n	class_var	AA2019; SA2012
ADV	бекьараду	рекьараду	an.pl	class_var	AA2019; SA2012
ADV	бекьарахи	векьарахи	m	class_var	SA2012
ADV	бекьарахи	йекьарахи	f	class_var	SA2012
ADV	бекьарахи	бекьарахи	n	class_var	SA2012
ADV	бекьарахи	рекьарахи	an.pl	class_var	SA2012
ADV	бекьару	векьару	m	class_var	SA2012
ADV	бекьару	йекьару	f	class_var	SA2012
ADV	бекьару	бекьару	n	class_var	SA2012
ADV	бекьару	рекьару	an.pl	class_var	SA2012
ADV	белIу	велIу	m	class_var	SA2012
ADV	белIу	велӀу	m	class_var,palochka	SA2012
ADV	белIу	велӏу	m	class_var,palochka	SA2012
ADV	белIу	вел1у	m	class_var,palochka	SA2012
ADV	белIу	йелIу	f	class_var	SA2012
ADV	белIу	йелӀу	f	class_var,palochka	SA2012
ADV	белIу	йелӏу	f	class_var,palochka	SA2012
ADV	белIу	йел1у	f	class_var,palochka	SA2012
ADV	белIу	белIу	n	class_var	SA2012
ADV	белIу	белӀу	n	class_var,palochka	SA2012
ADV	белIу	белӏу	n	class_var,palochka	SA2012
ADV	белIу	бел1у	n	class_var,palochka	SA2012
ADV	белIу	релIу	an.pl	class_var	SA2012
ADV	белIу	релӀу	an.pl	class_var,palochka	SA2012
ADV	белIу	релӏу	an.pl	class_var,palochka	SA2012
ADV	белIу	рел1у	an.pl	class_var,palochka	SA2012
ADV	берша	верша	m	class_var	SA2012
ADV	берша	йерша	f	class_var	SA2012
ADV	берша	берша	n	class_var	SA2012
ADV	берша	рерша	an.pl	class_var	SA2012
ADV	бессуха	вессуха	m	class_var	SA2012
ADV	бессуха	йессуха	f	class_var	SA2012
ADV	бессуха	бессуха	n	class_var	SA2012
ADV	бессуха	рессуха	an.pl	class_var	SA2012
ADV	бесхъе	весхъе	m	class_var	SA2012
ADV	бесхъе	йесхъе	f	class_var	SA2012
ADV	бесхъе	бесхъе	n	class_var	SA2012
ADV	бесхъе	ресхъе	an.pl	class_var	SA2012
ADV	бехутIу	вехутIу	m	class_var	SA2012
ADV	бехутIу	вехутӀу	m	class_var,palochka	SA2012
ADV	бехутIу	вехутӏу	m	class_var,palochka	SA2012
ADV	бехутIу	вехут1у	m	class_var,palochka	SA2012
ADV	бехутIу	йехутIу	f	class_var	SA2012
ADV	бехутIу	йехутӀу	f	class_var,palochka	SA2012
ADV	бехутIу	йехутӏу	f	class_var,palochka	SA2012
ADV	бехутIу	йехут1у	f	class_var,palochka	SA2012
ADV	бехутIу	бехутIу	n	class_var	SA2012
ADV	бехутIу	бехутӀу	n	class_var,palochka	SA2012
ADV	бехутIу	бехутӏу	n	class_var,palochka	SA2012
ADV	бехутIу	бехут1у	n	class_var,palochka	SA2012
ADV	бехутIу	рехутIу	an.pl	class_var	SA2012
ADV	бехутIу	рехутӀу	an.pl	class_var,palochka	SA2012
ADV	бехутIу	рехутӏу	an.pl	class_var,palochka	SA2012
ADV	бехутIу	рехут1у	an.pl	class_var,palochka	SA2012
ADV	бехутIу-ссеа	вехутIу-ссеа	m	class_var	SA2012
ADV	бехутIу-ссеа	вехутӀу-ссеа	m	class_var,palochka	SA2012
ADV	бехутIу-ссеа	вехутӏу-ссеа	m	class_var,palochka	SA2012
ADV	бехутIу-ссеа	вехут1у-ссеа	m	class_var,palochka	SA2012
ADV	бехутIу-ссеа	йехутIу-ссеа	f	class_var	SA2012
ADV	бехутIу-ссеа	йехутӀу-ссеа	f	class_var,palochka	SA2012
ADV	бехутIу-ссеа	йехутӏу-ссеа	f	class_var,palochka	SA2012
ADV	бехутIу-ссеа	йехут1у-ссеа	f	class_var,palochka	SA2012
ADV	бехутIу-ссеа	бехутIу-ссеа	n	class_var	SA2012
ADV	бехутIу-ссеа	бехутӀу-ссеа	n	class_var,palochka	SA2012
ADV	бехутIу-ссеа	бехутӏу-ссеа	n	class_var,palochka	SA2012
ADV	бехутIу-ссеа	бехут1у-ссеа	n	class_var,palochka	SA2012
ADV	бехутIу-ссеа	рехутIу-ссеа	an.pl	class_var	SA2012
ADV	бехутIу-ссеа	рехутӀу-ссеа	an.pl	class_var,palochka	SA2012
ADV	бехутIу-ссеа	рехутӏу-ссеа	an.pl	class_var,palochka	SA2012
ADV	бехутIу-ссеа	рехут1у-ссеа	an.pl	class_var,palochka	SA2012
ADV	бехутIу-ссеа	ссе		variant	SA2012
ADV	беххуйдера	веххуйдера	m	class_var	SA2012
ADV	беххуйдера	йеххуйдера	f	class_var	SA2012
ADV	беххуйдера	беххуйдера	n	class_var	SA2012
ADV	беххуйдера	реххуйдера	an.pl	class_var	SA2012
ADV	бехъутIу	вехъутIу	m	class_var	SA2012
ADV	бехъутIу	вехъутӀу	m	class_var,palochka	SA2012
ADV	бехъутIу	вехъутӏу	m	class_var,palochka	SA2012
ADV	бехъутIу	вехъут1у	m	class_var,palochka	SA2012
ADV	бехъутIу	йехъутIу	f	class_var	SA2012
ADV	бехъутIу	йехъутӀу	f	class_var,palochka	SA2012
ADV	бехъутIу	йехъутӏу	f	class_var,palochka	SA2012
ADV	бехъутIу	йехъут1у	f	class_var,palochka	SA2012
ADV	бехъутIу	бехъутIу	n	class_var	SA2012
ADV	бехъутIу	бехъутӀу	n	class_var,palochka	SA2012
ADV	бехъутIу	бехъутӏу	n	class_var,palochka	SA2012
ADV	бехъутIу	бехъут1у	n	class_var,palochka	SA2012
ADV	бехъутIу	рехъутIу	an.pl	class_var	SA2012
ADV	бехъутIу	рехъутӀу	an.pl	class_var,palochka	SA2012
ADV	бехъутIу	рехъутӏу	an.pl	class_var,palochka	SA2012
ADV	бехъутIу	рехъут1у	an.pl	class_var,palochka	SA2012
ADV	бечIуда	вечIуда	m	class_var	AA2019; SA2012
ADV	бечIуда	вечӀуда	m	class_var,palochka	AA2019; SA2012
ADV	бечIуда	вечӏуда	m	class_var,palochka	AA2019; SA2012
ADV	бечIуда	веч1уда	m	class_var,palochka	AA2019; SA2012
ADV	бечIуда	йечIуда	f	class_var	AA2019; SA2012
ADV	бечIуда	йечӀуда	f	class_var,palochka	AA2019; SA2012
ADV	бечIуда	йечӏуда	f	class_var,palochka	AA2019; SA2012
ADV	бечIуда	йеч1уда	f	class_var,palochka	AA2019; SA2012
ADV	бечIуда	бечIуда	n	class_var	AA2019; SA2012
ADV	бечIуда	бечӀуда	n	class_var,palochka	AA2019; SA2012
ADV	бечIуда	бечӏуда	n	class_var,palochka	AA2019; SA2012
ADV	бечIуда	беч1уда	n	class_var,palochka	AA2019; SA2012
ADV	бечIуда	речIуда	an.pl	class_var	AA2019; SA2012
ADV	бечIуда	речӀуда	an.pl	class_var,palochka	AA2019; SA2012
ADV	бечIуда	речӏуда	an.pl	class_var,palochka	AA2019; SA2012
ADV	бечIуда	реч1уда	an.pl	class_var,palochka	AA2019; SA2012
ADV	биххуйчIада	виххуйчIада	m	class_var	SA2012
ADV	биххуйчIада	виххуйчӀада	m	class_var,palochka	SA2012
ADV	биххуйчIада	виххуйчӏада	m	class_var,palochka	SA2012
ADV	биххуйчIада	виххуйч1ада	m	class_var,palochka	SA2012
ADV	биххуйчIада	йиххуйчIада	f	class_var	SA2012
ADV	биххуйчIада	йиххуйчӀада	f	class_var,palochka	SA2012
ADV	биххуйчIада	йиххуйчӏада	f	class_var,palochka	SA2012
ADV	биххуйчIада	йиххуйч1ада	f	class_var,palochka	SA2012
ADV	биххуйчIада	биххуйчIада	n	class_var	SA2012
ADV	биххуйчIада	биххуйчӀада	n	class_var,palochka	SA2012
ADV	биххуйчIада	биххуйчӏада	n	class_var,palochka	SA2012
ADV	биххуйчIада	биххуйч1ада	n	class_var,palochka	SA2012
ADV	биххуйчIада	риххуйчIада	an.pl	class_var	SA2012
ADV	биххуйчIада	риххуйчӀада	an.pl	class_var,palochka	SA2012
ADV	биххуйчIада	риххуйчӏада	an.pl	class_var,palochka	SA2012
ADV	биххуйчIада	риххуйч1ада	an.pl	class_var,palochka	SA2012
ADV	букIа-букIабулълъу	вукIа-вукIабулълъу	m	class_var	SA2012
ADV	букIа-букIабулълъу	вукӀа-вукӀабулълъу	m	class_var,palochka	SA2012
ADV	букIа-букIабулълъу	вукӏа-вукӏабулълъу	m	class_var,palochka	SA2012
ADV	букIа-букIабулълъу	вук1а-вук1абулълъу	m	class_var,palochka	SA2012
ADV	букIа-букIабулълъу	йукIа-йукIабулълъу	f	class_var	SA2012
ADV	букIа-букIабулълъу	йукӀа-йукӀабулълъу	f	class_var,palochka	SA2012
ADV	букIа-букIабулълъу	йукӏа-йукӏабулълъу	f	class_var,palochka	SA2012
ADV	букIа-букIабулълъу	йук1а-йук1абулълъу	f	class_var,palochka	SA2012
ADV	букIа-букIабулълъу	букIа-букIабулълъу	n	class_var	SA2012
ADV	букIа-букIабулълъу	букӀа-букӀабулълъу	n	class_var,palochka	SA2012
ADV	букIа-букIабулълъу	букӏа-букӏабулълъу	n	class_var,palochka	SA2012
ADV	букIа-букIабулълъу	бук1а-бук1абулълъу	n	class_var,palochka	SA2012
ADV	букIа-букIабулълъу	рукIа-рукIабулълъу	an.pl	class_var	SA2012
ADV	букIа-букIабулълъу	рукӀа-рукӀабулълъу	an.pl	class_var,palochka	SA2012
ADV	букIа-букIабулълъу	рукӏа-рукӏабулълъу	an.pl	class_var,palochka	SA2012
ADV	букIа-букIабулълъу	рук1а-рук1абулълъу	an.pl	class_var,palochka	SA2012
ADV	букIабулълъу	вукIабулълъу	m	class_var	SA2012
ADV	букIабулълъу	вукӀабулълъу	m	class_var,palochka	SA2012
ADV	букIабулълъу	вукӏабулълъу	m	class_var,palochka	SA2012
ADV	букIабулълъу	вук1абулълъу	m	class_var,palochka	SA2012
ADV	букIабулълъу	йукIабулълъу	f	class_var	SA2012
ADV	букIабулълъу	йукӀабулълъу	f	class_var,palochka	SA2012
ADV	букIабулълъу	йукӏабулълъу	f	class_var,palochka	SA2012
ADV	букIабулълъу	йук1абулълъу	f	class_var,palochka	SA2012
ADV	букIабулълъу	букIабулълъу	n	class_var	SA2012
ADV	букIабулълъу	букӀабулълъу	n	class_var,palochka	SA2012
ADV	букIабулълъу	букӏабулълъу	n	class_var,palochka	SA2012
ADV	букIабулълъу	бук1абулълъу	n	class_var,palochka	SA2012
ADV	букIабулълъу	рукIабулълъу	an.pl	class_var	SA2012
ADV	букIабулълъу	рукӀабулълъу	an.pl	class_var,palochka	SA2012
ADV	букIабулълъу	рукӏабулълъу	an.pl	class_var,palochka	SA2012
ADV	букIабулълъу	рук1абулълъу	an.pl	class_var,palochka	SA2012
ADV	букIабхIале	вукIабхIале	m	class_var	SA2012
ADV	букIабхIале	вукӀабхӀале	m	class_var,palochka	SA2012
ADV	букIабхIале	вукӏабхӏале	m	class_var,palochka	SA2012
ADV	букIабхIале	вук1абх1але	m	class_var,palochka	SA2012
ADV	букIабхIале	йукIабхIале	f	class_var	SA2012
ADV	букIабхIале	йукӀабхӀале	f	class_var,palochka	SA2012
ADV	букIабхIале	йукӏабхӏале	f	class_var,palochka	SA2012
ADV	букIабхIале	йук1абх1але	f	class_var,palochka	SA2012
ADV	букIабхIале	букIабхIале	n	class_var	SA2012
ADV	букIабхIале	букӀабхӀале	n	class_var,palochka	SA2012
ADV	букIабхIале	букӏабхӏале	n	class_var,palochka	SA2012
ADV	букIабхIале	бук1абх1але	n	class_var,palochka	SA2012
ADV	букIабхIале	рукIабхIале	an.pl	class_var	SA2012
ADV	букIабхIале	рукӀабхӀале	an.pl	class_var,palochka	SA2012
ADV	букIабхIале	рукӏабхӏале	an.pl	class_var,palochka	SA2012
ADV	букIабхIале	рук1абх1але	an.pl	class_var,palochka	SA2012
ADV	бегъичIа	вегъичIа	m	class_var	AA2019
ADV	бегъичIа	вегъичӀа	m	class_var,palochka	AA2019
ADV	бегъичIа	вегъичӏа	m	class_var,palochka	AA2019
ADV	бегъичIа	вегъич1а	m	class_var,palochka	AA2019
ADV	бегъичIа	йегъичIа	f	class_var	AA2019
ADV	бегъичIа	йегъичӀа	f	class_var,palochka	AA2019
ADV	бегъичIа	йегъичӏа	f	class_var,palochka	AA2019
ADV	бегъичIа	йегъич1а	f	class_var,palochka	AA2019
ADV	бегъичIа	бегъичIа	n	class_var	AA2019
ADV	бегъичIа	бегъичӀа	n	class_var,palochka	AA2019
ADV	бегъичIа	бегъичӏа	n	class_var,palochka	AA2019
ADV	бегъичIа	бегъич1а	n	class_var,palochka	AA2019
ADV	бегъичIа	регъичIа	an.pl	class_var	AA2019
ADV	бегъичIа	регъичӀа	an.pl	class_var,palochka	AA2019
ADV	бегъичIа	регъичӏа	an.pl	class_var,palochka	AA2019
ADV	бегъичIа	регъич1а	an.pl	class_var,palochka	AA2019
ADV	бегъичIада	вегъичIада	m	class_var	AA2019
ADV	бегъичIада	вегъичӀада	m	class_var,palochka	AA2019
ADV	бегъичIада	вегъичӏада	m	class_var,palochka	AA2019
ADV	бегъичIада	вегъич1ада	m	class_var,palochka	AA2019
ADV	бегъичIада	йегъичIада	f	class_var	AA2019
ADV	бегъичIада	йегъичӀада	f	class_var,palochka	AA2019
ADV	бегъичIада	йегъичӏада	f	class_var,palochka	AA2019
ADV	бегъичIада	йегъич1ада	f	class_var,palochka	AA2019
ADV	бегъичIада	бегъичIада	n	class_var	AA2019
ADV	бегъичIада	бегъичӀада	n	class_var,palochka	AA2019
ADV	бегъичIада	бегъичӏада	n	class_var,palochka	AA2019
ADV	бегъичIада	бегъич1ада	n	class_var,palochka	AA2019
ADV	бегъичIада	регъичIада	an.pl	class_var	AA2019
ADV	бегъичIада	регъичӀада	an.pl	class_var,palochka	AA2019
ADV	бегъичIада	регъичӏада	an.pl	class_var,palochka	AA2019
ADV	бегъичIада	регъич1ада	an.pl	class_var,palochka	AA2019
ADV	бекьарадуку	векьарадуку	m	class_var	AA2019
ADV	бекьарадуку	йекьарадуку	f	class_var	AA2019
ADV	бекьарадуку	бекьарадуку	n	class_var	AA2019
ADV	бекьарадуку	рекьарадуку	an.pl	class_var	AA2019
ADV	бесхъа	весхъа	m	class_var	AA2019
ADV	бесхъа	йесхъа	f	class_var	AA2019
ADV	бесхъа	бесхъа	n	class_var	AA2019
ADV	бесхъа	ресхъа	an.pl	class_var	AA2019
ADV	бехутIу-ссе	вехутIу-ссе	m	class_var	AA2019
ADV	бехутIу-ссе	вехутӀу-ссе	m	class_var,palochka	AA2019
ADV	бехутIу-ссе	вехутӏу-ссе	m	class_var,palochka	AA2019
ADV	бехутIу-ссе	вехут1у-ссе	m	class_var,palochka	AA2019
ADV	бехутIу-ссе	йехутIу-ссе	f	class_var	AA2019
ADV	бехутIу-ссе	йехутӀу-ссе	f	class_var,palochka	AA2019
ADV	бехутIу-ссе	йехутӏу-ссе	f	class_var,palochka	AA2019
ADV	бехутIу-ссе	йехут1у-ссе	f	class_var,palochka	AA2019
ADV	бехутIу-ссе	бехутIу-ссе	n	class_var	AA2019
ADV	бехутIу-ссе	бехутӀу-ссе	n	class_var,palochka	AA2019
ADV	бехутIу-ссе	бехутӏу-ссе	n	class_var,palochka	AA2019
ADV	бехутIу-ссе	бехут1у-ссе	n	class_var,palochka	AA2019
ADV	бехутIу-ссе	рехутIу-ссе	an.pl	class_var	AA2019
ADV	бехутIу-ссе	рехутӀу-ссе	an.pl	class_var,palochka	AA2019
ADV	бехутIу-ссе	рехутӏу-ссе	an.pl	class_var,palochka	AA2019
ADV	бехутIу-ссе	рехут1у-ссе	an.pl	class_var,palochka	AA2019
ADV	беххиларха	веххиларха	m	class_var	AA2019
ADV	беххиларха	йеххиларха	f	class_var	AA2019
ADV	беххиларха	беххиларха	n	class_var	AA2019
ADV	беххиларха	реххиларха	an.pl	class_var	AA2019
ADV	беххило	веххило	m	class_var	AA2019
ADV	беххило	йеххило	f	class_var	AA2019
ADV	беххило	беххило	n	class_var	AA2019
ADV	беххило	реххило	an.pl	class_var	AA2019
ADV	бехъутIуку	вехъутIуку	m	class_var	AA2019
ADV	бехъутIуку	вехъутӀуку	m	class_var,palochka	AA2019
ADV	бехъутIуку	вехъутӏуку	m	class_var,palochka	AA2019
ADV	бехъутIуку	вехъут1уку	m	class_var,palochka	AA2019
ADV	бехъутIуку	йехъутIуку	f	class_var	AA2019
ADV	бехъутIуку	йехъутӀуку	f	class_var,palochka	AA2019
ADV	бехъутIуку	йехъутӏуку	f	class_var,palochka	AA2019
ADV	бехъутIуку	йехъут1уку	f	class_var,palochka	AA2019
ADV	бехъутIуку	бехъутIуку	n	class_var	AA2019
ADV	бехъутIуку	бехъутӀуку	n	class_var,palochka	AA2019
ADV	бехъутIуку	бехъутӏуку	n	class_var,palochka	AA2019
ADV	бехъутIуку	бехъут1уку	n	class_var,palochka	AA2019
ADV	бехъутIуку	рехъутIуку	an.pl	class_var	AA2019
ADV	бехъутIуку	рехъутӀуку	an.pl	class_var,palochka	AA2019
ADV	бехъутIуку	рехъутӏуку	an.pl	class_var,palochka	AA2019
ADV	бехъутIуку	рехъут1уку	an.pl	class_var,palochka	AA2019
ADV	бехъутIуру-бехъуту	вехъутIуру-вехъуту	m	class_var	AA2019
ADV	бехъутIуру-бехъуту	вехъутӀуру-вехъуту	m	class_var,palochka	AA2019
ADV	бехъутIуру-бехъуту	вехъутӏуру-вехъуту	m	class_var,palochka	AA2019
ADV	бехъутIуру-бехъуту	вехъут1уру-вехъуту	m	class_var,palochka	AA2019
ADV	бехъутIуру-бехъуту	йехъутIуру-йехъуту	f	class_var	AA2019
ADV	бехъутIуру-бехъуту	йехъутӀуру-йехъуту	f	class_var,palochka	AA2019
ADV	бехъутIуру-бехъуту	йехъутӏуру-йехъуту	f	class_var,palochka	AA2019
ADV	бехъутIуру-бехъуту	йехъут1уру-йехъуту	f	class_var,palochka	AA2019
ADV	бехъутIуру-бехъуту	бехъутIуру-бехъуту	n	class_var	AA2019
ADV	бехъутIуру-бехъуту	бехъутӀуру-бехъуту	n	class_var,palochka	AA2019
ADV	бехъутIуру-бехъуту	бехъутӏуру-бехъуту	n	class_var,palochka	AA2019
ADV	бехъутIуру-бехъуту	бехъут1уру-бехъуту	n	class_var,palochka	AA2019
ADV	бехъутIуру-бехъуту	рехъутIуру-рехъуту	an.pl	class_var	AA2019
ADV	бехъутIуру-бехъуту	рехъутӀуру-рехъуту	an.pl	class_var,palochka	AA2019
ADV	бехъутIуру-бехъуту	рехъутӏуру-рехъуту	an.pl	class_var,palochka	AA2019
ADV	бехъутIуру-бехъуту	рехъут1уру-рехъуту	an.pl	class_var,palochka	AA2019
ADV	бечIеридера	вечIеридера	m	class_var	AA2019
ADV	бечIеридера	вечӀеридера	m	class_var,palochka	AA2019
ADV	бечIеридера	вечӏеридера	m	class_var,palochka	AA2019
ADV	бечIеридера	веч1еридера	m	class_var,palochka	AA2019
ADV	бечIеридера	йечIеридера	f	class_var	AA2019
ADV	бечIеридера	йечӀеридера	f	class_var,palochka	AA2019
ADV	бечIеридера	йечӏеридера	f	class_var,palochka	AA2019
ADV	бечIеридера	йеч1еридера	f	class_var,palochka	AA2019
ADV	бечIеридера	бечIеридера	n	class_var	AA2019
ADV	бечIеридера	бечӀеридера	n	class_var,palochka	AA2019
ADV	бечIеридера	бечӏеридера	n	class_var,palochka	AA2019
ADV	бечIеридера	беч1еридера	n	class_var,palochka	AA2019
ADV	бечIеридера	речIеридера	an.pl	class_var	AA2019
ADV	бечIеридера	речӀеридера	an.pl	class_var,palochka	AA2019
ADV	бечIеридера	речӏеридера	an.pl	class_var,palochka	AA2019
ADV	бечIеридера	реч1еридера	an.pl	class_var,palochka	AA2019
ADV	бечекIо	вечекIо	m	class_var	AA2019
ADV	бечекIо	вечекӀо	m	class_var,palochka	AA2019
ADV	бечекIо	вечекӏо	m	class_var,palochka	AA2019
ADV	бечекIо	вечек1о	m	class_var,palochka	AA2019
ADV	бечекIо	йечекIо	f	class_var	AA2019
ADV	бечекIо	йечекӀо	f	class_var,palochka	AA2019
ADV	бечекIо	йечекӏо	f	class_var,palochka	AA2019
ADV	бечекIо	йечек1о	f	class_var,palochka	AA2019
ADV	бечекIо	бечекIо	n	class_var	AA2019
ADV	бечекIо	бечекӀо	n	class_var,palochka	AA2019
ADV	бечекIо	бечекӏо	n	class_var,palochka	AA2019
ADV	бечекIо	бечек1о	n	class_var,palochka	AA2019
ADV	бечекIо	речекIо	an.pl	class_var	AA2019
ADV	бечекIо	речекӀо	an.pl	class_var,palochka	AA2019
ADV	бечекIо	речекӏо	an.pl	class_var,palochka	AA2019
ADV	бечекIо	речек1о	an.pl	class_var,palochka	AA2019
ADV	бигъидера	вигъидера	m	class_var	AA2019
ADV	бигъидера	йигъидера	f	class_var	AA2019
ADV	бигъидера	бигъидера	n	class_var	AA2019
ADV	бигъидера	ригъидера	an.pl	class_var	AA2019
ADV	бочIухо	вочIухо	m	class_var	AA2019
ADV	бочIухо	вочӀухо	m	class_var,palochka	AA2019
ADV	бочIухо	вочӏухо	m	class_var,palochka	AA2019
ADV	бочIухо	воч1ухо	m	class_var,palochka	AA2019
ADV	бочIухо	йочIухо	f	class_var	AA2019
ADV	бочIухо	йочӀухо	f	class_var,palochka	AA2019
ADV	бочIухо	йочӏухо	f	class_var,palochka	AA2019
ADV	бочIухо	йоч1ухо	f	class_var,palochka	AA2019
ADV	бочIухо	бочIухо	n	class_var	AA2019
ADV	бочIухо	бочӀухо	n	class_var,palochka	AA2019
ADV	бочIухо	бочӏухо	n	class_var,palochka	AA2019
ADV	бочIухо	боч1ухо	n	class_var,palochka	AA2019
ADV	бочIухо	рочIухо	an.pl	class_var	AA2019
ADV	бочIухо	рочӀухо	an.pl	class_var,palochka	AA2019
ADV	бочIухо	рочӏухо	an.pl	class_var,palochka	AA2019
ADV	бочIухо	роч1ухо	an.pl	class_var,palochka	AA2019
ADV	букIалла	вукIалла	m	class_var	AA2019
ADV	букIалла	вукӀалла	m	class_var,palochka	AA2019
ADV	букIалла	вукӏалла	m	class_var,palochka	AA2019
ADV	букIалла	вук1алла	m	class_var,palochka	AA2019
ADV	букIалла	йукIалла	f	class_var	AA2019
ADV	букIалла	йукӀалла	f	class_var,palochka	AA2019
ADV	букIалла	йукӏалла	f	class_var,palochka	AA2019
ADV	букIалла	йук1алла	f	class_var,palochka	AA2019
ADV	букIалла	букIалла	n	class_var	AA2019
ADV	букIалла	букӀалла	n	class_var,palochka	AA2019
ADV	букIалла	букӏалла	n	class_var,palochka	AA2019
ADV	букIалла	бук1алла	n	class_var,palochka	AA2019
ADV	букIалла	рукIалла	an.pl	class_var	AA2019
ADV	букIалла	рукӀалла	an.pl	class_var,palochka	AA2019
ADV	букIалла	рукӏалла	an.pl	class_var,palochka	AA2019
ADV	букIалла	рук1алла	an.pl	class_var,palochka	AA2019
ADV	буккидера	вуккидера	m	class_var	AA2019
ADV	буккидера	йуккидера	f	class_var	AA2019
ADV	буккидера	буккидера	n	class_var	AA2019
ADV	буккидера	руккидера	an.pl	class_var	AA2019
ADV	багьанай	багьанай		attested	SA2012
ADV	бажарерхи	бажарерхи		attested	AA2019
ADV	байбахи	байбахи		attested	SA2012
ADV	байлъи	байлъи		attested	SA2012
ADV	байлъику	байлъику		attested	SA2012
ADV	бакIа-бахаро	бакIа-бахаро		attested	SA2012
ADV	бакIа-бахаро	бакӀа-бахаро		attested,palochka	SA2012
ADV	бакIа-бахаро	бакӏа-бахаро		attested,palochka	SA2012
ADV	бакIа-бахаро	бак1а-бахаро		attested,palochka	SA2012
ADV	бакъабулълъа	бакъабулълъа		attested	SA2012
ADV	бакъабулълъуку	бакъабулълъуку		attested	SA2012
ADV	бакъерхи	бакъерхи		attested	AA2019; SA2012
ADV	бакъо	бакъо		attested	SA2012
ADV	бакьадахи	бакьадахи		attested	AA2019
ADV	бакьилълъа	бакьилълъа		attested	AA2019
ADV	бакьу	бакьу		attested	AA2019
ADV	бакьу-ссеку	бакьу-ссеку		attested	AA2019
ADV	балъго	балъго		attested	AA2019
ADV	балълъино	балълъино		attested	SA2012
ADV	баранлъи	баранлъи		attested	SA2012
ADV	батIа	батIа		attested	AA2019; SA2012
ADV	батIа	батӀа		attested,palochka	AA2019; SA2012
ADV	батIа	батӏа		attested,palochka	AA2019; SA2012
ADV	батIа	бат1а		attested,palochka	AA2019; SA2012
ADV	батIа-батIа	батIа-батIа		attested	AA2019
ADV	батIа-батIа	батӀа-батӀа		attested,palochka	AA2019
ADV	батIа-батIа	батӏа-батӏа		attested,palochka	AA2019
ADV	батIа-батIа	бат1а-бат1а		attested,palochka	AA2019
ADV	батIа	батIе		variant	SA2012
ADV	батIа	батӀе		variant,palochka	SA2012
ADV	батIа	батӏе		variant,palochka	SA2012
ADV	батIа	бат1е		variant,palochka	SA2012
ADV	батIада	батIада		attested	SA2012
ADV	батIада	батӀада		attested,palochka	SA2012
ADV	батIада	батӏада		attested,palochka	SA2012
ADV	батIада	бат1ада		attested,palochka	SA2012
ADV	батIе-батIе	батIе-батIе		attested	SA2012
ADV	батIе-батIе	батӀе-батӀе		attested,palochka	SA2012
ADV	батIе-батIе	батӏе-батӏе		attested,palochka	SA2012
ADV	батIе-батIе	бат1е-бат1е		attested,palochka	SA2012
ADV	батIебу	батIебу		attested	AA2019; SA2012
ADV	батIебу	батӀебу		attested,palochka	AA2019; SA2012
ADV	батIебу	батӏебу		attested,palochka	AA2019; SA2012
ADV	батIебу	бат1ебу		attested,palochka	AA2019; SA2012
ADV	батIи-батIебу	батIи-батIебу		attested	AA2019
ADV	батIи-батIебу	батӀи-батӀебу		attested,palochka	AA2019
ADV	батIи-батIебу	батӏи-батӏебу		attested,palochka	AA2019
ADV	батIи-батIебу	бат1и-бат1ебу		attested,palochka	AA2019
ADV	бахидера	бахидера		attested	AA2019
ADV	бебаха	бебаха		attested	SA2012
ADV	бебахи	бебахи		attested	SA2012
ADV	бела	бела		attested	SA2012
ADV	беле	беле		attested	SA2012
ADV	белеку	белеку		attested	SA2012
ADV	бегъвакьи	бегъвакьи		attested	SA2012
ADV	бегъида-бегъичIа	бегъида-бегъичIа		attested	SA2012
ADV	бегъида-бегъичIа	бегъида-бегъичӀа		attested,palochka	SA2012
ADV	бегъида-бегъичIа	бегъида-бегъичӏа		attested,palochka	SA2012
ADV	бегъида-бегъичIа	бегъида-бегъич1а		attested,palochka	SA2012
ADV	бегъу	бегъу		attested	AA2019; SA2012
ADV	бегъу-мерхьу	бегъу-мерхьу		attested	AA2019
ADV	бегьала	бегьала		attested	AA2019
ADV	бегьихабу	бегьихабу		attested	AA2019; SA2012
ADV	бекIунеку	бекIунеку		attested	AA2019
ADV	бекIунеку	бекӀунеку		attested,palochka	AA2019
ADV	бекIунеку	бекӏунеку		attested,palochka	AA2019
ADV	бекIунеку	бек1унеку		attested,palochka	AA2019
ADV	бекъа	бекъа		attested	AA2019; SA2012
ADV	бекъа-бекъа	бекъа-бекъа		attested	AA2019; SA2012
ADV	бекъа	бекъада		variant	SA2012
ADV	бекъабугъа	бекъабугъа		attested	AA2019
ADV	бекъада	бекъада		attested	AA2019
ADV	бекъи-бекъинллълъи	бекъи-бекъинллълъи		attested	AA2019
ADV	бекъино	бекъино		attested	SA2012
ADV	бекъо	бекъо		attested	AA2019
ADV	бекъуйдера	бекъуйдера		attested	AA2019
ADV	бекьару	бекьару		attested	AA2019
ADV	бекьаруку	бекьаруку		attested	AA2019
ADV	бессуха	бессуха		attested	AA2019
ADV	бессухаххинду	бессухаххинду		attested	AA2019
ADV	бесхъа-ссе	бесхъа-ссе		attested	AA2019
ADV	бесхъатIамичIада	бесхъатIамичIада		attested	SA2012
ADV	бесхъатIамичIада	бесхъатӀамичӀада		attested,palochka	SA2012
ADV	бесхъатIамичIада	бесхъатӏамичӏада		attested,palochka	SA2012
ADV	бесхъатIамичIада	бесхъат1амич1ада		attested,palochka	SA2012
ADV	бесхъаххинду	бесхъаххинду		attested	AA2019
ADV	бесхъе	бесхъе		attested	AA2019; SA2012
ADV	бесхъеку	бесхъеку		attested	AA2019
ADV	бесхъеруссуб	бесхъеруссуб		attested	AA2019
ADV	бехутIуссе	бехутIуссе		attested	SA2012
ADV	бехутIуссе	бехутӀуссе		attested,palochka	SA2012
ADV	бехутIуссе	бехутӏуссе		attested,palochka	SA2012
ADV	бехутIуссе	бехут1уссе		attested,palochka	SA2012
ADV	беххиларха	беххиларха		attested	SA2012
ADV	бечекIо	бечекIо		attested	SA2012
ADV	бечекIо	бечекӀо		attested,palochka	SA2012
ADV	бечекIо	бечекӏо		attested,palochka	SA2012
ADV	бечекIо	бечек1о		attested,palochka	SA2012
ADV	бештичIа	бештичIа		attested	AA2019
ADV	бештичIа	бештичӀа		attested,palochka	AA2019
ADV	бештичIа	бештичӏа		attested,palochka	AA2019
ADV	бештичIа	бештич1а		attested,palochka	AA2019
ADV	бещурди	бещурди		attested	SA2012
ADV	биххуйчIада	бигъичIада		variant	SA2012
ADV	биххуйчIада	бигъичӀада		variant,palochka	SA2012
ADV	биххуйчIада	бигъичӏада		variant,palochka	SA2012
ADV	биххуйчIада	бигъич1ада		variant,palochka	SA2012
ADV	бигьа	бигьа		attested	AA2019
ADV	бигьада	бигьада		attested	AA2019; SA2012
ADV	бигьаигьу	бигьаигьу		attested	SA2012
ADV	бигьерхи	бигьерхи		attested	AA2019
ADV	битIив	битIив		attested	AA2019; SA2012
ADV	битIив	битӀив		attested,palochka	AA2019; SA2012
ADV	битIив	битӏив		attested,palochka	AA2019; SA2012
ADV	битIив	бит1ив		attested,palochka	AA2019; SA2012
ADV	битIираххинду	битIираххинду		attested	AA2019
ADV	битIираххинду	битӀираххинду		attested,palochka	AA2019
ADV	битIираххинду	битӏираххинду		attested,palochka	AA2019
ADV	битIираххинду	бит1ираххинду		attested,palochka	AA2019
ADV	бичIчихабу	бичIчихабу		attested	AA2019
ADV	бичIчихабу	бичӀчихабу		attested,palochka	AA2019
ADV	бичIчихабу	бичӏчихабу		attested,palochka	AA2019
ADV	бичIчихабу	бич1чихабу		attested,palochka	AA2019
ADV	боццидера	боццидера		attested	AA2019
ADV	боццу	боццу		attested	SA2012
ADV	боццулахи	боццулахи		attested	AA2019; SA2012
ADV	бужихабу	бужихабу		attested	AA2019
ADV	букIалала	букIалала		attested	SA2012
ADV	букIалала	букӀалала		attested,palochka	SA2012
ADV	букIалала	букӏалала		attested,palochka	SA2012
ADV	букIалала	бук1алала		attested,palochka	SA2012
ADV	булIалла	булIалла		attested	AA2019
ADV	булIалла	булӀалла		attested,palochka	AA2019
ADV	булIалла	булӏалла		attested,palochka	AA2019
ADV	булIалла	бул1алла		attested,palochka	AA2019
ADV	булIаруди	булIаруди		attested	AA2019
ADV	булIаруди	булӀаруди		attested,palochka	AA2019
ADV	булIаруди	булӏаруди		attested,palochka	AA2019
ADV	булIаруди	бул1аруди		attested,palochka	AA2019
ADV	булIатакоруди	булIатакоруди		attested	AA2019
ADV	булIатакоруди	булӀатакоруди		attested,palochka	AA2019
ADV	булIатакоруди	булӏатакоруди		attested,palochka	AA2019
ADV	булIатакоруди	бул1атакоруди		attested,palochka	AA2019
ADV	булIидера	булIидера		attested	AA2019
ADV	булIидера	булӀидера		attested,palochka	AA2019
ADV	булIидера	булӏидера		attested,palochka	AA2019
ADV	булIидера	бул1идера		attested,palochka	AA2019
ADV	бурдатакIоруди	бурдатакIоруди		attested	AA2019
ADV	бурдатакIоруди	бурдатакӀоруди		attested,palochka	AA2019
ADV	бурдатакIоруди	бурдатакӏоруди		attested,palochka	AA2019
ADV	бурдатакIоруди	бурдатак1оруди		attested,palochka	AA2019
ADV	бэгъада	бэгъада		attested	SA2012
ADV	вакъу	вакъу	m	class_var	SA2012
ADV	вакъу	йакъу	f	class_var	SA2012
ADV	вакъу	бакъу	n	class_var	SA2012
ADV	вакъу	ракъу	an.pl	class_var	SA2012
ADV	вакьу-вакьу	вакьу-вакьу	m	class_var	SA2012
ADV	вакьу-вакьу	йакьу-йакьу	f	class_var	SA2012
ADV	вакьу-вакьу	бакьу-бакьу	n	class_var	SA2012
ADV	вакьу-вакьу	ракьу-ракьу	an.pl	class_var	SA2012
ADV	велIу	велIу	m	class_var	SA2012
ADV	велIу	велӀу	m	class_var,palochka	SA2012
ADV	велIу	велӏу	m	class_var,palochka	SA2012
ADV	велIу	вел1у	m	class_var,palochka	SA2012
ADV	велIу	йелIу	f	class_var	SA2012
ADV	велIу	йелӀу	f	class_var,palochka	SA2012
ADV	велIу	йелӏу	f	class_var,palochka	SA2012
ADV	велIу	йел1у	f	class_var,palochka	SA2012
ADV	велIу	белIу	n	class_var	SA2012
ADV	велIу	белӀу	n	class_var,palochka	SA2012
ADV	велIу	белӏу	n	class_var,palochka	SA2012
ADV	велIу	бел1у	n	class_var,palochka	SA2012
ADV	велIу	релIу	an.pl	class_var	SA2012
ADV	велIу	релӀу	an.pl	class_var,palochka	SA2012
ADV	велIу	релӏу	an.pl	class_var,palochka	SA2012
ADV	велIу	рел1у	an.pl	class_var,palochka	SA2012
ADV	ветилаквата	ветилаквата	m	class_var	SA2012
ADV	ветилаквата	йетилаквата	f	class_var	SA2012
ADV	ветилаквата	бетилаквата	n	class_var	SA2012
ADV	ветилаквата	ретилаквата	an.pl	class_var	SA2012
ADV	векъанив	векъанив	m	class_var	AA2019
ADV	векъанив	йекъанив	f	class_var	AA2019
ADV	векъанив	бекъанив	n	class_var	AA2019
ADV	векъанив	рекъанив	an.pl	class_var	AA2019
ADV	векъунду	векъунду	m	class_var	AA2019
ADV	векъунду	йекъунду	f	class_var	AA2019
ADV	векъунду	бекъунду	n	class_var	AA2019
ADV	векъунду	рекъунду	an.pl	class_var	AA2019
ADV	векьару	векьару	m	class_var	AA2019
ADV	векьару	йекьару	f	class_var	AA2019
ADV	векьару	бекьару	n	class_var	AA2019
ADV	векьару	рекьару	an.pl	class_var	AA2019
ADV	вабил	вабил		attested	SA2012
ADV	валларвай	валларвай		attested	SA2012
ADV	ванхалълъару-бесхъа	ванхалълъару-бесхъа		attested	SA2012
ADV	варе	варе		attested	SA2012
ADV	варе	варехха		variant	SA2012
ADV	варе	ворехха		variant	SA2012
ADV	вахIшиго	вахIшиго		attested	SA2012
ADV	вахIшиго	вахӀшиго		attested,palochka	SA2012
ADV	вахIшиго	вахӏшиго		attested,palochka	SA2012
ADV	вахIшиго	вах1шиго		attested,palochka	SA2012
ADV	велълъадалъи	велълъадалъи		attested	AA2019
ADV	вера-верахху	вера-верахху		attested	SA2012
ADV	вершо-вершо	вершо-вершо		attested	AA2019
ADV	вехутIуда	вехутIуда		attested	AA2019
ADV	вехутIуда	вехутӀуда		attested,palochka	AA2019
ADV	вехутIуда	вехутӏуда		attested,palochka	AA2019
ADV	вехутIуда	вехут1уда		attested,palochka	AA2019
ADV	вечIула-векъуда	вечIула-векъуда		attested	AA2019; SA2012
ADV	вечIула-векъуда	вечӀула-векъуда		attested,palochka	AA2019; SA2012
ADV	вечIула-векъуда	вечӏула-векъуда		attested,palochka	AA2019; SA2012
ADV	вечIула-векъуда	веч1ула-векъуда		attested,palochka	AA2019; SA2012
ADV	витIихабу	витIихабу		attested	AA2019
ADV	витIихабу	витӀихабу		attested,palochka	AA2019
ADV	витIихабу	витӏихабу		attested,palochka	AA2019
ADV	витIихабу	вит1ихабу		attested,palochka	AA2019
ADV	вити	вити		attested	AA2019
ADV	вихху	вихху		attested	AA2019
ADV	виъичIада	виъичIада		attested	AA2019
ADV	виъичIада	виъичӀада		attested,palochka	AA2019
ADV	виъичIада	виъичӏада		attested,palochka	AA2019
ADV	виъичIада	виъич1ада		attested,palochka	AA2019
ADV	вулълъата	вулълъата		attested	AA2019
ADV	гIага-шагарга	гIага-шагарга		attested	SA2012
ADV	гIага-шагарга	гӀага-шагарга		attested,palochka	SA2012
ADV	гIага-шагарга	гӏага-шагарга		attested,palochka	SA2012
ADV	гIага-шагарга	г1ага-шагарга		attested,palochka	SA2012
ADV	гIадада	гIадада		attested	AA2019; SA2012
ADV	гIадада	гӀадада		attested,palochka	AA2019; SA2012
ADV	гIадада	гӏадада		attested,palochka	AA2019; SA2012
ADV	гIадада	г1адада		attested,palochka	AA2019; SA2012
ADV	гIададагучIа	гIададагучIа		attested	AA2019
ADV	гIададагучIа	гӀададагучӀа		attested,palochka	AA2019
ADV	гIададагучIа	гӏададагучӏа		attested,palochka	AA2019
ADV	гIададагучIа	г1ададагуч1а		attested,palochka	AA2019
ADV	гIадалирха	гIадалирха		attested	AA2019
ADV	гIадалирха	гӀадалирха		attested,palochka	AA2019
ADV	гIадалирха	гӏадалирха		attested,palochka	AA2019
ADV	гIадалирха	г1адалирха		attested,palochka	AA2019
ADV	гIадигIада	гIадигIада		attested	AA2019
ADV	гIадигIада	гӀадигӀада		attested,palochka	AA2019
ADV	гIадигIада	гӏадигӏада		attested,palochka	AA2019
ADV	гIадигIада	г1адиг1ада		attested,palochka	AA2019
ADV	гIаксалда	гIаксалда		attested	SA2012
ADV	гIаксалда	гӀаксалда		attested,palochka	SA2012
ADV	гIаксалда	гӏаксалда		attested,palochka	SA2012
ADV	гIаксалда	г1аксалда		attested,palochka	SA2012
ADV	гIассиго	гIассиго		attested	SA2012
ADV	гIассиго	гӀассиго		attested,palochka	SA2012
ADV	гIассиго	гӏассиго		attested,palochka	SA2012
ADV	гIассиго	г1ассиго		attested,palochka	SA2012
ADV	гIассилъив	гIассилъив		attested	SA2012
ADV	гIассилъив	гӀассилъив		attested,palochka	SA2012
ADV	гIассилъив	гӏассилъив		attested,palochka	SA2012
ADV	гIассилъив	г1ассилъив		attested,palochka	SA2012
ADV	гIедегIа	гIедегIа		attested	SA2012
ADV	гIедегIа	гӀедегӀа		attested,palochka	SA2012
ADV	гIедегIа	гӏедегӏа		attested,palochka	SA2012
ADV	гIедегIа	г1едег1а		attested,palochka	SA2012
ADV	гIедегIа	гIедегIада		variant	SA2012
ADV	гIедегIа	гӀедегӀада		variant,palochka	SA2012
ADV	гIедегIа	гӏедегӏада		variant,palochka	SA2012
ADV	гIедегIа	г1едег1ада		variant,palochka	SA2012
ADV	гIиндидера	гIиндидера		attested	SA2012
ADV	гIиндидера	гӀиндидера		attested,palochka	SA2012
ADV	гIиндидера	гӏиндидера		attested,palochka	SA2012
ADV	гIиндидера	г1индидера		attested,palochka	SA2012
ADV	гIумруди	гIумруди		attested	SA2012
ADV	гIумруди	гӀумруди		attested,palochka	SA2012
ADV	гIумруди	гӏумруди		attested,palochka	SA2012
ADV	гIумруди	г1умруди		attested,palochka	SA2012
ADV	гIумрулъи	гIумрулъи		attested	SA2012
ADV	гIумрулъи	гӀумрулъи		attested,palochka	SA2012
ADV	гIумрулъи	гӏумрулъи		attested,palochka	SA2012
ADV	гIумрулъи	г1умрулъи		attested,palochka	SA2012
ADV	гIумрулъи	гIумрулъида		variant	SA2012
ADV	гIумрулъи	гӀумрулъида		variant,palochka	SA2012
ADV	гIумрулъи	гӏумрулъида		variant,palochka	SA2012
ADV	гIумрулъи	г1умрулъида		variant,palochka	SA2012
ADV	гIумуруй	гIумуруй		attested	AA2019
ADV	гIумуруй	гӀумуруй		attested,palochka	AA2019
ADV	гIумуруй	гӏумуруй		attested,palochka	AA2019
ADV	гIумуруй	г1умуруй		attested,palochka	AA2019
ADV	гIуруслълъиди	гIуруслълъиди		attested	SA2012
ADV	гIуруслълъиди	гӀуруслълъиди		attested,palochka	SA2012
ADV	гIуруслълъиди	гӏуруслълъиди		attested,palochka	SA2012
ADV	гIуруслълъиди	г1уруслълъиди		attested,palochka	SA2012
ADV	гала	гала		attested	SA2012
ADV	галада	галада		attested	AA2019; SA2012
ADV	галълъа	галълъа		attested	SA2012
ADV	галълъада	галълъада		attested	SA2012
ADV	галълъаку	галълъаку		attested	SA2012
ADV	гаруди	гаруди		attested	AA2019
ADV	гашта	гашта		attested	AA2019; SA2012
ADV	гаштада	гаштада		attested	AA2019
ADV	гашталълъиди	гашталълъиди		attested	SA2012
ADV	гаштана	гаштана		attested	SA2012
ADV	гвангъаду	гвангъаду		attested	SA2012
ADV	гвангъо	гвангъо		attested	SA2012
ADV	гванзо	гванзо		attested	AA2019; SA2012
ADV	гваргвабигъо	гваргвабигъо		attested	SA2012
ADV	гола	гола		attested	SA2012
ADV	голада	голада		attested	AA2019
ADV	голълъада	голълъада		attested	SA2012
ADV	голълъаку	голълъаку		attested	AA2019; SA2012
ADV	горуди	горуди		attested	SA2012
ADV	горуди	горугьуди		variant	SA2012
ADV	гошта	гошта		attested	SA2012
ADV	гошталълъиди	гошталълъиди		attested	SA2012
ADV	гоштана	гоштана		attested	SA2012
ADV	гурхIа	гурхIа		attested	SA2012
ADV	гурхIа	гурхӀа		attested,palochka	SA2012
ADV	гурхIа	гурхӏа		attested,palochka	SA2012
ADV	гурхIа	гурх1а		attested,palochka	SA2012
ADV	гурхIихабу	гурхIихабу		attested	AA2019
ADV	гурхIихабу	гурхӀихабу		attested,palochka	AA2019
ADV	гурхIихабу	гурхӏихабу		attested,palochka	AA2019
ADV	гурхIихабу	гурх1ихабу		attested,palochka	AA2019
ADV	гучIала	гучIала		attested	AA2019
ADV	гучIала	гучӀала		attested,palochka	AA2019
ADV	гучIала	гучӏала		attested,palochka	AA2019
ADV	гучIала	гуч1ала		attested,palochka	AA2019
ADV	гъабирха	гъабирха		attested	SA2012
ADV	гъанкъатида	гъанкъатида		attested	AA2019
ADV	гъванакьи	гъванакьи		attested	SA2012
ADV	гъваналъику	гъваналъику		attested	SA2012
ADV	гъванигьала	гъванигьала		attested	SA2012
ADV	гъванигьерда	гъванигьерда		attested	SA2012
ADV	гъваниххинду	гъваниххинду		attested	AA2019
ADV	гъванкьа	гъванкьа		attested	AA2019
ADV	гъижихаххинду	гъижихаххинду		attested	AA2019
ADV	гъижихи	гъижихи		attested	SA2012
ADV	гъиради	гъиради		attested	SA2012
ADV	гъирдилъи	гъирдилъи		variant	SA2012
ADV	гъункидо	гъункидо		attested	SA2012
ADV	гъуно	гъуно		attested	SA2012
ADV	гъурду-чурду	гъурду-чурду		attested	SA2012
ADV	гьаᴴгьа	гьаᴴгьа		attested	SA2012
ADV	гьаᴴгьа	гьангьа		nasal_n	SA2012
ADV	гьабагъабажа	гьабагъабажа		attested	SA2012
ADV	гьабмикъиди	гьабмикъиди		attested	SA2012
ADV	гьабссагIати	гьабссагIати		attested	SA2012
ADV	гьабссагIати	гьабссагӀати		attested,palochka	SA2012
ADV	гьабссагIати	гьабссагӏати		attested,palochka	SA2012
ADV	гьабссагIати	гьабссаг1ати		attested,palochka	SA2012
ADV	гьабудагъвала	гьабудагъвала		attested	AA2019
ADV	гьабудалIа	гьабудалIа		attested	AA2019
ADV	гьабудалIа	гьабудалӀа		attested,palochka	AA2019
ADV	гьабудалIа	гьабудалӏа		attested,palochka	AA2019
ADV	гьабудалIа	гьабудал1а		attested,palochka	AA2019
ADV	гьага	гьага		attested	AA2019
ADV	гала	гьагала		variant	SA2012
ADV	галада	гьагалада		variant	SA2012
ADV	галълъада	гьагалълъада		variant	SA2012
ADV	галълъаку	гьагалълъаку		variant	SA2012
ADV	гашта	гьагашта		variant	SA2012
ADV	гашталълъиди	гьагашталъиди		variant	SA2012
ADV	гаштана	гьагаштана		variant	SA2012
ADV	гьагъада-бегъадалълъи	гьагъада-бегъадалълъи		attested	AA2019
ADV	гьагъадо	гьагъадо		attested	AA2019
ADV	гьагъихабулълъу	гьагъихабулълъу		attested	SA2012
ADV	гьада	гьада		attested	AA2019; SA2012
ADV	гьади	гьади		attested	AA2019; SA2012
ADV	гьай-гьай	гьай-гьай		attested	AA2019
ADV	гьакьеру-гьакьа	гьакьеру-гьакьа		attested	AA2019
ADV	гьакьурцIида	гьакьурцIида		attested	SA2012
ADV	гьакьурцIида	гьакьурцӀида		attested,palochka	SA2012
ADV	гьакьурцIида	гьакьурцӏида		attested,palochka	SA2012
ADV	гьакьурцIида	гьакьурц1ида		attested,palochka	SA2012
ADV	гьалIа	гьалIа		attested	AA2019
ADV	гьалIа	гьалӀа		attested,palochka	AA2019
ADV	гьалIа	гьалӏа		attested,palochka	AA2019
ADV	гьалIа	гьал1а		attested,palochka	AA2019
ADV	гьала	гьала		attested	AA2019; SA2012
ADV	гьалада	гьалада		attested	AA2019; SA2012
ADV	гьаладу	гьаладу		attested	SA2012
ADV	гьалъа	гьалъа		attested	AA2019
ADV	гьалълъа	гьалълъа		attested	SA2012
ADV	гьалълъаку	гьалълъаку		attested	AA2019; SA2012
ADV	аруку	гьалълъаку		variant	SA2012
ADV	гьанда	гьанда		attested	SA2012
ADV	гьанда	гьандаре		variant	SA2012
ADV	гьандаре	гьандаре		attested	AA2019
ADV	гьанкъа	гьанкъа		attested	AA2019
ADV	гьанкъе	гьанкъе		attested	AA2019
ADV	ара	гьара		variant	SA2012
ADV	гьара-гьаража	гьара-гьаража		attested	AA2019
ADV	гьардукьи	гьардукьи		attested	SA2012
ADV	гьарзаго	гьарзаго		attested	SA2012
ADV	ару	гьару		variant	SA2012
ADV	гьарчIчIаха	гьарчIчIаха		attested	AA2019
ADV	гьарчIчIаха	гьарчӀчӀаха		attested,palochka	AA2019
ADV	гьарчIчIаха	гьарчӏчӏаха		attested,palochka	AA2019
ADV	гьарчIчIаха	гьарч1ч1аха		attested,palochka	AA2019
ADV	гьарчIчIахи	гьарчIчIахи		attested	AA2019
ADV	гьарчIчIахи	гьарчӀчӀахи		attested,palochka	AA2019
ADV	гьарчIчIахи	гьарчӏчӏахи		attested,palochka	AA2019
ADV	гьарчIчIахи	гьарч1ч1ахи		attested,palochka	AA2019
ADV	гьассагIати	гьассагIати		attested	AA2019
ADV	гьассагIати	гьассагӀати		attested,palochka	AA2019
ADV	гьассагIати	гьассагӏати		attested,palochka	AA2019
ADV	гьассагIати	гьассаг1ати		attested,palochka	AA2019
ADV	гьацIай	гьацIай		attested	AA2019
ADV	гьацIай	гьацӀай		attested,palochka	AA2019
ADV	гьацIай	гьацӏай		attested,palochka	AA2019
ADV	гьацIай	гьац1ай		attested,palochka	AA2019
ADV	гьацIарцIида	гьацIарцIида		attested	SA2012
ADV	гьацIарцIида	гьацӀарцӀида		attested,palochka	SA2012
ADV	гьацIарцIида	гьацӏарцӏида		attested,palochka	SA2012
ADV	гьацIарцIида	гьац1арц1ида		attested,palochka	SA2012
ADV	гьачIчIахи	гьачIчIахи		attested	SA2012
ADV	гьачIчIахи	гьачӀчӀахи		attested,palochka	SA2012
ADV	гьачIчIахи	гьачӏчӏахи		attested,palochka	SA2012
ADV	гьачIчIахи	гьач1ч1ахи		attested,palochka	SA2012
ADV	гьачIчIахибешта	гьачIчIахивешта	m	class_var	SA2012
ADV	гьачIчIахибешта	гьачӀчӀахивешта	m	class_var,palochka	SA2012
ADV	гьачIчIахибешта	гьачӏчӏахивешта	m	class_var,palochka	SA2012
ADV	гьачIчIахибешта	гьач1ч1ахивешта	m	class_var,palochka	SA2012
ADV	гьачIчIахибешта	гьачIчIахийешта	f	class_var	SA2012
ADV	гьачIчIахибешта	гьачӀчӀахийешта	f	class_var,palochka	SA2012
ADV	гьачIчIахибешта	гьачӏчӏахийешта	f	class_var,palochka	SA2012
ADV	гьачIчIахибешта	гьач1ч1ахийешта	f	class_var,palochka	SA2012
ADV	гьачIчIахибешта	гьачIчIахибешта	n	class_var	SA2012
ADV	гьачIчIахибешта	гьачӀчӀахибешта	n	class_var,palochka	SA2012
ADV	гьачIчIахибешта	гьачӏчӏахибешта	n	class_var,palochka	SA2012
ADV	гьачIчIахибешта	гьач1ч1ахибешта	n	class_var,palochka	SA2012
ADV	гьачIчIахибешта	гьачIчIахирешта	an.pl	class_var	SA2012
ADV	гьачIчIахибешта	гьачӀчӀахирешта	an.pl	class_var,palochka	SA2012
ADV	гьачIчIахибешта	гьачӏчӏахирешта	an.pl	class_var,palochka	SA2012
ADV	гьачIчIахибешта	гьач1ч1ахирешта	an.pl	class_var,palochka	SA2012
ADV	гьашда	гьашда		attested	AA2019
ADV	гьашта	гьашта		attested	SA2012
ADV	гьаштада	гьаштада		attested	AA2019
ADV	гьаштана	гьаштана		attested	SA2012
ADV	гьагъихабулълъу	гьаъахалълъа		variant	SA2012
ADV	гье	гье		attested	AA2019
ADV	гьелъабу	гьелъабу		attested	AA2019; SA2012
ADV	гьеа	гьеа		attested	SA2012
ADV	гьеада	гьеада		attested	SA2012
ADV	гьеаду	гьеаду		attested	SA2012
ADV	гьеаку	гьеаку		attested	SA2012
ADV	гьеала	гьеала		attested	SA2012
ADV	гьеарахъи	гьеарахъи		attested	SA2012
ADV	гьеаххинду	гьеаххинду		attested	SA2012
ADV	гьеку	гьеку		attested	AA2019
ADV	гьекуда	гьекуда		attested	AA2019
ADV	гьекукьа	гьекукьа		attested	AA2019
ADV	гьела	гьела		attested	AA2019
ADV	гьеле	гьеле		attested	AA2019
ADV	гьена	гьена		attested	AA2019; SA2012
ADV	гьенада	гьенада		attested	SA2012
ADV	гьенада-гьена	гьенада-гьена		attested	SA2012
ADV	гьенайдера	гьенайдера		attested	AA2019; SA2012
ADV	гьенала	гьенала		attested	SA2012
ADV	гьеналъабу	гьеналъабу		attested	SA2012
ADV	гьеналълъеру	гьеналълъеру		attested	SA2012
ADV	гьенахвала	гьенахвала		attested	AA2019
ADV	гьершина	гьершина		attested	SA2012
ADV	гьехиндула	гьехиндула		attested	AA2019
ADV	гьечIасар	гьечIасар		attested	AA2019
ADV	гьечIасар	гьечӀасар		attested,palochka	AA2019
ADV	гьечIасар	гьечӏасар		attested,palochka	AA2019
ADV	гьечIасар	гьеч1асар		attested,palochka	AA2019
ADV	гьечIибесхъе	гьечIибесхъе		attested	SA2012
ADV	гьечIибесхъе	гьечӀибесхъе		attested,palochka	SA2012
ADV	гьечIибесхъе	гьечӏибесхъе		attested,palochka	SA2012
ADV	гьечIибесхъе	гьеч1ибесхъе		attested,palochka	SA2012
ADV	гьечIида-гьечIи	гьечIида-гьечIи		attested	SA2012
ADV	гьечIида-гьечIи	гьечӀида-гьечӀи		attested,palochka	SA2012
ADV	гьечIида-гьечIи	гьечӏида-гьечӏи		attested,palochka	SA2012
ADV	гьечIида-гьечIи	гьеч1ида-гьеч1и		attested,palochka	SA2012
ADV	гьечIиссе	гьечIиссе		attested	AA2019
ADV	гьечIиссе	гьечӀиссе		attested,palochka	AA2019
ADV	гьечIиссе	гьечӏиссе		attested,palochka	AA2019
ADV	гьечIиссе	гьеч1иссе		attested,palochka	AA2019
ADV	гьечIиссеа	гьечIиссеа		attested	SA2012
ADV	гьечIиссеа	гьечӀиссеа		attested,palochka	SA2012
ADV	гьечIиссеа	гьечӏиссеа		attested,palochka	SA2012
ADV	гьечIиссеа	гьеч1иссеа		attested,palochka	SA2012
ADV	гьечIиссеакуда	гьечIиссеакуда		attested	SA2012
ADV	гьечIиссеакуда	гьечӀиссеакуда		attested,palochka	SA2012
ADV	гьечIиссеакуда	гьечӏиссеакуда		attested,palochka	SA2012
ADV	гьечIиссеакуда	гьеч1иссеакуда		attested,palochka	SA2012
ADV	гьечIиссеасуб	гьечIиссеасув	m	class_var	SA2012
ADV	гьечIиссеасуб	гьечӀиссеасув	m	class_var,palochka	SA2012
ADV	гьечIиссеасуб	гьечӏиссеасув	m	class_var,palochka	SA2012
ADV	гьечIиссеасуб	гьеч1иссеасув	m	class_var,palochka	SA2012
ADV	гьечIиссеасуб	гьечIиссеасуй	f	class_var	SA2012
ADV	гьечIиссеасуб	гьечӀиссеасуй	f	class_var,palochka	SA2012
ADV	гьечIиссеасуб	гьечӏиссеасуй	f	class_var,palochka	SA2012
ADV	гьечIиссеасуб	гьеч1иссеасуй	f	class_var,palochka	SA2012
ADV	гьечIиссеасуб	гьечIиссеасуб	n	class_var	SA2012
ADV	гьечIиссеасуб	гьечӀиссеасуб	n	class_var,palochka	SA2012
ADV	гьечIиссеасуб	гьечӏиссеасуб	n	class_var,palochka	SA2012
ADV	гьечIиссеасуб	гьеч1иссеасуб	n	class_var,palochka	SA2012
ADV	гьечIиссеасуб	гьечIиссеасул	an.pl	class_var	SA2012
ADV	гьечIиссеасуб	гьечӀиссеасул	an.pl	class_var,palochka	SA2012
ADV	гьечIиссеасуб	гьечӏиссеасул	an.pl	class_var,palochka	SA2012
ADV	гьечIиссеасуб	гьеч1иссеасул	an.pl	class_var,palochka	SA2012
ADV	гьеъеха	гьеъеха		attested	AA2019
ADV	гьеъехи	гьеъехи		attested	AA2019
ADV	гьеъехику	гьеъехику		attested	AA2019
ADV	гьеэхаду	гьеэхаду		attested	SA2012
ADV	гьеэхи	гьеэхи		attested	SA2012
ADV	гьеэхику	гьеэхику		attested	SA2012
ADV	гьивдацеда	гьивдацеда		attested	AA2019
ADV	гьикьа	гьикьа		attested	AA2019; SA2012
ADV	гьикьа-гье	гьикьа-гье		attested	AA2019
ADV	гьикьаду	гьикьаду		attested	AA2019; SA2012
ADV	гьикьадуку	гьикьадуку		attested	AA2019
ADV	гьикьахинду	гьикьахинду		attested	AA2019
ADV	гьикьахинду	гьикьаххинду		variant	AA2019
ADV	гьикьаххинду	гьикьаххинду		attested	SA2012
ADV	гьикьерхи	гьикьерхи		attested	AA2019
ADV	гьикьи	гьикьи		attested	AA2019; SA2012
ADV	гьикьи-гьеа	гьикьи-гьеа		attested	SA2012
ADV	гьикьику	гьикьику		attested	SA2012
ADV	гьикьику-гьеа	гьикьику-гьеа		attested	SA2012
ADV	гьикьикуда	гьикьикуда		attested	AA2019
ADV	гьикьире	гьикьире		attested	AA2019
ADV	гьикьиссуб-гьеа	гьикьиссуб-гьеа		attested	SA2012
ADV	гьина	гьина		attested	AA2019; SA2012
ADV	гьенада	гьинада		variant	SA2012
ADV	гьинаду	гьинаду		attested	AA2019
ADV	гьенала	гьинала		variant	SA2012
ADV	гьиналълъару	гьиналълъару		attested	SA2012
ADV	гьиналълъару	гьинлъа		variant	SA2012
ADV	гьинаххинду	гьинаххинду		attested	AA2019; SA2012
ADV	гьенайдера	гьиндана		variant	SA2012
ADV	гьину-гьину	гьину-гьину		attested	AA2019
ADV	гьинуку	гьинуку		attested	AA2019; SA2012
ADV	гьинукуда	гьинукуда		attested	AA2019; SA2012
ADV	гьинуру	гьинуру		attested	SA2012
ADV	гьицIцIида	гьицIцIида		attested	SA2012
ADV	гьицIцIида	гьицӀцӀида		attested,palochka	SA2012
ADV	гьицIцIида	гьицӏцӏида		attested,palochka	SA2012
ADV	гьицIцIида	гьиц1ц1ида		attested,palochka	SA2012
ADV	гьицIцIицIцIида	гьицIцIицIцIида		attested	AA2019
ADV	гьицIцIицIцIида	гьицӀцӀицӀцӀида		attested,palochka	AA2019
ADV	гьицIцIицIцIида	гьицӏцӏицӏцӏида		attested,palochka	AA2019
ADV	гьицIцIицIцIида	гьиц1ц1иц1ц1ида		attested,palochka	AA2019
ADV	гола	гьогола		variant	SA2012
ADV	голълъада	гьоголълъада		variant	SA2012
ADV	голълъаку	гьоголълъаку		variant	SA2012
ADV	гошта	гьошта		variant	SA2012
ADV	гошталълъиди	гьошталълъиди		variant	SA2012
ADV	гоштана	гьоштана		variant	SA2012
ADV	гьула	гьула		attested	AA2019
ADV	гьулада	гьулада		attested	AA2019
ADV	гьулла	гьулла		attested	SA2012
ADV	гьуллада	гьуллада		attested	SA2012
ADV	гьуллакIа	гьуллакIа		attested	SA2012
ADV	гьуллакIа	гьуллакӀа		attested,palochka	SA2012
ADV	гьуллакIа	гьуллакӏа		attested,palochka	SA2012
ADV	гьуллакIа	гьуллак1а		attested,palochka	SA2012
ADV	гьулълъа	гьулълъа		attested	SA2012
ADV	гьулълъада	гьулълъада		attested	SA2012
ADV	гьулълъаку	гьулълъаку		attested	SA2012
ADV	гьулълъакуда	гьулълъакуда		attested	AA2019; SA2012
ADV	гьулълъару-бесхъа	гьулълъару-бесхъа		attested	SA2012
ADV	гьурудила	гьурудила		attested	SA2012
ADV	гьушта	гьушта		attested	AA2019; SA2012
ADV	гьуштада	гьуштада		attested	AA2019
ADV	гьуштана	гьуштана		attested	SA2012
ADV	дагIимда	дагIимда		attested	AA2019
ADV	дагIимда	дагӀимда		attested,palochka	AA2019
ADV	дагIимда	дагӏимда		attested,palochka	AA2019
ADV	дагIимда	даг1имда		attested,palochka	AA2019
ADV	даимда	даимда		attested	AA2019
ADV	дала	дала		attested	AA2019
ADV	дамдабигъо	дамдабигъо		attested	SA2012
ADV	данда	данда		attested	AA2019; SA2012
ADV	данда-букъу	данда-букъу		attested	AA2019
ADV	данда-гъанда	данда-гъанда		attested	SA2012
ADV	дандабукко	дандабукко		attested	SA2012
ADV	дандаххинду	дандаххинду		attested	SA2012
ADV	дарцвалъи	дарцвалъи		attested	SA2012
ADV	даъимда	даъимда		attested	AA2019
ADV	дегъа	дегъа		attested	SA2012
ADV	джандарманалълъа	джандарманалълъа		attested	SA2012
ADV	дола	дола		attested	AA2019
ADV	долла	долла		attested	SA2012
ADV	долълъаку	долълъаку		attested	AA2019; SA2012
ADV	доштада	доштада		attested	AA2019
ADV	дошталълъиди	дошталълъиди		attested	SA2012
ADV	завале	завале		attested	AA2019
ADV	загьиро	загьиро		attested	SA2012
ADV	залида	залида		attested	AA2019
ADV	залли	залли		attested	SA2012
ADV	зама-заманади	зама-заманади		attested	AA2019; SA2012
ADV	зама-заманалъи	зама-заманалъи		attested	SA2012
ADV	зама-замане	зама-замане		attested	SA2012
ADV	зама-заманеку	зама-заманеку		attested	AA2019
ADV	замагучIи	замагучIи		attested	AA2019
ADV	замагучIи	замагучӀи		attested,palochka	AA2019
ADV	замагучIи	замагучӏи		attested,palochka	AA2019
ADV	замагучIи	замагуч1и		attested,palochka	AA2019
ADV	заманай	заманай		attested	SA2012
ADV	занкIун	занкIун		attested	SA2012
ADV	занкIун	занкӀун		attested,palochka	SA2012
ADV	занкIун	занкӏун		attested,palochka	SA2012
ADV	занкIун	занк1ун		attested,palochka	SA2012
ADV	захIматго	захIматго		attested	SA2012
ADV	захIматго	захӀматго		attested,palochka	SA2012
ADV	захIматго	захӏматго		attested,palochka	SA2012
ADV	захIматго	зах1матго		attested,palochka	SA2012
ADV	зивданицIцIу	зивданицIцIу		attested	SA2012
ADV	зивданицIцIу	зивданицӀцӀу		attested,palochka	SA2012
ADV	зивданицIцIу	зивданицӏцӏу		attested,palochka	SA2012
ADV	зивданицIцIу	зивданиц1ц1у		attested,palochka	SA2012
ADV	зукIкIу	зукIкIу		attested	SA2012
ADV	зукIкIу	зукӀкӀу		attested,palochka	SA2012
ADV	зукIкIу	зукӏкӏу		attested,palochka	SA2012
ADV	зукIкIу	зук1к1у		attested,palochka	SA2012
ADV	зукIкIукIавлIарубесхъа	зукIкIукIавлIарубесхъа		attested	AA2019
ADV	зукIкIукIавлIарубесхъа	зукӀкӀукӀавлӀарубесхъа		attested,palochka	AA2019
ADV	зукIкIукIавлIарубесхъа	зукӏкӏукӏавлӏарубесхъа		attested,palochka	AA2019
ADV	зукIкIукIавлIарубесхъа	зук1к1ук1авл1арубесхъа		attested,palochka	AA2019
ADV	зулмуди	зулмуди		attested	SA2012
ADV	ибчичIада	ибчичIада		attested	AA2019
ADV	ибчичIада	ибчичӀада		attested,palochka	AA2019
ADV	ибчичIада	ибчичӏада		attested,palochka	AA2019
ADV	ибчичIада	ибчич1ада		attested,palochka	AA2019
ADV	идахоб-гучIаб	идахоб-гучIаб		attested	AA2019
ADV	идахоб-гучIаб	идахоб-гучӀаб		attested,palochka	AA2019
ADV	идахоб-гучIаб	идахоб-гучӏаб		attested,palochka	AA2019
ADV	идахоб-гучIаб	идахоб-гуч1аб		attested,palochka	AA2019
ADV	иддерхи	иддерхи		attested	SA2012
ADV	идерхи	идерхи		attested	AA2019
ADV	идо	идо		attested	SA2012
ADV	иллагьи-биллагьи	иллагьи-биллагьи		attested	SA2012
ADV	имуйгъалу	имуйгъалу		attested	AA2019
ADV	ина	ина		attested	AA2019; SA2012
ADV	инабукIалла	инабукIалла		attested	SA2012
ADV	инабукIалла	инабукӀалла		attested,palochka	SA2012
ADV	инабукIалла	инабукӏалла		attested,palochka	SA2012
ADV	инабукIалла	инабук1алла		attested,palochka	SA2012
ADV	инабукIалла	инабукIалала		variant	SA2012
ADV	инабукIалла	инабукӀалала		variant,palochka	SA2012
ADV	инабукIалла	инабукӏалала		variant,palochka	SA2012
ADV	инабукIалла	инабук1алала		variant,palochka	SA2012
ADV	инакIвала	инакIвала		attested	SA2012
ADV	инакIвала	инакӀвала		attested,palochka	SA2012
ADV	инакIвала	инакӏвала		attested,palochka	SA2012
ADV	инакIвала	инак1вала		attested,palochka	SA2012
ADV	инала	инала		attested	SA2012
ADV	иналъила	иналъила		attested	AA2019
ADV	инахвада	инахвада		attested	AA2019
ADV	инахвала	инахвала		attested	AA2019; SA2012
ADV	инахула	инахула		attested	SA2012
ADV	инаххинду	инаххинду		attested	SA2012
ADV	инда	инда		attested	AA2019; SA2012
ADV	индагIала	индагIала		attested	AA2019
ADV	индагIала	индагӀала		attested,palochka	AA2019
ADV	индагIала	индагӏала		attested,palochka	AA2019
ADV	индагIала	индаг1ала		attested,palochka	AA2019
ADV	индагIалай	индагIалай		attested	AA2019
ADV	индагIалай	индагӀалай		attested,palochka	AA2019
ADV	индагIалай	индагӏалай		attested,palochka	AA2019
ADV	индагIалай	индаг1алай		attested,palochka	AA2019
ADV	индагIалла	индагIалла		attested	SA2012
ADV	индагIалла	индагӀалла		attested,palochka	SA2012
ADV	индагIалла	индагӏалла		attested,palochka	SA2012
ADV	индагIалла	индаг1алла		attested,palochka	SA2012
ADV	индайдерала	индайдерала		attested	SA2012
ADV	индайдералъила	индайдералъила		attested	SA2012
ADV	индайдерахула	индайдерахула		attested	SA2012
ADV	индакIвала	индакIвала		attested	AA2019; SA2012
ADV	индакIвала	индакӀвала		attested,palochka	AA2019; SA2012
ADV	индакIвала	индакӏвала		attested,palochka	AA2019; SA2012
ADV	индакIвала	индак1вала		attested,palochka	AA2019; SA2012
ADV	индала	индала		attested	SA2012
ADV	индалъила	индалъила		attested	SA2012
ADV	индалълъерубесхъа	индалълъерубесхъа		attested	SA2012
ADV	индалълъерубесхъа	индалълъерубесхъалъила		variant	SA2012
ADV	индахвала	индахвала		attested	AA2019; SA2012
ADV	индахула	индахула		attested	SA2012
ADV	инду-индуди	инду-индуди		attested	AA2019
ADV	инду-индуй	инду-индуй		attested	AA2019
ADV	инкваквабулIа	инкваквабулIа		attested	AA2019
ADV	инкваквабулIа	инкваквабулӀа		attested,palochka	AA2019
ADV	инкваквабулIа	инкваквабулӏа		attested,palochka	AA2019
ADV	инкваквабулIа	инкваквабул1а		attested,palochka	AA2019
ADV	инкучIада	инкучIада		attested	AA2019
ADV	инкучIада	инкучӀада		attested,palochka	AA2019
ADV	инкучIада	инкучӏада		attested,palochka	AA2019
ADV	инкучIада	инкуч1ада		attested,palochka	AA2019
ADV	инкучIада	инкуйчIада		variant	AA2019
ADV	инкучIада	инкуйчӀада		variant,palochka	AA2019
ADV	инкучIада	инкуйчӏада		variant,palochka	AA2019
ADV	инкучIада	инкуйч1ада		variant,palochka	AA2019
ADV	инлIохи	инлIохи		attested	SA2012
ADV	инлIохи	инлӀохи		attested,palochka	SA2012
ADV	инлIохи	инлӏохи		attested,palochka	SA2012
ADV	инлIохи	инл1охи		attested,palochka	SA2012
ADV	инла	инла		attested	AA2019; SA2012
ADV	инла-букIала	инла-букIала		attested	AA2019
ADV	инла-букIала	инла-букӀала		attested,palochka	AA2019
ADV	инла-букIала	инла-букӏала		attested,palochka	AA2019
ADV	инла-букIала	инла-бук1ала		attested,palochka	AA2019
ADV	инла	инлала		variant	SA2012
ADV	инлабукIалала	инлабукIалала		attested	SA2012
ADV	инлабукIалала	инлабукӀалала		attested,palochka	SA2012
ADV	инлабукIалала	инлабукӏалала		attested,palochka	SA2012
ADV	инлабукIалала	инлабук1алала		attested,palochka	SA2012
ADV	инлада-букIала	инлада-букIала		attested	AA2019
ADV	инлада-букIала	инлада-букӀала		attested,palochka	AA2019
ADV	инлада-букIала	инлада-букӏала		attested,palochka	AA2019
ADV	инлада-букIала	инлада-бук1ала		attested,palochka	AA2019
ADV	инлакIвала	инлакIвала		attested	AA2019; SA2012
ADV	инлакIвала	инлакӀвала		attested,palochka	AA2019; SA2012
ADV	инлакIвала	инлакӏвала		attested,palochka	AA2019; SA2012
ADV	инлакIвала	инлак1вала		attested,palochka	AA2019; SA2012
ADV	инлахвала	инлахвала		attested	AA2019
ADV	интаралълъу	интаралълъу		attested	SA2012
ADV	ину	ину		attested	AA2019; SA2012
ADV	ину-хваᴴда	ину-хваᴴда		attested	AA2019
ADV	ину-хваᴴда	ину-хванда		nasal_n	AA2019
ADV	ину-хвалла	ину-хвалла		attested	AA2019
ADV	инубукIалла	инубукIалла		attested	SA2012
ADV	инубукIалла	инубукӀалла		attested,palochka	SA2012
ADV	инубукIалла	инубукӏалла		attested,palochka	SA2012
ADV	инубукIалла	инубук1алла		attested,palochka	SA2012
ADV	инубукIалла	инубукIалала		variant	SA2012
ADV	инубукIалла	инубукӀалала		variant,palochka	SA2012
ADV	инубукIалла	инубукӏалала		variant,palochka	SA2012
ADV	инубукIалла	инубук1алала		variant,palochka	SA2012
ADV	инугIала	инугIала		attested	AA2019
ADV	инугIала	инугӀала		attested,palochka	AA2019
ADV	инугIала	инугӏала		attested,palochka	AA2019
ADV	инугIала	инуг1ала		attested,palochka	AA2019
ADV	инугIалла	инугIалла		attested	SA2012
ADV	инугIалла	инугӀалла		attested,palochka	SA2012
ADV	инугIалла	инугӏалла		attested,palochka	SA2012
ADV	инугIалла	инуг1алла		attested,palochka	SA2012
ADV	инукIвала	инукIвала		attested	SA2012
ADV	инукIвала	инукӀвала		attested,palochka	SA2012
ADV	инукIвала	инукӏвала		attested,palochka	SA2012
ADV	инукIвала	инук1вала		attested,palochka	SA2012
ADV	инукIвалаку	инукIвалаку		attested	AA2019
ADV	инукIвалаку	инукӀвалаку		attested,palochka	AA2019
ADV	инукIвалаку	инукӏвалаку		attested,palochka	AA2019
ADV	инукIвалаку	инук1валаку		attested,palochka	AA2019
ADV	инуку	инуку		attested	AA2019; SA2012
ADV	инукубукIала	инукубукIала		attested	AA2019
ADV	инукубукIала	инукубукӀала		attested,palochka	AA2019
ADV	инукубукIала	инукубукӏала		attested,palochka	AA2019
ADV	инукубукIала	инукубук1ала		attested,palochka	AA2019
ADV	инукугIала	инукугIала		attested	AA2019; SA2012
ADV	инукугIала	инукугӀала		attested,palochka	AA2019; SA2012
ADV	инукугIала	инукугӏала		attested,palochka	AA2019; SA2012
ADV	инукугIала	инукуг1ала		attested,palochka	AA2019; SA2012
ADV	инукукIвала	инукукIвала		attested	AA2019
ADV	инукукIвала	инукукӀвала		attested,palochka	AA2019
ADV	инукукIвала	инукукӏвала		attested,palochka	AA2019
ADV	инукукIвала	инукук1вала		attested,palochka	AA2019
ADV	инукула	инукула		attested	SA2012
ADV	инукулъила	инукулъила		attested	SA2012
ADV	инукухваᴴда	инукухваᴴда		attested	AA2019
ADV	инукухваᴴда	инукухванда		nasal_n	AA2019
ADV	инукухвала	инукухвала		attested	AA2019
ADV	инукухула	инукухула		attested	SA2012
ADV	инула	инула		attested	SA2012
ADV	инула	инухула		variant	SA2012
ADV	инуссу-инала	инуссу-инала		attested	AA2019
ADV	инуссубхула	инуссубхула		attested	SA2012
ADV	инуссуинала	инуссуинала		attested	SA2012
ADV	инухвалла	инухвалла		attested	SA2012
ADV	инухула	инухула		attested	SA2012
ADV	инучIала	инучIала		attested	AA2019
ADV	инучIала	инучӀала		attested,palochka	AA2019
ADV	инучIала	инучӏала		attested,palochka	AA2019
ADV	инучIала	инуч1ала		attested,palochka	AA2019
ADV	ирххайдера	ирххайдера		attested	AA2019
ADV	исибалълъу	исибалълъу		attested	SA2012
ADV	ихтилат-кепе	ихтилат-кепе		attested	SA2012
ADV	ихтилаталда	ихтилаталда		attested	SA2012
ADV	иша	иша		attested	AA2019; SA2012
ADV	иши	иши		attested	SA2012
ADV	ишта	ишта		attested	SA2012
ADV	ишта	иштала		variant	SA2012
ADV	иштакъваралла	иштакъваралла		attested	SA2012
ADV	иштала	иштала		attested	SA2012
ADV	иштала	иштаххула		variant	SA2012
ADV	иштала	ишталъила		variant	SA2012
ADV	ишталълъиди	ишталълъиди		attested	SA2012
ADV	иштуда	иштуда		attested	AA2019
ADV	иштуй	иштуй		attested	AA2019
ADV	иштурцIида	иштурцIида		attested	SA2012
ADV	иштурцIида	иштурцӀида		attested,palochka	SA2012
ADV	иштурцIида	иштурцӏида		attested,palochka	SA2012
ADV	иштурцIида	иштурц1ида		attested,palochka	SA2012
ADV	ишхъа	ишхъа		attested	AA2019; SA2012
ADV	ишхъахинду	ишхъахинду		attested	AA2019
ADV	ишхъе	ишхъе		attested	AA2019; SA2012
ADV	йазихъго	йазихъго		attested	SA2012
ADV	йанхатакIоруди	йанхатакIоруди		attested	SA2012
ADV	йанхатакIоруди	йанхатакӀоруди		attested,palochka	SA2012
ADV	йанхатакIоруди	йанхатакӏоруди		attested,palochka	SA2012
ADV	йанхатакIоруди	йанхатак1оруди		attested,palochka	SA2012
ADV	йараман	йараман		attested	SA2012
ADV	кIамцIи	кIамцIи		attested	SA2012
ADV	кIамцIи	кӀамцӀи		attested,palochka	SA2012
ADV	кIамцIи	кӏамцӏи		attested,palochka	SA2012
ADV	кIамцIи	к1амц1и		attested,palochka	SA2012
ADV	кIамцIида	кIамцIида		attested	SA2012
ADV	кIамцIида	кӀамцӀида		attested,palochka	SA2012
ADV	кIамцIида	кӏамцӏида		attested,palochka	SA2012
ADV	кIамцIида	к1амц1ида		attested,palochka	SA2012
ADV	кIамцIида	кIеда		variant	SA2012
ADV	кIамцIида	кӀеда		variant,palochka	SA2012
ADV	кIамцIида	кӏеда		variant,palochka	SA2012
ADV	кIамцIида	к1еда		variant,palochka	SA2012
ADV	кIанцIцIо	кIанцIцIо		attested	AA2019
ADV	кIанцIцIо	кӀанцӀцӀо		attested,palochka	AA2019
ADV	кIанцIцIо	кӏанцӏцӏо		attested,palochka	AA2019
ADV	кIанцIцIо	к1анц1ц1о		attested,palochka	AA2019
ADV	кIапIлигъвана	кIапIлигъвана		attested	AA2019
ADV	кIапIлигъвана	кӀапӀлигъвана		attested,palochka	AA2019
ADV	кIапIлигъвана	кӏапӏлигъвана		attested,palochka	AA2019
ADV	кIапIлигъвана	к1ап1лигъвана		attested,palochka	AA2019
ADV	кIаркIантIу	кIаркIантIу		attested	SA2012
ADV	кIаркIантIу	кӀаркӀантӀу		attested,palochka	SA2012
ADV	кIаркIантIу	кӏаркӏантӏу		attested,palochka	SA2012
ADV	кIаркIантIу	к1арк1ант1у		attested,palochka	SA2012
ADV	кIаркIарилълъи	кIаркIарилълъи		attested	SA2012
ADV	кIаркIарилълъи	кӀаркӀарилълъи		attested,palochka	SA2012
ADV	кIаркIарилълъи	кӏаркӏарилълъи		attested,palochka	SA2012
ADV	кIаркIарилълъи	к1арк1арилълъи		attested,palochka	SA2012
ADV	кIартIе	кIартIе		attested	SA2012
ADV	кIартIе	кӀартӀе		attested,palochka	SA2012
ADV	кIартIе	кӏартӏе		attested,palochka	SA2012
ADV	кIартIе	к1арт1е		attested,palochka	SA2012
ADV	кIедала	кIедала		attested	AA2019
ADV	кIедала	кӀедала		attested,palochka	AA2019
ADV	кIедала	кӏедала		attested,palochka	AA2019
ADV	кIедала	к1едала		attested,palochka	AA2019
ADV	кIедалълъа	кIедалълъа		attested	AA2019
ADV	кIедалълъа	кӀедалълъа		attested,palochka	AA2019
ADV	кIедалълъа	кӏедалълъа		attested,palochka	AA2019
ADV	кIедалълъа	к1едалълъа		attested,palochka	AA2019
ADV	кIедамикъиди	кIедамикъиди		attested	SA2012
ADV	кIедамикъиди	кӀедамикъиди		attested,palochka	SA2012
ADV	кIедамикъиди	кӏедамикъиди		attested,palochka	SA2012
ADV	кIедамикъиди	к1едамикъиди		attested,palochka	SA2012
ADV	кIейи	кIейи		attested	AA2019; SA2012
ADV	кIейи	кӀейи		attested,palochka	AA2019; SA2012
ADV	кIейи	кӏейи		attested,palochka	AA2019; SA2012
ADV	кIейи	к1ейи		attested,palochka	AA2019; SA2012
ADV	кIейила	кIейила		attested	SA2012
ADV	кIейила	кӀейила		attested,palochka	SA2012
ADV	кIейила	кӏейила		attested,palochka	SA2012
ADV	кIейила	к1ейила		attested,palochka	SA2012
ADV	кIекIеда	кIекIеда		attested	AA2019
ADV	кIекIеда	кӀекӀеда		attested,palochka	AA2019
ADV	кIекIеда	кӏекӏеда		attested,palochka	AA2019
ADV	кIекIеда	к1ек1еда		attested,palochka	AA2019
ADV	кIекIкIвандо	кIекIкIвандо		attested	SA2012
ADV	кIекIкIвандо	кӀекӀкӀвандо		attested,palochka	SA2012
ADV	кIекIкIвандо	кӏекӏкӏвандо		attested,palochka	SA2012
ADV	кIекIкIвандо	к1ек1к1вандо		attested,palochka	SA2012
ADV	кIеркьада	кIеркьада		attested	SA2012
ADV	кIеркьада	кӀеркьада		attested,palochka	SA2012
ADV	кIеркьада	кӏеркьада		attested,palochka	SA2012
ADV	кIеркьада	к1еркьада		attested,palochka	SA2012
ADV	кIеркьада	кIеркьадала		variant	SA2012
ADV	кIеркьада	кӀеркьадала		variant,palochka	SA2012
ADV	кIеркьада	кӏеркьадала		variant,palochka	SA2012
ADV	кIеркьада	к1еркьадала		variant,palochka	SA2012
ADV	кIеркьахи	кIеркьахи		attested	SA2012
ADV	кIеркьахи	кӀеркьахи		attested,palochka	SA2012
ADV	кIеркьахи	кӏеркьахи		attested,palochka	SA2012
ADV	кIеркьахи	к1еркьахи		attested,palochka	SA2012
ADV	кIисда	кIисда		attested	SA2012
ADV	кIисда	кӀисда		attested,palochka	SA2012
ADV	кIисда	кӏисда		attested,palochka	SA2012
ADV	кIисда	к1исда		attested,palochka	SA2012
ADV	кIичIо	кIичIо		attested	SA2012
ADV	кIичIо	кӀичӀо		attested,palochka	SA2012
ADV	кIичIо	кӏичӏо		attested,palochka	SA2012
ADV	кIичIо	к1ич1о		attested,palochka	SA2012
ADV	кIкIанцIцIо	кIкIанцIцIо		attested	SA2012
ADV	кIкIанцIцIо	кӀкӀанцӀцӀо		attested,palochka	SA2012
ADV	кIкIанцIцIо	кӏкӏанцӏцӏо		attested,palochka	SA2012
ADV	кIкIанцIцIо	к1к1анц1ц1о		attested,palochka	SA2012
ADV	кIкIвандо	кIкIвандо		attested	AA2019
ADV	кIкIвандо	кӀкӀвандо		attested,palochka	AA2019
ADV	кIкIвандо	кӏкӏвандо		attested,palochka	AA2019
ADV	кIкIвандо	к1к1вандо		attested,palochka	AA2019
ADV	кIукIуце	кIукIуце		attested	SA2012
ADV	кIукIуце	кӀукӀуце		attested,palochka	SA2012
ADV	кIукIуце	кӏукӏуце		attested,palochka	SA2012
ADV	кIукIуце	к1ук1уце		attested,palochka	SA2012
ADV	кIутIиду	кIутIиду		attested	SA2012
ADV	кIутIиду	кӀутӀиду		attested,palochka	SA2012
ADV	кIутIиду	кӏутӏиду		attested,palochka	SA2012
ADV	кIутIиду	к1ут1иду		attested,palochka	SA2012
ADV	капурда	капурда		attested	SA2012
ADV	кваᴴгьакьу	кваᴴгьакьу		attested	SA2012
ADV	кваᴴгьакьу	квангьакьу		nasal_n	SA2012
ADV	кваᴴгьаруди	кваᴴгьаруди		attested	SA2012
ADV	кваᴴгьаруди	квангьаруди		nasal_n	SA2012
ADV	кваᴴгьидера	кваᴴгьидера		attested	SA2012
ADV	кваᴴгьидера	квангьидера		nasal_n	SA2012
ADV	квагIабрахъиди	квагIабрахъиди		attested	SA2012
ADV	квагIабрахъиди	квагӀабрахъиди		attested,palochka	SA2012
ADV	квагIабрахъиди	квагӏабрахъиди		attested,palochka	SA2012
ADV	квагIабрахъиди	кваг1абрахъиди		attested,palochka	SA2012
ADV	квагьакьуру	квагьакьуру		attested	AA2019
ADV	квагьидера	квагьидера		attested	AA2019
ADV	квада	квада		attested	AA2019; SA2012
ADV	квада-бацIерхи	квада-бацIерхи		attested	AA2019
ADV	квада-бацIерхи	квада-бацӀерхи		attested,palochka	AA2019
ADV	квада-бацIерхи	квада-бацӏерхи		attested,palochka	AA2019
ADV	квада-бацIерхи	квада-бац1ерхи		attested,palochka	AA2019
ADV	квадабацIаб	квадабацIаб		attested	SA2012
ADV	квадабацIаб	квадабацӀаб		attested,palochka	SA2012
ADV	квадабацIаб	квадабацӏаб		attested,palochka	SA2012
ADV	квадабацIаб	квадабац1аб		attested,palochka	SA2012
ADV	квадабацIихабулълъу	квадабацIихабулълъу		attested	SA2012
ADV	квадабацIихабулълъу	квадабацӀихабулълъу		attested,palochka	SA2012
ADV	квадабацIихабулълъу	квадабацӏихабулълъу		attested,palochka	SA2012
ADV	квадабацIихабулълъу	квадабац1ихабулълъу		attested,palochka	SA2012
ADV	кваду	кваду		attested	AA2019; SA2012
ADV	квадуку-квада	квадуку-квада		attested	SA2012
ADV	кванала	кванала		attested	AA2019
ADV	кванаре	кванаре		attested	SA2012
ADV	кватIив	кватIив		attested	AA2019; SA2012
ADV	кватIив	кватӀив		attested,palochka	AA2019; SA2012
ADV	кватIив	кватӏив		attested,palochka	AA2019; SA2012
ADV	кватIив	кват1ив		attested,palochka	AA2019; SA2012
ADV	кватIидера	кватIидера		attested	AA2019
ADV	кватIидера	кватӀидера		attested,palochka	AA2019
ADV	кватIидера	кватӏидера		attested,palochka	AA2019
ADV	кватIидера	кват1идера		attested,palochka	AA2019
ADV	квачIикърахъида	квачIикърахъида		attested	SA2012
ADV	квачIикърахъида	квачӀикърахъида		attested,palochka	SA2012
ADV	квачIикърахъида	квачӏикърахъида		attested,palochka	SA2012
ADV	квачIикърахъида	квач1икърахъида		attested,palochka	SA2012
ADV	кирихи	кирихи		attested	SA2012
ADV	ккимаса	ккимаса		attested	SA2012
ADV	кунтIуй	кунтIуй		attested	AA2019
ADV	кунтIуй	кунтӀуй		attested,palochka	AA2019
ADV	кунтIуй	кунтӏуй		attested,palochka	AA2019
ADV	кунтIуй	кунт1уй		attested,palochka	AA2019
ADV	кунтIучIу	кунтIучIу		attested	AA2019
ADV	кунтIучIу	кунтӀучӀу		attested,palochka	AA2019
ADV	кунтIучIу	кунтӏучӏу		attested,palochka	AA2019
ADV	кунтIучIу	кунт1уч1у		attested,palochka	AA2019
ADV	кутакалда	кутакалда		attested	SA2012
ADV	къанагIат	къанагIат		attested	AA2019
ADV	къанагIат	къанагӀат		attested,palochka	AA2019
ADV	къанагIат	къанагӏат		attested,palochka	AA2019
ADV	къанагIат	къанаг1ат		attested,palochka	AA2019
ADV	къанагIатчIа	къанагIатчIа		attested	SA2012
ADV	къанагIатчIа	къанагӀатчӀа		attested,palochka	SA2012
ADV	къанагIатчIа	къанагӏатчӏа		attested,palochka	SA2012
ADV	къанагIатчIа	къанаг1атч1а		attested,palochka	SA2012
ADV	къарзиди	къарзиди		attested	SA2012
ADV	къварабда	къварабда		attested	AA2019
ADV	къварабугъу	къварабугъу		attested	SA2012
ADV	къварала	къварала		attested	AA2019
ADV	къвараруду	къвараруду		attested	AA2019
ADV	къваре	къваре		attested	AA2019
ADV	къварерхи	къварерхи		attested	AA2019; SA2012
ADV	къварикIеби	къварикIеби		attested	AA2019
ADV	къварикIеби	къварикӀеби		attested,palochka	AA2019
ADV	къварикIеби	къварикӏеби		attested,palochka	AA2019
ADV	къварикIеби	къварик1еби		attested,palochka	AA2019
ADV	къварлъи	къварлъи		attested	AA2019
ADV	къваро	къваро		attested	SA2012
ADV	къиндо	къиндо		attested	AA2019; SA2012
ADV	къинкъищо	къинкъищо		attested	AA2019; SA2012
ADV	къинтIу	къинтIу		attested	SA2012
ADV	къинтIу	къинтӀу		attested,palochka	SA2012
ADV	къинтIу	къинтӏу		attested,palochka	SA2012
ADV	къинтIу	къинт1у		attested,palochka	SA2012
ADV	къичада	къичада		attested	SA2012
ADV	къичада	къича		variant	SA2012
ADV	къокъидасса	къокъидасса		attested	SA2012
ADV	къоро	къоро		attested	AA2019; SA2012
ADV	кьалулав	кьалулав		attested	AA2019
ADV	кьани	кьани		attested	AA2019
ADV	кьантIив	кьантIив		attested	AA2019
ADV	кьантIив	кьантӀив		attested,palochka	AA2019
ADV	кьантIив	кьантӏив		attested,palochka	AA2019
ADV	кьантIив	кьант1ив		attested,palochka	AA2019
ADV	кьантIо	кьантIо		attested	AA2019; SA2012
ADV	кьантIо	кьантӀо		attested,palochka	AA2019; SA2012
ADV	кьантIо	кьантӏо		attested,palochka	AA2019; SA2012
ADV	кьантIо	кьант1о		attested,palochka	AA2019; SA2012
ADV	кьваро	кьваро		attested	SA2012
ADV	кьони	кьони		attested	SA2012
ADV	кьони	кьонихи		variant	SA2012
ADV	кьуричIада	кьуричIада		attested	AA2019
ADV	кьуричIада	кьуричӀада		attested,palochka	AA2019
ADV	кьуричIада	кьуричӏада		attested,palochka	AA2019
ADV	кьуричIада	кьурич1ада		attested,palochka	AA2019
ADV	лIурду	лIурду		attested	SA2012
ADV	лIурду	лӀурду		attested,palochka	SA2012
ADV	лIурду	лӏурду		attested,palochka	SA2012
ADV	лIурду	л1урду		attested,palochka	SA2012
ADV	лаззате	лаззате		attested	SA2012
ADV	лълъелълъел	лълъелълъел		attested	AA2019
ADV	лълъимкъилълъи	лълъимкъилълъи		attested	SA2012
ADV	лълъуᴴйхвалада	лълъуᴴйхвалада		attested	SA2012
ADV	лълъуᴴйхвалада	лълъунйхвалада		nasal_n	SA2012
ADV	лълъуеку-хвала	лълъуеку-хвала		attested	AA2019
ADV	лълъунчIуку	лълъунчIуку		attested	AA2019
ADV	лълъунчIуку	лълъунчӀуку		attested,palochka	AA2019
ADV	лълъунчIуку	лълъунчӏуку		attested,palochka	AA2019
ADV	лълъунчIуку	лълъунч1уку		attested,palochka	AA2019
ADV	лълъунчIукухвала	лълъунчIукухвала		attested	AA2019
ADV	лълъунчIукухвала	лълъунчӀукухвала		attested,palochka	AA2019
ADV	лълъунчIукухвала	лълъунчӏукухвала		attested,palochka	AA2019
ADV	лълъунчIукухвала	лълъунч1укухвала		attested,palochka	AA2019
ADV	машаллагь	машаллагь		attested	SA2012
ADV	мадухале	мадухале		attested	SA2012
ADV	макьилъи	макьилъи		attested	SA2012
ADV	масала	масала		attested	AA2019
ADV	масхъарай	масхъарай		attested	SA2012
ADV	масхъарахIале	масхъарахIале		attested	SA2012
ADV	масхъарахIале	масхъарахӀале		attested,palochka	SA2012
ADV	масхъарахIале	масхъарахӏале		attested,palochka	SA2012
ADV	масхъарахIале	масхъарах1але		attested,palochka	SA2012
ADV	матIуццуб	матIуццуб		attested	SA2012
ADV	матIуццуб	матӀуццуб		attested,palochka	SA2012
ADV	матIуццуб	матӏуццуб		attested,palochka	SA2012
ADV	матIуццуб	мат1уццуб		attested,palochka	SA2012
ADV	мекъисса	мекъисса		attested	AA2019; SA2012
ADV	микъа	микъа		attested	AA2019; SA2012
ADV	микъаракьи	микъаракьи		attested	SA2012
ADV	микъи-бикку	микъи-бикку		attested	AA2019
ADV	микъиди	микъиди		attested	SA2012
ADV	милълъарахи	милълъарахи		attested	AA2019
ADV	минуталъи	минуталъи		attested	AA2019
ADV	минутеру-минута	минутеру-минута		attested	AA2019
ADV	минццуб	минццуб		attested	SA2012
ADV	мисалай	мисалай		attested	SA2012
ADV	мискинив	мискинив		attested	SA2012
ADV	мискинирлъи	мискинирлъи		attested	SA2012
ADV	михъи	михъи		attested	AA2019; SA2012
ADV	мугъаб	мугъаб		attested	SA2012
ADV	мугъерхи	мугъерхи		attested	AA2019
ADV	мугъидера	мугъидера		attested	AA2019; SA2012
ADV	мугъидера	муидара		variant	SA2012
ADV	микъаракьи	мукъаракьи		variant	SA2012
ADV	мусагучIа	мусагучIа		attested	AA2019
ADV	мусагучIа	мусагучӀа		attested,palochka	AA2019
ADV	мусагучIа	мусагучӏа		attested,palochka	AA2019
ADV	мусагучIа	мусагуч1а		attested,palochka	AA2019
ADV	мухIканго	мухIканго		attested	AA2019
ADV	мухIканго	мухӀканго		attested,palochka	AA2019
ADV	мухIканго	мухӏканго		attested,palochka	AA2019
ADV	мухIканго	мух1канго		attested,palochka	AA2019
ADV	мухIканив	мухIканив		attested	SA2012
ADV	мухIканив	мухӀканив		attested,palochka	SA2012
ADV	мухIканив	мухӏканив		attested,palochka	SA2012
ADV	мухIканив	мух1канив		attested,palochka	SA2012
ADV	мухалъиццуб	мухалъиццуб		attested	SA2012
ADV	нагагь	нагагь		attested	SA2012
ADV	нагагь-надир	нагагь-надир		attested	SA2012
ADV	нагучIи	нагучIи		attested	AA2019
ADV	нагучIи	нагучӀи		attested,palochka	AA2019
ADV	нагучIи	нагучӏи		attested,palochka	AA2019
ADV	нагучIи	нагуч1и		attested,palochka	AA2019
ADV	накIва	накIва		attested	AA2019
ADV	накIва	накӀва		attested,palochka	AA2019
ADV	накIва	накӏва		attested,palochka	AA2019
ADV	накIва	нак1ва		attested,palochka	AA2019
ADV	ничбуху	ничбуху		attested	AA2019
ADV	нукIа	нукIа		attested	SA2012
ADV	нукIа	нукӀа		attested,palochka	SA2012
ADV	нукIа	нукӏа		attested,palochka	SA2012
ADV	нукIа	нук1а		attested,palochka	SA2012
ADV	нукIада	нукIада		attested	SA2012
ADV	нукIада	нукӀада		attested,palochka	SA2012
ADV	нукIада	нукӏада		attested,palochka	SA2012
ADV	нукIада	нук1ада		attested,palochka	SA2012
ADV	нукIада	нукIадада		variant	SA2012
ADV	нукIада	нукӀадада		variant,palochka	SA2012
ADV	нукIада	нукӏадада		variant,palochka	SA2012
ADV	нукIада	нук1адада		variant,palochka	SA2012
ADV	нукIадалъеру	нукIадалъеру		attested	SA2012
ADV	нукIадалъеру	нукӀадалъеру		attested,palochka	SA2012
ADV	нукIадалъеру	нукӏадалъеру		attested,palochka	SA2012
ADV	нукIадалъеру	нук1адалъеру		attested,palochka	SA2012
ADV	нукIадо	нукIадо		attested	AA2019
ADV	нукIадо	нукӀадо		attested,palochka	AA2019
ADV	нукIадо	нукӏадо		attested,palochka	AA2019
ADV	нукIадо	нук1адо		attested,palochka	AA2019
ADV	нукабакьа	нукабакьа		attested	SA2012
ADV	нукабаха	нукабаха		attested	SA2012
ADV	нухIилъи	нухIилъи		attested	SA2012
ADV	нухIилъи	нухӀилъи		attested,palochka	SA2012
ADV	нухIилъи	нухӏилъи		attested,palochka	SA2012
ADV	нухIилъи	нух1илъи		attested,palochka	SA2012
ADV	орсахинду	орсахинду		attested	AA2019
ADV	орсахинду	орссахинду		variant	AA2019
ADV	орсахинду	орсаххинду		variant	AA2019
ADV	орсахинду	орссаххинду		variant	AA2019
ADV	орсса	орсса		attested	AA2019; SA2012
ADV	орсса	орссу		variant	SA2012
ADV	орсса	орссуку		variant	SA2012
ADV	орссуку	орссуку		attested	AA2019
ADV	охьой	охьой		attested	SA2012
ADV	пайдайи	пайдайи		attested	AA2019
ADV	паракъат	паракъат		attested	AA2019; SA2012
ADV	паралъи	паралъи		attested	AA2019
ADV	парачIубакьу	парачIубакьу		attested	AA2019
ADV	парачIубакьу	парачӀубакьу		attested,palochka	AA2019
ADV	парачIубакьу	парачӏубакьу		attested,palochka	AA2019
ADV	парачIубакьу	парач1убакьу		attested,palochka	AA2019
ADV	пилпана	пилпана		attested	SA2012
ADV	пириццуб	пириццуб		attested	SA2012
ADV	рагъаргъа	рагъаргъа		attested	SA2012
ADV	рази-ракив	рази-ракив		attested	AA2019
ADV	рази-ракийалда	рази-ракийалда		attested	AA2019
ADV	ракIва-ракIвархику	ракIва-ракIвархику		attested	SA2012
ADV	ракIва-ракIвархику	ракӀва-ракӀвархику		attested,palochka	SA2012
ADV	ракIва-ракIвархику	ракӏва-ракӏвархику		attested,palochka	SA2012
ADV	ракIва-ракIвархику	рак1ва-рак1вархику		attested,palochka	SA2012
ADV	ракIвара	ракIвара		attested	AA2019
ADV	ракIвара	ракӀвара		attested,palochka	AA2019
ADV	ракIвара	ракӏвара		attested,palochka	AA2019
ADV	ракIвара	рак1вара		attested,palochka	AA2019
ADV	ракIвацIцIинкIкIив	ракIвацIцIинкIкIив		attested	SA2012
ADV	ракIвацIцIинкIкIив	ракӀвацӀцӀинкӀкӀив		attested,palochka	SA2012
ADV	ракIвацIцIинкIкIив	ракӏвацӏцӏинкӏкӏив		attested,palochka	SA2012
ADV	ракIвацIцIинкIкIив	рак1вац1ц1инк1к1ив		attested,palochka	SA2012
ADV	ракъантIо	ракъантIо		attested	SA2012
ADV	ракъантIо	ракъантӀо		attested,palochka	SA2012
ADV	ракъантIо	ракъантӏо		attested,palochka	SA2012
ADV	ракъантIо	ракъант1о		attested,palochka	SA2012
ADV	ракъу	ракъу		attested	SA2012
ADV	рателай	рателай		attested	SA2012
ADV	рахIате	рахIате		attested	SA2012
ADV	рахIате	рахӀате		attested,palochka	SA2012
ADV	рахIате	рахӏате		attested,palochka	SA2012
ADV	рахIате	рах1ате		attested,palochka	SA2012
ADV	рахъи-рахъида	рахъи-рахъида		attested	SA2012
ADV	рахъидику	рахъидику		attested	AA2019
ADV	раша	раша		attested	AA2019
ADV	релъи	релъи		attested	AA2019; SA2012
ADV	регIелгуча	регIелгуча		attested	AA2019
ADV	регIелгуча	регӀелгуча		attested,palochka	AA2019
ADV	регIелгуча	регӏелгуча		attested,palochka	AA2019
ADV	регIелгуча	рег1елгуча		attested,palochka	AA2019
ADV	регьабакьилълъа	регьабакьилълъа		attested	SA2012
ADV	регьалълъуссуб	регьалълъуссуб		attested	SA2012
ADV	регье	регье		attested	AA2019; SA2012
ADV	рекукьи	рекукьи		attested	SA2012
ADV	рекулъи	рекулъи		attested	SA2012
ADV	рекулълъу	рекулълъу		attested	SA2012
ADV	рершо-рершо	рершо-рершо		attested	AA2019
ADV	рессиле	рессиле		attested	SA2012
ADV	рессуха	рессуха		attested	SA2012
ADV	рехутIуссеа	рехутIуссеа		attested	SA2012
ADV	рехутIуссеа	рехутӀуссеа		attested,palochka	SA2012
ADV	рехутIуссеа	рехутӏуссеа		attested,palochka	SA2012
ADV	рехутIуссеа	рехут1уссеа		attested,palochka	SA2012
ADV	решеру-реша	решеру-реша		attested	AA2019
ADV	реши	реши		attested	AA2019
ADV	решида-ницIцIу	решида-ницIцIу		attested	AA2019
ADV	решида-ницIцIу	решида-ницӀцӀу		attested,palochka	AA2019
ADV	решида-ницIцIу	решида-ницӏцӏу		attested,palochka	AA2019
ADV	решида-ницIцIу	решида-ниц1ц1у		attested,palochka	AA2019
ADV	решинакьи	решинакьи		attested	SA2012
ADV	ригъичIада	ригъичIада		attested	SA2012
ADV	ригъичIада	ригъичӀада		attested,palochka	SA2012
ADV	ригъичIада	ригъичӏада		attested,palochka	SA2012
ADV	ригъичIада	ригъич1ада		attested,palochka	SA2012
ADV	ригьиди	ригьиди		attested	SA2012
ADV	ришо	ришо		attested	AA2019
ADV	рухIиди	рухIиди		attested	AA2019; SA2012
ADV	рухIиди	рухӀиди		attested,palochka	AA2019; SA2012
ADV	рухIиди	рухӏиди		attested,palochka	AA2019; SA2012
ADV	рухIиди	рух1иди		attested,palochka	AA2019; SA2012
ADV	рухIидида	рухIидида		attested	AA2019
ADV	рухIидида	рухӀидида		attested,palochka	AA2019
ADV	рухIидида	рухӏидида		attested,palochka	AA2019
ADV	рухIидида	рух1идида		attested,palochka	AA2019
ADV	сабду	сабду		attested	AA2019
ADV	сада	сада		attested	SA2012
ADV	садарахи	садарахи		attested	SA2012
ADV	садаре	садаре		attested	SA2012
ADV	саи	саи		attested	SA2012
ADV	саире	саире		attested	SA2012
ADV	санду	санду		attested	AA2019; SA2012
ADV	сандуда	сандуда		attested	AA2019
ADV	сандух	сандух		attested	AA2019
ADV	сах-саламат	сах-саламат		attested	AA2019; SA2012
ADV	сах-саламат	сах-саламатго		variant	SA2012
ADV	сахаватго	сахаватго		attested	SA2012
ADV	сенгера	сенгера		attested	SA2012
ADV	ссабу	ссабу		attested	AA2019; SA2012
ADV	ссакуйдера	ссакуйдера		attested	SA2012
ADV	ссардо	ссардо		attested	AA2019; SA2012
ADV	ссарду	ссарду		attested	AA2019
ADV	ссе	ссе		attested	AA2019; SA2012
ADV	ссе	ссеа		variant	SA2012
ADV	ссеаку	ссеаку		attested	SA2012
ADV	ссеаку-бикку	ссеаку-бикку		attested	SA2012
ADV	ссеаруссе	ссеаруссе		attested	SA2012
ADV	ссебера	ссебера		attested	AA2019; SA2012
ADV	ссебикку	ссебикку		attested	AA2019
ADV	сседуда	сседуда		attested	AA2019
ADV	ссеку	ссеку		attested	AA2019
ADV	ссекубикку	ссекубикку		attested	SA2012
ADV	ссессе	ссессе		attested	SA2012
ADV	ссехинду	ссехинду		attested	AA2019
ADV	ссехинду	ссеххинду		variant	AA2019
ADV	ссеццуб	ссеццуб		attested	AA2019
ADV	ссеъа	ссеъа		attested	AA2019
ADV	ссеъада	ссеъада		attested	AA2019
ADV	ссинидо	ссинидо		attested	AA2019
ADV	ссипидо	ссипидо		attested	SA2012
ADV	ссурду	ссурду		attested	SA2012
ADV	сукIа-рука	сукIа-рука		attested	AA2019
ADV	сукIа-рука	сукӀа-рука		attested,palochka	AA2019
ADV	сукIа-рука	сукӏа-рука		attested,palochka	AA2019
ADV	сукIа-рука	сук1а-рука		attested,palochka	AA2019
ADV	сулигучIада	сулигучIада		attested	SA2012
ADV	сулигучIада	сулигучӀада		attested,palochka	SA2012
ADV	сулигучIада	сулигучӏада		attested,palochka	SA2012
ADV	сулигучIада	сулигуч1ада		attested,palochka	SA2012
ADV	суни	суни		attested	AA2019; SA2012
ADV	сурабирха	сурабирха		attested	AA2019
ADV	сурабу	сурабу		attested	AA2019; SA2012
ADV	тIагIангучIа	тIагIангучIа		attested	AA2019
ADV	тIагIангучIа	тӀагӀангучӀа		attested,palochka	AA2019
ADV	тIагIангучIа	тӏагӏангучӏа		attested,palochka	AA2019
ADV	тIагIангучIа	т1аг1ангуч1а		attested,palochka	AA2019
ADV	тIибтIиду	тIибтIиду		attested	AA2019
ADV	тIибтIиду	тӀибтӀиду		attested,palochka	AA2019
ADV	тIибтIиду	тӏибтӏиду		attested,palochka	AA2019
ADV	тIибтIиду	т1ибт1иду		attested,palochka	AA2019
ADV	тIиридала	тIиридала		attested	SA2012
ADV	тIиридала	тӀиридала		attested,palochka	SA2012
ADV	тIиридала	тӏиридала		attested,palochka	SA2012
ADV	тIиридала	т1иридала		attested,palochka	SA2012
ADV	тIобо	тIобо		attested	AA2019
ADV	тIобо	тӀобо		attested,palochka	AA2019
ADV	тIобо	тӏобо		attested,palochka	AA2019
ADV	тIобо	т1обо		attested,palochka	AA2019
ADV	тIобода	тIобода		attested	AA2019
ADV	тIобода	тӀобода		attested,palochka	AA2019
ADV	тIобода	тӏобода		attested,palochka	AA2019
ADV	тIобода	т1обода		attested,palochka	AA2019
ADV	тIокIаб	тIокIав	m	class_var	SA2012
ADV	тIокIаб	тӀокӀав	m	class_var,palochka	SA2012
ADV	тIокIаб	тӏокӏав	m	class_var,palochka	SA2012
ADV	тIокIаб	т1ок1ав	m	class_var,palochka	SA2012
ADV	тIокIаб	тIокIай	f	class_var	SA2012
ADV	тIокIаб	тӀокӀай	f	class_var,palochka	SA2012
ADV	тIокIаб	тӏокӏай	f	class_var,palochka	SA2012
ADV	тIокIаб	т1ок1ай	f	class_var,palochka	SA2012
ADV	тIокIаб	тIокIаб	n	class_var	SA2012
ADV	тIокIаб	тӀокӀаб	n	class_var,palochka	SA2012
ADV	тIокIаб	тӏокӏаб	n	class_var,palochka	SA2012
ADV	тIокIаб	т1ок1аб	n	class_var,palochka	SA2012
ADV	тIокIаб	тIокIал	an.pl	class_var	SA2012
ADV	тIокIаб	тӀокӀал	an.pl	class_var,palochka	SA2012
ADV	тIокIаб	тӏокӏал	an.pl	class_var,palochka	SA2012
ADV	тIокIаб	т1ок1ал	an.pl	class_var,palochka	SA2012
ADV	тIопивда	тIопивда		attested	SA2012
ADV	тIопивда	тӀопивда		attested,palochka	SA2012
ADV	тIопивда	тӏопивда		attested,palochka	SA2012
ADV	тIопивда	т1опивда		attested,palochka	SA2012
ADV	тIопо	тIопо		attested	AA2019
ADV	тIопо	тӀопо		attested,palochka	AA2019
ADV	тIопо	тӏопо		attested,palochka	AA2019
ADV	тIопо	т1опо		attested,palochka	AA2019
ADV	тIоргу	тIоргу		attested	SA2012
ADV	тIоргу	тӀоргу		attested,palochka	SA2012
ADV	тIоргу	тӏоргу		attested,palochka	SA2012
ADV	тIоргу	т1оргу		attested,palochka	SA2012
ADV	тIоргу	тIоргуда		variant	SA2012
ADV	тIоргу	тӀоргуда		variant,palochka	SA2012
ADV	тIоргу	тӏоргуда		variant,palochka	SA2012
ADV	тIоргу	т1оргуда		variant,palochka	SA2012
ADV	тIуригъалу	тIуригъалу		attested	AA2019; SA2012
ADV	тIуригъалу	тӀуригъалу		attested,palochka	AA2019; SA2012
ADV	тIуригъалу	тӏуригъалу		attested,palochka	AA2019; SA2012
ADV	тIуригъалу	т1уригъалу		attested,palochka	AA2019; SA2012
ADV	тассамахIда	тассамахIда		attested	SA2012
ADV	тассамахIда	тассамахӀда		attested,palochka	SA2012
ADV	тассамахIда	тассамахӏда		attested,palochka	SA2012
ADV	тассамахIда	тассамах1да		attested,palochka	SA2012
ADV	тахIтасаралъи	тахIтасаралъи		attested	SA2012
ADV	тахIтасаралъи	тахӀтасаралъи		attested,palochka	SA2012
ADV	тахIтасаралъи	тахӏтасаралъи		attested,palochka	SA2012
ADV	тахIтасаралъи	тах1тасаралъи		attested,palochka	SA2012
ADV	тиридо	тиридо		attested	AA2019
ADV	тирххичIа	тирххичIа		attested	AA2019
ADV	тирххичIа	тирххичӀа		attested,palochka	AA2019
ADV	тирххичIа	тирххичӏа		attested,palochka	AA2019
ADV	тирххичIа	тирххич1а		attested,palochka	AA2019
ADV	туркIидо	туркIидо		attested	AA2019
ADV	туркIидо	туркӀидо		attested,palochka	AA2019
ADV	туркIидо	туркӏидо		attested,palochka	AA2019
ADV	туркIидо	турк1идо		attested,palochka	AA2019
ADV	тухерхи	тухерхи		attested	AA2019
ADV	уда	уда		attested	AA2019; SA2012
ADV	уда-ара	уда-ара		attested	AA2019; SA2012
ADV	уда-араххинду	уда-араххинду		attested	SA2012
ADV	уда-араххинду	уда-ара		variant	SA2012
ADV	удада	удада		attested	SA2012
ADV	удама-бессухама	удама-бессухама		attested	AA2019
ADV	удаххинду	удаххинду		attested	SA2012
ADV	удуда	удуда		attested	SA2012
ADV	удуда	уруда		variant	SA2012
ADV	удуку	удуку		attested	AA2019; SA2012
ADV	удукуда	удукуда		attested	SA2012
ADV	удукула-удаххинду	удукула-удаххинду		attested	SA2012
ADV	гъванакьи	унакьи		variant	SA2012
ADV	гъваналъику	уналъику		variant	SA2012
ADV	унгунгелда	унгунгелда		attested	AA2019
ADV	гъванигьала	унигьала		variant	SA2012
ADV	гъванигьерда	унигьерда		variant	SA2012
ADV	ура	ура		attested	AA2019; SA2012
ADV	ургъада	ургъада		attested	AA2019
ADV	ургъалда	ургъалда		attested	SA2012
ADV	ургъичIада	ургъичIада		attested	AA2019; SA2012
ADV	ургъичIада	ургъичӀада		attested,palochka	AA2019; SA2012
ADV	ургъичIада	ургъичӏада		attested,palochka	AA2019; SA2012
ADV	ургъичIада	ургъич1ада		attested,palochka	AA2019; SA2012
ADV	ургъичIада	ургъичIа		variant	SA2012
ADV	ургъичIада	ургъичӀа		variant,palochka	SA2012
ADV	ургъичIада	ургъичӏа		variant,palochka	SA2012
ADV	ургъичIада	ургъич1а		variant,palochka	SA2012
ADV	уруда	уруда		attested	SA2012
ADV	уруку	уруку		attested	SA2012
ADV	хIакъикъаталда	хIакъикъаталда		attested	SA2012
ADV	хIакъикъаталда	хӀакъикъаталда		attested,palochka	SA2012
ADV	хIакъикъаталда	хӏакъикъаталда		attested,palochka	SA2012
ADV	хIакъикъаталда	х1акъикъаталда		attested,palochka	SA2012
ADV	хIакъикъатилъи	хIакъикъатилъи		attested	AA2019
ADV	хIакъикъатилъи	хӀакъикъатилъи		attested,palochka	AA2019
ADV	хIакъикъатилъи	хӏакъикъатилъи		attested,palochka	AA2019
ADV	хIакъикъатилъи	х1акъикъатилъи		attested,palochka	AA2019
ADV	хIала-малади	хIала-малади		attested	SA2012
ADV	хIала-малади	хӀала-малади		attested,palochka	SA2012
ADV	хIала-малади	хӏала-малади		attested,palochka	SA2012
ADV	хIала-малади	х1ала-малади		attested,palochka	SA2012
ADV	хIалади	хIалади		attested	AA2019; SA2012
ADV	хIалади	хӀалади		attested,palochka	AA2019; SA2012
ADV	хIалади	хӏалади		attested,palochka	AA2019; SA2012
ADV	хIалади	х1алади		attested,palochka	AA2019; SA2012
ADV	хIалади	хIалахида		variant	SA2012
ADV	хIалади	хӀалахида		variant,palochka	SA2012
ADV	хIалади	хӏалахида		variant,palochka	SA2012
ADV	хIалади	х1алахида		variant,palochka	SA2012
ADV	хIало-малади	хIало-малади		attested	AA2019
ADV	хIало-малади	хӀало-малади		attested,palochka	AA2019
ADV	хIало-малади	хӏало-малади		attested,palochka	AA2019
ADV	хIало-малади	х1ало-малади		attested,palochka	AA2019
ADV	хIалхьилълъи	хIалхьилълъи		attested	SA2012
ADV	хIалхьилълъи	хӀалхьилълъи		attested,palochka	SA2012
ADV	хIалхьилълъи	хӏалхьилълъи		attested,palochka	SA2012
ADV	хIалхьилълъи	х1алхьилълъи		attested,palochka	SA2012
ADV	хIалчIахъайаб	хIалчIахъайав	m	class_var	SA2012
ADV	хIалчIахъайаб	хӀалчӀахъайав	m	class_var,palochka	SA2012
ADV	хIалчIахъайаб	хӏалчӏахъайав	m	class_var,palochka	SA2012
ADV	хIалчIахъайаб	х1алч1ахъайав	m	class_var,palochka	SA2012
ADV	хIалчIахъайаб	хIалчIахъайай	f	class_var	SA2012
ADV	хIалчIахъайаб	хӀалчӀахъайай	f	class_var,palochka	SA2012
ADV	хIалчIахъайаб	хӏалчӏахъайай	f	class_var,palochka	SA2012
ADV	хIалчIахъайаб	х1алч1ахъайай	f	class_var,palochka	SA2012
ADV	хIалчIахъайаб	хIалчIахъайаб	n	class_var	SA2012
ADV	хIалчIахъайаб	хӀалчӀахъайаб	n	class_var,palochka	SA2012
ADV	хIалчIахъайаб	хӏалчӏахъайаб	n	class_var,palochka	SA2012
ADV	хIалчIахъайаб	х1алч1ахъайаб	n	class_var,palochka	SA2012
ADV	хIалчIахъайаб	хIалчIахъайал	an.pl	class_var	SA2012
ADV	хIалчIахъайаб	хӀалчӀахъайал	an.pl	class_var,palochka	SA2012
ADV	хIалчIахъайаб	хӏалчӏахъайал	an.pl	class_var,palochka	SA2012
ADV	хIалчIахъайаб	х1алч1ахъайал	an.pl	class_var,palochka	SA2012
ADV	хIиллади	хIиллади		attested	SA2012
ADV	хIиллади	хӀиллади		attested,palochka	SA2012
ADV	хIиллади	хӏиллади		attested,palochka	SA2012
ADV	хIиллади	х1иллади		attested,palochka	SA2012
ADV	хIисабалда	хIисабалда		attested	SA2012
ADV	хIисабалда	хӀисабалда		attested,palochka	SA2012
ADV	хIисабалда	хӏисабалда		attested,palochka	SA2012
ADV	хIисабалда	х1исабалда		attested,palochka	SA2012
ADV	хIурматалда	хIурматалда		attested	SA2012
ADV	хIурматалда	хӀурматалда		attested,palochka	SA2012
ADV	хIурматалда	хӏурматалда		attested,palochka	SA2012
ADV	хIурматалда	х1урматалда		attested,palochka	SA2012
ADV	хадал	хадал		attested	AA2019; SA2012
ADV	хакьуссу	хакьуссу		attested	SA2012
ADV	хакьуссуйдера	хакьуссуйдера		attested	SA2012
ADV	хеку	хеку		attested	AA2019
ADV	хеа	хеа		attested	SA2012
ADV	ххабарбета	ххабарбета		attested	AA2019
ADV	ххваᴴйбаха	ххваᴴйбаха		attested	AA2019
ADV	ххваᴴйбаха	ххванйбаха		nasal_n	AA2019
ADV	ххварду	ххварду		attested	SA2012
ADV	ххеххо	ххеххо		attested	SA2012
ADV	ххира	ххира		attested	SA2012
ADV	ххудичIа	ххудичIа		attested	AA2019
ADV	ххудичIа	ххудичӀа		attested,palochka	AA2019
ADV	ххудичIа	ххудичӏа		attested,palochka	AA2019
ADV	ххудичIа	ххудич1а		attested,palochka	AA2019
ADV	ххулисса	ххулисса		attested	AA2019
ADV	хъатамасан	хъатамасан		attested	SA2012
ADV	хъати-масан	хъати-масан		attested	AA2019
ADV	хъахIлъилъи	хъахIлъилъи		attested	AA2019; SA2012
ADV	хъахIлъилъи	хъахӀлъилъи		attested,palochka	AA2019; SA2012
ADV	хъахIлъилъи	хъахӏлъилъи		attested,palochka	AA2019; SA2012
ADV	хъахIлъилъи	хъах1лъилъи		attested,palochka	AA2019; SA2012
ADV	хъачIив	хъачIив		attested	SA2012
ADV	хъачIив	хъачӀив		attested,palochka	SA2012
ADV	хъачIив	хъачӏив		attested,palochka	SA2012
ADV	хъачIив	хъач1ив		attested,palochka	SA2012
ADV	хъваштIан	хъваштIан		attested	SA2012
ADV	хъваштIан	хъваштӀан		attested,palochka	SA2012
ADV	хъваштIан	хъваштӏан		attested,palochka	SA2012
ADV	хъваштIан	хъвашт1ан		attested,palochka	SA2012
ADV	хъваштаду	хъваштаду		attested	AA2019
ADV	хъидичIада	хъидичIада		attested	AA2019
ADV	хъидичIада	хъидичӀада		attested,palochka	AA2019
ADV	хъидичIада	хъидичӏада		attested,palochka	AA2019
ADV	хъидичIада	хъидич1ада		attested,palochka	AA2019
ADV	хъитIив	хъитIив		attested	SA2012
ADV	хъитIив	хъитӀив		attested,palochka	SA2012
ADV	хъитIив	хъитӏив		attested,palochka	SA2012
ADV	хъитIив	хъит1ив		attested,palochka	SA2012
ADV	хъулухъгучIа	хъулухъгучIа		attested	AA2019
ADV	хъулухъгучIа	хъулухъгучӀа		attested,palochka	AA2019
ADV	хъулухъгучIа	хъулухъгучӏа		attested,palochka	AA2019
ADV	хъулухъгучIа	хъулухъгуч1а		attested,palochka	AA2019
ADV	хъулухъгучIада	хъулухъгучIада		attested	AA2019
ADV	хъулухъгучIада	хъулухъгучӀада		attested,palochka	AA2019
ADV	хъулухъгучIада	хъулухъгучӏада		attested,palochka	AA2019
ADV	хъулухъгучIада	хъулухъгуч1ада		attested,palochka	AA2019
ADV	хъупо	хъупо		attested	SA2012
ADV	хъурду	хъурду		attested	SA2012
ADV	хьваъабирха	хьваъабирха		attested	AA2019
ADV	хьваъабу	хьваъабу		attested	AA2019; SA2012
ADV	хьваъабуда	хьваъабуда		attested	AA2019
ADV	хьуболи	хьуболи		attested	SA2012
ADV	цIатада	цIатада		attested	SA2012
ADV	цIатада	цӀатада		attested,palochka	SA2012
ADV	цIатада	цӏатада		attested,palochka	SA2012
ADV	цIатада	ц1атада		attested,palochka	SA2012
ADV	цIахъа	цIахъа		attested	SA2012
ADV	цIахъа	цӀахъа		attested,palochka	SA2012
ADV	цIахъа	цӏахъа		attested,palochka	SA2012
ADV	цIахъа	ц1ахъа		attested,palochka	SA2012
ADV	цIахъи	цIахъи		attested	SA2012
ADV	цIахъи	цӀахъи		attested,palochka	SA2012
ADV	цIахъи	цӏахъи		attested,palochka	SA2012
ADV	цIахъи	ц1ахъи		attested,palochka	SA2012
ADV	цIеа	цIеа		attested	SA2012
ADV	цIеа	цӀеа		attested,palochka	SA2012
ADV	цIеа	цӏеа		attested,palochka	SA2012
ADV	цIеа	ц1еа		attested,palochka	SA2012
ADV	цIекIабакьи	цIекIабакьи		attested	SA2012
ADV	цIекIабакьи	цӀекӀабакьи		attested,palochka	SA2012
ADV	цIекIабакьи	цӏекӏабакьи		attested,palochka	SA2012
ADV	цIекIабакьи	ц1ек1абакьи		attested,palochka	SA2012
ADV	цIекIенацIцIура	цIекIенагьучIида		variant	SA2012
ADV	цIекIенацIцIура	цӀекӀенагьучӀида		variant,palochka	SA2012
ADV	цIекIенацIцIура	цӏекӏенагьучӏида		variant,palochka	SA2012
ADV	цIекIенацIцIура	ц1ек1енагьуч1ида		variant,palochka	SA2012
ADV	цIекIенацIцIура	цIекIенацIцIура		attested	SA2012
ADV	цIекIенацIцIура	цӀекӀенацӀцӀура		attested,palochka	SA2012
ADV	цIекIенацIцIура	цӏекӏенацӏцӏура		attested,palochka	SA2012
ADV	цIекIенацIцIура	ц1ек1енац1ц1ура		attested,palochka	SA2012
ADV	цIиᴴвкIо	цIиᴴвкIо		attested	AA2019
ADV	цIиᴴвкIо	цӀиᴴвкӀо		attested,palochka	AA2019
ADV	цIиᴴвкIо	цӏиᴴвкӏо		attested,palochka	AA2019
ADV	цIиᴴвкIо	ц1иᴴвк1о		attested,palochka	AA2019
ADV	цIиᴴвкIо	цIинвкIо		nasal_n	AA2019
ADV	цIиᴴвкIо	цӀинвкӀо		nasal_n,palochka	AA2019
ADV	цIиᴴвкIо	цӏинвкӏо		nasal_n,palochka	AA2019
ADV	цIиᴴвкIо	ц1инвк1о		nasal_n,palochka	AA2019
ADV	цIивкIо	цIивкIо		attested	AA2019
ADV	цIивкIо	цӀивкӀо		attested,palochka	AA2019
ADV	цIивкIо	цӏивкӏо		attested,palochka	AA2019
ADV	цIивкIо	ц1ивк1о		attested,palochka	AA2019
ADV	цIидасса	цIидасса		attested	SA2012
ADV	цIидасса	цӀидасса		attested,palochka	SA2012
ADV	цIидасса	цӏидасса		attested,palochka	SA2012
ADV	цIидасса	ц1идасса		attested,palochka	SA2012
ADV	цIидассан	цIидассан		attested	AA2019
ADV	цIидассан	цӀидассан		attested,palochka	AA2019
ADV	цIидассан	цӏидассан		attested,palochka	AA2019
ADV	цIидассан	ц1идассан		attested,palochka	AA2019
ADV	цIимдерхи	цIимдерхи		attested	AA2019
ADV	цIимдерхи	цӀимдерхи		attested,palochka	AA2019
ADV	цIимдерхи	цӏимдерхи		attested,palochka	AA2019
ADV	цIимдерхи	ц1имдерхи		attested,palochka	AA2019
ADV	цIимубукIерхида	цIимубукIерхида		attested	SA2012
ADV	цIимубукIерхида	цӀимубукӀерхида		attested,palochka	SA2012
ADV	цIимубукIерхида	цӏимубукӏерхида		attested,palochka	SA2012
ADV	цIимубукIерхида	ц1имубук1ерхида		attested,palochka	SA2012
ADV	цIцIеригъалу	цIцIеригъалу		attested	AA2019
ADV	цIцIеригъалу	цӀцӀеригъалу		attested,palochka	AA2019
ADV	цIцIеригъалу	цӏцӏеригъалу		attested,palochka	AA2019
ADV	цIцIеригъалу	ц1ц1еригъалу		attested,palochka	AA2019
ADV	цIцIикIкIа	цIцIикIкIа		attested	AA2019; SA2012
ADV	цIцIикIкIа	цӀцӀикӀкӀа		attested,palochka	AA2019; SA2012
ADV	цIцIикIкIа	цӏцӏикӏкӏа		attested,palochka	AA2019; SA2012
ADV	цIцIикIкIа	ц1ц1ик1к1а		attested,palochka	AA2019; SA2012
ADV	цIцIикIкIабугъа	цIцIикIкIабугъа		attested	SA2012
ADV	цIцIикIкIабугъа	цӀцӀикӀкӀабугъа		attested,palochka	SA2012
ADV	цIцIикIкIабугъа	цӏцӏикӏкӏабугъа		attested,palochka	SA2012
ADV	цIцIикIкIабугъа	ц1ц1ик1к1абугъа		attested,palochka	SA2012
ADV	цIцIикIкIалIиди	цIцIикIкIалIиди		attested	AA2019
ADV	цIцIикIкIалIиди	цӀцӀикӀкӀалӀиди		attested,palochka	AA2019
ADV	цIцIикIкIалIиди	цӏцӏикӏкӏалӏиди		attested,palochka	AA2019
ADV	цIцIикIкIалIиди	ц1ц1ик1к1ал1иди		attested,palochka	AA2019
ADV	цIцIикIкIарахъиди	цIцIикIкIарахъиди		attested	SA2012
ADV	цIцIикIкIарахъиди	цӀцӀикӀкӀарахъиди		attested,palochka	SA2012
ADV	цIцIикIкIарахъиди	цӏцӏикӏкӏарахъиди		attested,palochka	SA2012
ADV	цIцIикIкIарахъиди	ц1ц1ик1к1арахъиди		attested,palochka	SA2012
ADV	цIцIинкIкIо	цIцIинкIкIо		attested	AA2019; SA2012
ADV	цIцIинкIкIо	цӀцӀинкӀкӀо		attested,palochka	AA2019; SA2012
ADV	цIцIинкIкIо	цӏцӏинкӏкӏо		attested,palochka	AA2019; SA2012
ADV	цIцIинкIкIо	ц1ц1инк1к1о		attested,palochka	AA2019; SA2012
ADV	цIцIогьорирха	цIцIогьорирха		attested	AA2019
ADV	цIцIогьорирха	цӀцӀогьорирха		attested,palochka	AA2019
ADV	цIцIогьорирха	цӏцӏогьорирха		attested,palochka	AA2019
ADV	цIцIогьорирха	ц1ц1огьорирха		attested,palochka	AA2019
ADV	цIцIогьорццу	цIцIогьорццу		attested	AA2019
ADV	цIцIогьорццу	цӀцӀогьорццу		attested,palochka	AA2019
ADV	цIцIогьорццу	цӏцӏогьорццу		attested,palochka	AA2019
ADV	цIцIогьорццу	ц1ц1огьорццу		attested,palochka	AA2019
ADV	цIцIудурго	цIцIудурго		attested	AA2019
ADV	цIцIудурго	цӀцӀудурго		attested,palochka	AA2019
ADV	цIцIудурго	цӏцӏудурго		attested,palochka	AA2019
ADV	цIцIудурго	ц1ц1удурго		attested,palochka	AA2019
ADV	цIцIудурирха	цIцIудурирха		attested	SA2012
ADV	цIцIудурирха	цӀцӀудурирха		attested,palochka	SA2012
ADV	цIцIудурирха	цӏцӏудурирха		attested,palochka	SA2012
ADV	цIцIудурирха	ц1ц1удурирха		attested,palochka	SA2012
ADV	це-цеб	це-цеб		attested	AA2019; SA2012
ADV	цеасар	цеасар		attested	SA2012
ADV	цеасарссе	цеасарссе		attested	SA2012
ADV	цеасархвала	цеасархвала		attested	SA2012
ADV	цеб-кIеда	цеб-кIеда		attested	SA2012
ADV	цеб-кIеда	цеб-кӀеда		attested,palochka	SA2012
ADV	цеб-кIеда	цеб-кӏеда		attested,palochka	SA2012
ADV	цеб-кIеда	цеб-к1еда		attested,palochka	SA2012
ADV	цеби-микъиди	цеби-микъиди		attested	AA2019
ADV	цебкъайдади	цебкъайдади		attested	SA2012
ADV	цебла	цебла		attested	AA2019; SA2012
ADV	цебламикъиди	цебламикъиди		attested	SA2012
ADV	цеблълъа	цеблълъа		attested	SA2012
ADV	цебмикъиди	цебмикъиди		attested	SA2012
ADV	цебмуса	цебмуса		attested	SA2012
ADV	цебпаралъи	цебпаралъи		attested	SA2012
ADV	цеъасар	цеъасар		attested	AA2019
ADV	цеъасар	цеъасарла		variant	AA2019
ADV	ццибуруй	ццибуруй		attested	AA2019; SA2012
ADV	ццибурулъи	ццибурулъи		attested	AA2019; SA2012
ADV	ццибурулъи-ццибурди	ццибурулъи-ццибурди		attested	AA2019
ADV	чIабарахи	чIабарахи		attested	SA2012
ADV	чIабарахи	чӀабарахи		attested,palochka	SA2012
ADV	чIабарахи	чӏабарахи		attested,palochka	SA2012
ADV	чIабарахи	ч1абарахи		attested,palochka	SA2012
ADV	чIахъади	чIахъади		attested	AA2019
ADV	чIахъади	чӀахъади		attested,palochka	AA2019
ADV	чIахъади	чӏахъади		attested,palochka	AA2019
ADV	чIахъади	ч1ахъади		attested,palochka	AA2019
ADV	чIван-кьотIун	чIван-кьотIун		attested	AA2019
ADV	чIван-кьотIун	чӀван-кьотӀун		attested,palochka	AA2019
ADV	чIван-кьотIун	чӏван-кьотӏун		attested,palochka	AA2019
ADV	чIван-кьотIун	ч1ван-кьот1ун		attested,palochka	AA2019
ADV	чIваркьадо	чIваркьадо		attested	SA2012
ADV	чIваркьадо	чӀваркьадо		attested,palochka	SA2012
ADV	чIваркьадо	чӏваркьадо		attested,palochka	SA2012
ADV	чIваркьадо	ч1варкьадо		attested,palochka	SA2012
ADV	чIикварирха	чIикварирха		attested	AA2019
ADV	чIикварирха	чӀикварирха		attested,palochka	AA2019
ADV	чIикварирха	чӏикварирха		attested,palochka	AA2019
ADV	чIикварирха	ч1икварирха		attested,palochka	AA2019
ADV	чIикварирхха	чIикварирхха		attested	SA2012
ADV	чIикварирхха	чӀикварирхха		attested,palochka	SA2012
ADV	чIикварирхха	чӏикварирхха		attested,palochka	SA2012
ADV	чIикварирхха	ч1икварирхха		attested,palochka	SA2012
ADV	чIикоро	чIикоро		attested	AA2019; SA2012
ADV	чIикоро	чӀикоро		attested,palochka	AA2019; SA2012
ADV	чIикоро	чӏикоро		attested,palochka	AA2019; SA2012
ADV	чIикоро	ч1икоро		attested,palochka	AA2019; SA2012
ADV	чIила	чIила		attested	SA2012
ADV	чIила	чӀила		attested,palochka	SA2012
ADV	чIила	чӏила		attested,palochka	SA2012
ADV	чIила	ч1ила		attested,palochka	SA2012
ADV	чIилагъаб	чIилагъаб		attested	SA2012
ADV	чIилагъаб	чӀилагъаб		attested,palochka	SA2012
ADV	чIилагъаб	чӏилагъаб		attested,palochka	SA2012
ADV	чIилагъаб	ч1илагъаб		attested,palochka	SA2012
ADV	чIинтIу	чIинтIу		attested	SA2012
ADV	чIинтIу	чӀинтӀу		attested,palochka	SA2012
ADV	чIинтIу	чӏинтӏу		attested,palochka	SA2012
ADV	чIинтIу	ч1инт1у		attested,palochka	SA2012
ADV	чIухIдай	чIухIдай		attested	SA2012
ADV	чIухIдай	чӀухӀдай		attested,palochka	SA2012
ADV	чIухIдай	чӏухӏдай		attested,palochka	SA2012
ADV	чIухIдай	ч1ух1дай		attested,palochka	SA2012
ADV	чIчIиду	чIчIиду		attested	AA2019; SA2012
ADV	чIчIиду	чӀчӀиду		attested,palochka	AA2019; SA2012
ADV	чIчIиду	чӏчӏиду		attested,palochka	AA2019; SA2012
ADV	чIчIиду	ч1ч1иду		attested,palochka	AA2019; SA2012
ADV	чIчIидугучIа	чIчIидугучIа		attested	AA2019
ADV	чIчIидугучIа	чӀчӀидугучӀа		attested,palochka	AA2019
ADV	чIчIидугучIа	чӏчӏидугучӏа		attested,palochka	AA2019
ADV	чIчIидугучIа	ч1ч1идугуч1а		attested,palochka	AA2019
ADV	чIчIидуку	чIчIидуку		attested	AA2019; SA2012
ADV	чIчIидуку	чӀчӀидуку		attested,palochka	AA2019; SA2012
ADV	чIчIидуку	чӏчӏидуку		attested,palochka	AA2019; SA2012
ADV	чIчIидуку	ч1ч1идуку		attested,palochka	AA2019; SA2012
ADV	чIчIидурадо	чIчIидурадо		attested	AA2019
ADV	чIчIидурадо	чӀчӀидурадо		attested,palochka	AA2019
ADV	чIчIидурадо	чӏчӏидурадо		attested,palochka	AA2019
ADV	чIчIидурадо	ч1ч1идурадо		attested,palochka	AA2019
ADV	чIчIидурахи	чIчIидурахи		attested	SA2012
ADV	чIчIидурахи	чӀчӀидурахи		attested,palochka	SA2012
ADV	чIчIидурахи	чӏчӏидурахи		attested,palochka	SA2012
ADV	чIчIидурахи	ч1ч1идурахи		attested,palochka	SA2012
ADV	чIчIидурахи	чIчIидураха		variant	SA2012
ADV	чIчIидурахи	чӀчӀидураха		variant,palochka	SA2012
ADV	чIчIидурахи	чӏчӏидураха		variant,palochka	SA2012
ADV	чIчIидурахи	ч1ч1идураха		variant,palochka	SA2012
ADV	чIчIидурахику	чIчIидурахику		attested	SA2012
ADV	чIчIидурахику	чӀчӀидурахику		attested,palochka	SA2012
ADV	чIчIидурахику	чӏчӏидурахику		attested,palochka	SA2012
ADV	чIчIидурахику	ч1ч1идурахику		attested,palochka	SA2012
ADV	чIчIидуре	чIчIидуре		attested	AA2019; SA2012
ADV	чIчIидуре	чӀчӀидуре		attested,palochka	AA2019; SA2012
ADV	чIчIидуре	чӏчӏидуре		attested,palochka	AA2019; SA2012
ADV	чIчIидуре	ч1ч1идуре		attested,palochka	AA2019; SA2012
ADV	чIчIидуреку	чIчIидуреку		attested	AA2019
ADV	чIчIидуреку	чӀчӀидуреку		attested,palochka	AA2019
ADV	чIчIидуреку	чӏчӏидуреку		attested,palochka	AA2019
ADV	чIчIидуреку	ч1ч1идуреку		attested,palochka	AA2019
ADV	чаму	чаму		attested	AA2019; SA2012
ADV	чамула	чамула		attested	AA2019; SA2012
ADV	чамулъила	чамулъила		attested	SA2012
ADV	чамухвалада	чамухвалада		attested	SA2012
ADV	чамухула	чамухула		attested	SA2012
ADV	чамцIи	чамцIи		attested	AA2019; SA2012
ADV	чамцIи	чамцӀи		attested,palochka	AA2019; SA2012
ADV	чамцIи	чамцӏи		attested,palochka	AA2019; SA2012
ADV	чамцIи	чамц1и		attested,palochka	AA2019; SA2012
ADV	чамцIила	чамцIила		attested	SA2012
ADV	чамцIила	чамцӀила		attested,palochka	SA2012
ADV	чамцIила	чамцӏила		attested,palochka	SA2012
ADV	чамцIила	чамц1ила		attested,palochka	SA2012
ADV	чвар-чварилълъи	чвар-чварилълъи		attested	SA2012
ADV	чуᴴгьа	чуᴴгьа		attested	SA2012
ADV	чуᴴгьа	чунгьа		nasal_n	SA2012
ADV	чугьа	чугьа		attested	AA2019
ADV	чучо	чучо		attested	SA2012
ADV	щарду-ххинду	щарду-ххинду		attested	SA2012
ADV	щула	щула		attested	AA2019
ADV	щулалъо	щулалъо		attested	SA2012
ADV	щущахъ	щущахъ		attested	SA2012
ADV	щущуди	щущуди		attested	SA2012
ADV	эбмусеку	эбмусеку		attested	SA2012
ADV	эгьел	эгьел		attested	AA2019; SA2012
ADV	эгьел-ахара	эгьел-ахара		attested	SA2012
ADV	эгьелидера	эгьелидера		attested	SA2012
ADV	эгьелиссуб	эгьелиссув	m	class_var	SA2012
ADV	эгьелиссуб	эгьелиссуй	f	class_var	SA2012
ADV	эгьелиссуб	эгьелиссуб	n	class_var	SA2012
ADV	эгьелиссуб	эгьелиссул	an.pl	class_var	SA2012
ADV	эгьеллълъерубесхъа	эгьеллълъерубесхъа		attested	SA2012
ADV	эпи	эми		variant	SA2012
ADV	эпигIала	эмигIала		variant	SA2012
ADV	эпигIала	эмигӀала		variant,palochka	SA2012
ADV	эпигIала	эмигӏала		variant,palochka	SA2012
ADV	эпигIала	эмиг1ала		variant,palochka	SA2012
ADV	эпила	эмила		variant	SA2012
ADV	эпилъила	эмилъила		variant	SA2012
ADV	эпихвала	эмихвала		variant	SA2012
ADV	эпихула	эмихула		variant	SA2012
ADV	эпи	эпи		attested	AA2019; SA2012
ADV	эпигIала	эпигIала		attested	SA2012
ADV	эпигIала	эпигӀала		attested,palochka	SA2012
ADV	эпигIала	эпигӏала		attested,palochka	SA2012
ADV	эпигIала	эпиг1ала		attested,palochka	SA2012
ADV	эпила	эпила		attested	SA2012
ADV	эпилъила	эпилъила		attested	SA2012
ADV	эпихвала	эпихвала		attested	SA2012
ADV	эпихула	эпихула		attested	SA2012
ADV	эргади	эргади		attested	SA2012
ADV	эрзагIан	эрзагIан		attested	SA2012
ADV	эрзагIан	эрзагӀан		attested,palochka	SA2012
ADV	эрзагIан	эрзагӏан		attested,palochka	SA2012
ADV	эрзагIан	эрзаг1ан		attested,palochka	SA2012
ADV	эрзагIанда	эрзагIанда		attested	AA2019
ADV	эрзагIанда	эрзагӀанда		attested,palochka	AA2019
ADV	эрзагIанда	эрзагӏанда		attested,palochka	AA2019
ADV	эрзагIанда	эрзаг1анда		attested,palochka	AA2019
ADV	эркенив	эркенив		attested	SA2012
ADV	эрха	эрха		attested	SA2012
ADV	эрха	эрхадал		variant	SA2012
ADV	эхха	эхха		attested	AA2019; SA2012
ADV	эххалъабу	эххалъабу		attested	SA2012
ADV	эшдалIиди	эшдалIиди		attested	AA2019
ADV	эшдалIиди	эшдалӀиди		attested,palochka	AA2019
ADV	эшдалIиди	эшдалӏиди		attested,palochka	AA2019
ADV	эшдалIиди	эшдал1иди		attested,palochka	AA2019
ADV	эшта	эшта		attested	AA2019
ADV	эшта-букIала	эшта-букIала		attested	AA2019
ADV	эшта-букIала	эшта-букӀала		attested,palochka	AA2019
ADV	эшта-букIала	эшта-букӏала		attested,palochka	AA2019
ADV	эшта-букIала	эшта-бук1ала		attested,palochka	AA2019
ADV	эштахула	эштахула		attested	AA2019
POSTP	бехутIу	вехутIу	m	class_var	AA2019
POSTP	бехутIу	вехутӀу	m	class_var,palochka	AA2019
POSTP	бехутIу	вехутӏу	m	class_var,palochka	AA2019
POSTP	бехутIу	вехут1у	m	class_var,palochka	AA2019
POSTP	бехутIу	йехутIу	f	class_var	AA2019
POSTP	бехутIу	йехутӀу	f	class_var,palochka	AA2019
POSTP	бехутIу	йехутӏу	f	class_var,palochka	AA2019
POSTP	бехутIу	йехут1у	f	class_var,palochka	AA2019
POSTP	бехутIу	бехутIу	n	class_var	AA2019
POSTP	бехутIу	бехутӀу	n	class_var,palochka	AA2019
POSTP	бехутIу	бехутӏу	n	class_var,palochka	AA2019
POSTP	бехутIу	бехут1у	n	class_var,palochka	AA2019
POSTP	бехутIу	рехутIу	an.pl	class_var	AA2019
POSTP	бехутIу	рехутӀу	an.pl	class_var,palochka	AA2019
POSTP	бехутIу	рехутӏу	an.pl	class_var,palochka	AA2019
POSTP	бехутIу	рехут1у	an.pl	class_var,palochka	AA2019
POSTP	беххуйдера	веххуйдера	m	class_var	AA2019
POSTP	беххуйдера	йеххуйдера	f	class_var	AA2019
POSTP	беххуйдера	беххуйдера	n	class_var	AA2019
POSTP	беххуйдера	реххуйдера	an.pl	class_var	AA2019
POSTP	бехъутIу	вехъутIу	m	class_var	AA2019
POSTP	бехъутIу	вехъутӀу	m	class_var,palochka	AA2019
POSTP	бехъутIу	вехъутӏу	m	class_var,palochka	AA2019
POSTP	бехъутIу	вехъут1у	m	class_var,palochka	AA2019
POSTP	бехъутIу	йехъутIу	f	class_var	AA2019
POSTP	бехъутIу	йехъутӀу	f	class_var,palochka	AA2019
POSTP	бехъутIу	йехъутӏу	f	class_var,palochka	AA2019
POSTP	бехъутIу	йехъут1у	f	class_var,palochka	AA2019
POSTP	бехъутIу	бехъутIу	n	class_var	AA2019
POSTP	бехъутIу	бехъутӀу	n	class_var,palochka	AA2019
POSTP	бехъутIу	бехъутӏу	n	class_var,palochka	AA2019
POSTP	бехъутIу	бехъут1у	n	class_var,palochka	AA2019
POSTP	бехъутIу	рехъутIу	an.pl	class_var	AA2019
POSTP	бехъутIу	рехъутӀу	an.pl	class_var,palochka	AA2019
POSTP	бехъутIу	рехъутӏу	an.pl	class_var,palochka	AA2019
POSTP	бехъутIу	рехъут1у	an.pl	class_var,palochka	AA2019
POSTP	вакьу	вакьу		attested	AA2019
POSTP	габчIа	габчIа		attested	SA2012
POSTP	габчIа	габчӀа		attested,palochka	SA2012
POSTP	габчIа	габчӏа		attested,palochka	SA2012
POSTP	габчIа	габч1а		attested,palochka	SA2012
POSTP	гва	гва		attested	SA2012
POSTP	гобчIа	говчIа	m	class_var	SA2012
POSTP	гобчIа	говчӀа	m	class_var,palochka	SA2012
POSTP	гобчIа	говчӏа	m	class_var,palochka	SA2012
POSTP	гобчIа	говч1а	m	class_var,palochka	SA2012
POSTP	гобчIа	гойчIа	f	class_var	SA2012
POSTP	гобчIа	гойчӀа	f	class_var,palochka	SA2012
POSTP	гобчIа	гойчӏа	f	class_var,palochka	SA2012
POSTP	гобчIа	гойч1а	f	class_var,palochka	SA2012
POSTP	гобчIа	гобчIа	n	class_var	SA2012
POSTP	гобчIа	гобчӀа	n	class_var,palochka	SA2012
POSTP	гобчIа	гобчӏа	n	class_var,palochka	SA2012
POSTP	гобчIа	гобч1а	n	class_var,palochka	SA2012
POSTP	гобчIа	горчIа	an.pl	class_var	SA2012
POSTP	гобчIа	горчӀа	an.pl	class_var,palochka	SA2012
POSTP	гобчIа	горчӏа	an.pl	class_var,palochka	SA2012
POSTP	гобчIа	горч1а	an.pl	class_var,palochka	SA2012
POSTP	гучIа	гучIа		attested	SA2012
POSTP	гучIа	гучӀа		attested,palochka	SA2012
POSTP	гучIа	гучӏа		attested,palochka	SA2012
POSTP	гучIа	гуч1а		attested,palochka	SA2012
POSTP	гучIа	гучIада		variant	SA2012
POSTP	гучIа	гучӀада		variant,palochka	SA2012
POSTP	гучIа	гучӏада		variant,palochka	SA2012
POSTP	гучIа	гуч1ада		variant,palochka	SA2012
POSTP	гучIада	гучIада		attested	AA2019
POSTP	гучIада	гучӀада		attested,palochka	AA2019
POSTP	гучIада	гучӏада		attested,palochka	AA2019
POSTP	гучIада	гуч1ада		attested,palochka	AA2019
POSTP	гъалу	гъалу		attested	AA2019
POSTP	габчIа	гьабгучIа		variant	SA2012
POSTP	габчIа	гьабгучӀа		variant,palochka	SA2012
POSTP	габчIа	гьабгучӏа		variant,palochka	SA2012
POSTP	габчIа	гьабгуч1а		variant,palochka	SA2012
POSTP	гьабчIа	гьабчIа		attested	SA2012
POSTP	гьабчIа	гьабчӀа		attested,palochka	SA2012
POSTP	гьабчIа	гьабчӏа		attested,palochka	SA2012
POSTP	гьабчIа	гьабч1а		attested,palochka	SA2012
POSTP	гье	гье		attested	AA2019
POSTP	гьеа	гьеа		attested	SA2012
POSTP	гьеаку	гьеаку		attested	SA2012
POSTP	гьеку	гьеку		attested	AA2019
POSTP	гьеххинду	гьеххинду		attested	AA2019
POSTP	гьикьи	гьикьи		attested	AA2019; SA2012
POSTP	гьину	гьину		attested	AA2019; SA2012
POSTP	гьинуку	гьинуку		attested	AA2019
POSTP	гьубчIа	гьувчIа	m	class_var	SA2012
POSTP	гьубчIа	гьувчӀа	m	class_var,palochka	SA2012
POSTP	гьубчIа	гьувчӏа	m	class_var,palochka	SA2012
POSTP	гьубчIа	гьувч1а	m	class_var,palochka	SA2012
POSTP	гьубчIа	гьуйчIа	f	class_var	SA2012
POSTP	гьубчIа	гьуйчӀа	f	class_var,palochka	SA2012
POSTP	гьубчIа	гьуйчӏа	f	class_var,palochka	SA2012
POSTP	гьубчIа	гьуйч1а	f	class_var,palochka	SA2012
POSTP	гьубчIа	гьубчIа	n	class_var	SA2012
POSTP	гьубчIа	гьубчӀа	n	class_var,palochka	SA2012
POSTP	гьубчIа	гьубчӏа	n	class_var,palochka	SA2012
POSTP	гьубчIа	гьубч1а	n	class_var,palochka	SA2012
POSTP	гьубчIа	гьурчIа	an.pl	class_var	SA2012
POSTP	гьубчIа	гьурчӀа	an.pl	class_var,palochka	SA2012
POSTP	гьубчIа	гьурчӏа	an.pl	class_var,palochka	SA2012
POSTP	гьубчIа	гьурч1а	an.pl	class_var,palochka	SA2012
POSTP	данда	данда		attested	AA2019; SA2012
POSTP	маъаруди	маъаруди		attested	AA2019
POSTP	мусаре	мусаре		attested	AA2019
POSTP	орссу	орссу		attested	AA2019
POSTP	саъабу	сабу		variant	SA2012
POSTP	санду	санду		attested	SA2012
POSTP	саъабу	саъабу		attested	AA2019; SA2012
POSTP	ссе	ссе		attested	AA2019; SA2012
POSTP	ссе	ссеа		variant	SA2012
POSTP	ссеаку	ссеаку		attested	SA2012
POSTP	хIакъалда	хIакъалда		attested	AA2019; SA2012
POSTP	хIакъалда	хӀакъалда		attested,palochka	AA2019; SA2012
POSTP	хIакъалда	хӏакъалда		attested,palochka	AA2019; SA2012
POSTP	хIакъалда	х1акъалда		attested,palochka	AA2019; SA2012
POSTP	хъидичIада	хъидичIада		attested	AA2019
POSTP	хъидичIада	хъидичӀада		attested,palochka	AA2019
POSTP	хъидичIада	хъидичӏада		attested,palochka	AA2019
POSTP	хъидичIада	хъидич1ада		attested,palochka	AA2019
POSTP	хьибилалIу	хьибилалIу		attested	AA2019
POSTP	хьибилалIу	хьибилалӀу		attested,palochka	AA2019
POSTP	хьибилалIу	хьибилалӏу		attested,palochka	AA2019
POSTP	хьибилалIу	хьибилал1у		attested,palochka	AA2019
POSTP	цIцIалачIу	цIцIалачIу		attested	AA2019
POSTP	цIцIалачIу	цӀцӀалачӀу		attested,palochka	AA2019
POSTP	цIцIалачIу	цӏцӏалачӏу		attested,palochka	AA2019
POSTP	цIцIалачIу	ц1ц1алач1у		attested,palochka	AA2019
PTCL	абабай	абабай		attested	AA2019
PTCL	ай	ай		attested	AA2019; SA2012
PTCL	анхвахоб	анхвахоб		attested	SA2012
PTCL	ахирла	ахирла		attested	SA2012
PTCL	бешта	вешта	m	class_var	AA2019
PTCL	бешта	йешта	f	class_var	AA2019
PTCL	бешта	бешта	n	class_var	AA2019
PTCL	бешта	решта	an.pl	class_var	AA2019
PTCL	букIалла	вукIалла	m	class_var	AA2019
PTCL	букIалла	вукӀалла	m	class_var,palochka	AA2019
PTCL	букIалла	вукӏалла	m	class_var,palochka	AA2019
PTCL	букIалла	вук1алла	m	class_var,palochka	AA2019
PTCL	букIалла	йукIалла	f	class_var	AA2019
PTCL	букIалла	йукӀалла	f	class_var,palochka	AA2019
PTCL	букIалла	йукӏалла	f	class_var,palochka	AA2019
PTCL	букIалла	йук1алла	f	class_var,palochka	AA2019
PTCL	букIалла	букIалла	n	class_var	AA2019
PTCL	букIалла	букӀалла	n	class_var,palochka	AA2019
PTCL	букIалла	букӏалла	n	class_var,palochka	AA2019
PTCL	букIалла	бук1алла	n	class_var,palochka	AA2019
PTCL	букIалла	рукIалла	an.pl	class_var	AA2019
PTCL	букIалла	рукӀалла	an.pl	class_var,palochka	AA2019
PTCL	букIалла	рукӏалла	an.pl	class_var,palochka	AA2019
PTCL	букIалла	рук1алла	an.pl	class_var,palochka	AA2019
PTCL	батIада	батIада		attested	AA2019
PTCL	батIада	батӀада		attested,palochka	AA2019
PTCL	батIада	батӏада		attested,palochka	AA2019
PTCL	батIада	бат1ада		attested,palochka	AA2019
PTCL	бегьа	бегьа		attested	AA2019
PTCL	бегье	бегье		attested	AA2019; SA2012
PTCL	бегьевчIи	бегьевчIи		attested	SA2012
PTCL	бегьевчIи	бегьевчӀи		attested,palochka	SA2012
PTCL	бегьевчIи	бегьевчӏи		attested,palochka	SA2012
PTCL	бегьевчIи	бегьевч1и		attested,palochka	SA2012
PTCL	бегьерхи	бегьерхи		attested	AA2019
PTCL	бегьикIаб	бегьикIаб		attested	AA2019
PTCL	бегьикIаб	бегьикӀаб		attested,palochka	AA2019
PTCL	бегьикIаб	бегьикӏаб		attested,palochka	AA2019
PTCL	бегьикIаб	бегьик1аб		attested,palochka	AA2019
PTCL	варе	варе		attested	SA2012
PTCL	варе	варехха		variant	SA2012
PTCL	варе	ворехха		variant	SA2012
PTCL	гIаш	гIаш		attested	AA2019
PTCL	гIаш	гӀаш		attested,palochka	AA2019
PTCL	гIаш	гӏаш		attested,palochka	AA2019
PTCL	гIаш	г1аш		attested,palochka	AA2019
PTCL	габегье	гавегье	m	class_var	SA2012
PTCL	габегье	гайегье	f	class_var	SA2012
PTCL	габегье	габегье	n	class_var	SA2012
PTCL	габегье	гарегье	an.pl	class_var	SA2012
PTCL	гучIаб	гучIав	m	class_var	SA2012
PTCL	гучIаб	гучӀав	m	class_var,palochka	SA2012
PTCL	гучIаб	гучӏав	m	class_var,palochka	SA2012
PTCL	гучIаб	гуч1ав	m	class_var,palochka	SA2012
PTCL	гучIаб	гучIай	f	class_var	SA2012
PTCL	гучIаб	гучӀай	f	class_var,palochka	SA2012
PTCL	гучIаб	гучӏай	f	class_var,palochka	SA2012
PTCL	гучIаб	гуч1ай	f	class_var,palochka	SA2012
PTCL	гучIаб	гучIаб	n	class_var	SA2012
PTCL	гучIаб	гучӀаб	n	class_var,palochka	SA2012
PTCL	гучIаб	гучӏаб	n	class_var,palochka	SA2012
PTCL	гучIаб	гуч1аб	n	class_var,palochka	SA2012
PTCL	гучIаб	гучIал	an.pl	class_var	SA2012
PTCL	гучIаб	гучӀал	an.pl	class_var,palochka	SA2012
PTCL	гучIаб	гучӏал	an.pl	class_var,palochka	SA2012
PTCL	гучIаб	гуч1ал	an.pl	class_var,palochka	SA2012
PTCL	гучIи	гучIи		attested	AA2019; SA2012
PTCL	гучIи	гучӀи		attested,palochka	AA2019; SA2012
PTCL	гучIи	гучӏи		attested,palochka	AA2019; SA2012
PTCL	гучIи	гуч1и		attested,palochka	AA2019; SA2012
PTCL	гъарим	гъарим		attested	SA2012
PTCL	гьаᴴ	гьаᴴ		attested	SA2012
PTCL	гьаᴴ	гьан		nasal_n	SA2012
PTCL	гьаб	гьаб		attested	AA2019
PTCL	гьабегьекIа	гьабегьекIа		attested	SA2012
PTCL	гьабегьекIа	гьабегьекӀа		attested,palochka	SA2012
PTCL	гьабегьекIа	гьабегьекӏа		attested,palochka	SA2012
PTCL	гьабегьекIа	гьабегьек1а		attested,palochka	SA2012
PTCL	гьабуй	гьабуй		attested	AA2019
PTCL	гьай-гьай	гьай-гьай		attested	SA2012
PTCL	гьакьуй	гьакьуй		attested	AA2019
PTCL	гьалада	гьалада		attested	SA2012
PTCL	гьицIцIида	гьицIцIида		attested	AA2019
PTCL	гьицIцIида	гьицӀцӀида		attested,palochka	AA2019
PTCL	гьицIцIида	гьицӏцӏида		attested,palochka	AA2019
PTCL	гьицIцIида	гьиц1ц1ида		attested,palochka	AA2019
PTCL	гьоголълъа	гьоголълъа		attested	SA2012
PTCL	гьубегье	гьувегье	m	class_var	SA2012
PTCL	гьубегье	гьуйегье	f	class_var	SA2012
PTCL	гьубегье	гьубегье	n	class_var	SA2012
PTCL	гьубегье	гьурегье	an.pl	class_var	SA2012
PTCL	гьубегье	гьубегье		attested	SA2012
PTCL	гьубигье	гьубигье		attested	AA2019
PTCL	гьулавучIа	гьулавучIа		attested	AA2019
PTCL	гьулавучIа	гьулавучӀа		attested,palochka	AA2019
PTCL	гьулавучIа	гьулавучӏа		attested,palochka	AA2019
PTCL	гьулавучIа	гьулавуч1а		attested,palochka	AA2019
PTCL	гьуштубццуб	гьуштубццуб		attested	SA2012
PTCL	дже	дже		attested	SA2012
PTCL	ида	ида		attested	AA2019
PTCL	идахобццуб	идахобццуб		attested	AA2019
PTCL	инла-букIала	инла-букIала		attested	AA2019
PTCL	инла-букIала	инла-букӀала		attested,palochka	AA2019
PTCL	инла-букIала	инла-букӏала		attested,palochka	AA2019
PTCL	инла-букIала	инла-бук1ала		attested,palochka	AA2019
PTCL	инлабукIалала	инлабукIалала		attested	SA2012
PTCL	инлабукIалала	инлабукӀалала		attested,palochka	SA2012
PTCL	инлабукIалала	инлабукӏалала		attested,palochka	SA2012
PTCL	инлабукIалала	инлабук1алала		attested,palochka	SA2012
PTCL	инлълъи	инлълъи		attested	AA2019
PTCL	йа	йа		attested	SA2012
PTCL	йо	йо		attested	SA2012
PTCL	кIобццув	кIобццув		attested	AA2019
PTCL	кIобццув	кӀобццув		attested,palochka	AA2019
PTCL	кIобццув	кӏобццув		attested,palochka	AA2019
PTCL	кIобццув	к1обццув		attested,palochka	AA2019
PTCL	канишна	канишна		attested	AA2019
PTCL	ма	ма		attested	AA2019
PTCL	масала	масала		attested	SA2012
PTCL	махи	махи		attested	AA2019
PTCL	мисикIаб	мисикIаб		attested	AA2019
PTCL	мисикIаб	мисикӀаб		attested,palochka	AA2019
PTCL	мисикIаб	мисикӏаб		attested,palochka	AA2019
PTCL	мисикIаб	мисик1аб		attested,palochka	AA2019
PTCL	рази	рази		attested	AA2019
PTCL	талу	талу		attested	AA2019
PTCL	уᴴ	уᴴ		attested	SA2012
PTCL	уᴴ	ун		nasal_n	SA2012
PTCL	уᴴхолихха	уᴴхолихха		attested	AA2019
PTCL	уᴴхолихха	унхолихха		nasal_n	AA2019
PTCL	унжу	унгужу		variant	SA2012
PTCL	унджу	унджу		attested	AA2019
PTCL	унжу	унжу		attested	SA2012
PTCL	унжума	унжума		attested	SA2012
PTCL	хIассил	хIассил		attested	SA2012
PTCL	хIассил	хӀассил		attested,palochka	SA2012
PTCL	хIассил	хӏассил		attested,palochka	SA2012
PTCL	хIассил	х1ассил		attested,palochka	SA2012
PTCL	хвалла	хвалла		attested	AA2019
PTCL	хъиди	хъиди		attested	AA2019
PTCL	цеби	цеби		attested	AA2019
PTCL	цебхумала	цебхумала		attested	AA2019
CONJ	амма	амма		attested	AA2019; SA2012
CONJ	бкIахвала	вкIахвала	m	class_var	AA2019
CONJ	бкIахвала	вкӀахвала	m	class_var,palochka	AA2019
CONJ	бкIахвала	вкӏахвала	m	class_var,palochka	AA2019
CONJ	бкIахвала	вк1ахвала	m	class_var,palochka	AA2019
CONJ	бкIахвала	йкIахвала	f	class_var	AA2019
CONJ	бкIахвала	йкӀахвала	f	class_var,palochka	AA2019
CONJ	бкIахвала	йкӏахвала	f	class_var,palochka	AA2019
CONJ	бкIахвала	йк1ахвала	f	class_var,palochka	AA2019
CONJ	бкIахвала	бкIахвала	n	class_var	AA2019
CONJ	бкIахвала	бкӀахвала	n	class_var,palochka	AA2019
CONJ	бкIахвала	бкӏахвала	n	class_var,palochka	AA2019
CONJ	бкIахвала	бк1ахвала	n	class_var,palochka	AA2019
CONJ	бкIахвала	ркIахвала	an.pl	class_var	AA2019
CONJ	бкIахвала	ркӀахвала	an.pl	class_var,palochka	AA2019
CONJ	бкIахвала	ркӏахвала	an.pl	class_var,palochka	AA2019
CONJ	бкIахвала	рк1ахвала	an.pl	class_var,palochka	AA2019
CONJ	букIалла	вукIалла	m	class_var	AA2019
CONJ	букIалла	вукӀалла	m	class_var,palochka	AA2019
CONJ	букIалла	вукӏалла	m	class_var,palochka	AA2019
CONJ	букIалла	вук1алла	m	class_var,palochka	AA2019
CONJ	букIалла	йукIалла	f	class_var	AA2019
CONJ	букIалла	йукӀалла	f	class_var,palochka	AA2019
CONJ	букIалла	йукӏалла	f	class_var,palochka	AA2019
CONJ	букIалла	йук1алла	f	class_var,palochka	AA2019
CONJ	букIалла	букIалла	n	class_var	AA2019
CONJ	букIалла	букӀалла	n	class_var,palochka	AA2019
CONJ	букIалла	букӏалла	n	class_var,palochka	AA2019
CONJ	букIалла	бук1алла	n	class_var,palochka	AA2019
CONJ	букIалла	рукIалла	an.pl	class_var	AA2019
CONJ	букIалла	рукӀалла	an.pl	class_var,palochka	AA2019
CONJ	букIалла	рукӏалла	an.pl	class_var,palochka	AA2019
CONJ	букIалла	рук1алла	an.pl	class_var,palochka	AA2019
CONJ	виᴴнсара	виᴴнсара		attested	AA2019
CONJ	виᴴнсара	виннсара		nasal_n	AA2019
CONJ	гьаᴴ	гьаᴴ		attested	SA2012
CONJ	гьаᴴ	гьан		nasal_n	SA2012
CONJ	гьуларду	гьуларду		attested	SA2012
CONJ	добегье	довегье	m	class_var	SA2012
CONJ	добегье	дойегье	f	class_var	SA2012
CONJ	добегье	добегье	n	class_var	SA2012
CONJ	добегье	дорегье	an.pl	class_var	SA2012
CONJ	инла	инла		attested	SA2012
CONJ	инла	инлала		variant	SA2012
CONJ	йа	йа		attested	AA2019; SA2012
CONJ	йаги	йаги		attested	SA2012
CONJ	йалъуни	йалъуни		attested	AA2019
CONJ	кIобццуб	кIобццуб		attested	AA2019
CONJ	кIобццуб	кӀобццуб		attested,palochka	AA2019
CONJ	кIобццуб	кӏобццуб		attested,palochka	AA2019
CONJ	кIобццуб	к1обццуб		attested,palochka	AA2019
CONJ	но	но		attested	SA2012
CONJ	хIаᴴй	хIаᴴй		attested	SA2012
CONJ	хIаᴴй	хӀаᴴй		attested,palochka	SA2012
CONJ	хIаᴴй	хӏаᴴй		attested,palochka	SA2012
CONJ	хIаᴴй	х1аᴴй		attested,palochka	SA2012
CONJ	хIаᴴй	хIанй		nasal_n	SA2012
CONJ	хIаᴴй	хӀанй		nasal_n,palochka	SA2012
CONJ	хIаᴴй	хӏанй		nasal_n,palochka	SA2012
CONJ	хIаᴴй	х1анй		nasal_n,palochka	SA2012
CONJ	цебкIвала	цебкIвала		attested	SA2012
CONJ	цебкIвала	цебкӀвала		attested,palochka	SA2012
CONJ	цебкIвала	цебкӏвала		attested,palochka	SA2012
CONJ	цебкIвала	цебк1вала		attested,palochka	SA2012
CONJ	эб	эб		attested	AA2019
CONJ	эбхвала	эбхвала		attested	SA2012
CONJ	эбхула	эбхула		attested	AA2019; SA2012
CONJ	эбхула	эхула		variant	SA2012
INTJ	ахх	ахх		attested	SA2012
INTJ	агьо-агьа	агьо-агьа		attested	AA2019
INTJ	алалай	алалай		attested	SA2012
INTJ	аман	аман		attested	SA2012
INTJ	аманаллагь	аманаллагь		attested	SA2012
INTJ	амин	амин		attested	AA2019; SA2012
INTJ	ассаламгIалайкум	ассаламгIалайкум		attested	SA2012
INTJ	ассаламгIалайкум	ассаламгӀалайкум		attested,palochka	SA2012
INTJ	ассаламгIалайкум	ассаламгӏалайкум		attested,palochka	SA2012
INTJ	ассаламгIалайкум	ассаламг1алайкум		attested,palochka	SA2012
INTJ	астагъпируллагь	астагъпируллагь		attested	SA2012
INTJ	белIи	велIи	m	class_var	SA2012
INTJ	белIи	велӀи	m	class_var,palochka	SA2012
INTJ	белIи	велӏи	m	class_var,palochka	SA2012
INTJ	белIи	вел1и	m	class_var,palochka	SA2012
INTJ	белIи	йелIи	f	class_var	SA2012
INTJ	белIи	йелӀи	f	class_var,palochka	SA2012
INTJ	белIи	йелӏи	f	class_var,palochka	SA2012
INTJ	белIи	йел1и	f	class_var,palochka	SA2012
INTJ	белIи	белIи	n	class_var	SA2012
INTJ	белIи	белӀи	n	class_var,palochka	SA2012
INTJ	белIи	белӏи	n	class_var,palochka	SA2012
INTJ	белIи	бел1и	n	class_var,palochka	SA2012
INTJ	белIи	релIи	an.pl	class_var	SA2012
INTJ	белIи	релӀи	an.pl	class_var,palochka	SA2012
INTJ	белIи	релӏи	an.pl	class_var,palochka	SA2012
INTJ	белIи	рел1и	an.pl	class_var,palochka	SA2012
INTJ	белIи	вулIи	m	class_var	SA2012
INTJ	белIи	вулӀи	m	class_var,palochka	SA2012
INTJ	белIи	вулӏи	m	class_var,palochka	SA2012
INTJ	белIи	вул1и	m	class_var,palochka	SA2012
INTJ	белIи	йулIи	f	class_var	SA2012
INTJ	белIи	йулӀи	f	class_var,palochka	SA2012
INTJ	белIи	йулӏи	f	class_var,palochka	SA2012
INTJ	белIи	йул1и	f	class_var,palochka	SA2012
INTJ	белIи	булIи	n	class_var	SA2012
INTJ	белIи	булӀи	n	class_var,palochka	SA2012
INTJ	белIи	булӏи	n	class_var,palochka	SA2012
INTJ	белIи	бул1и	n	class_var,palochka	SA2012
INTJ	белIи	рулIи	an.pl	class_var	SA2012
INTJ	белIи	рулӀи	an.pl	class_var,palochka	SA2012
INTJ	белIи	рулӏи	an.pl	class_var,palochka	SA2012
INTJ	белIи	рул1и	an.pl	class_var,palochka	SA2012
INTJ	барка	барка		attested	SA2012
INTJ	баркалла	баркалла		attested	SA2012
INTJ	бегъу	бегъу		attested	SA2012
INTJ	вишади	вишади	m	class_var	SA2012
INTJ	вишади	йишади	f	class_var	SA2012
INTJ	вишади	бишади	n	class_var	SA2012
INTJ	вишади	ришади	an.pl	class_var	SA2012
INTJ	ворчIами	ворчIами	m	class_var	SA2012
INTJ	ворчIами	ворчӀами	m	class_var,palochka	SA2012
INTJ	ворчIами	ворчӏами	m	class_var,palochka	SA2012
INTJ	ворчIами	ворч1ами	m	class_var,palochka	SA2012
INTJ	ворчIами	йорчIами	f	class_var	SA2012
INTJ	ворчIами	йорчӀами	f	class_var,palochka	SA2012
INTJ	ворчIами	йорчӏами	f	class_var,palochka	SA2012
INTJ	ворчIами	йорч1ами	f	class_var,palochka	SA2012
INTJ	ворчIами	борчIами	n	class_var	SA2012
INTJ	ворчIами	борчӀами	n	class_var,palochka	SA2012
INTJ	ворчIами	борчӏами	n	class_var,palochka	SA2012
INTJ	ворчIами	борч1ами	n	class_var,palochka	SA2012
INTJ	ворчIами	рорчIами	an.pl	class_var	SA2012
INTJ	ворчIами	рорчӀами	an.pl	class_var,palochka	SA2012
INTJ	ворчIами	рорчӏами	an.pl	class_var,palochka	SA2012
INTJ	ворчIами	рорч1ами	an.pl	class_var,palochka	SA2012
INTJ	ворчIохъами	ворчIохъами	m	class_var	AA2019
INTJ	ворчIохъами	ворчӀохъами	m	class_var,palochka	AA2019
INTJ	ворчIохъами	ворчӏохъами	m	class_var,palochka	AA2019
INTJ	ворчIохъами	ворч1охъами	m	class_var,palochka	AA2019
INTJ	ворчIохъами	йорчIохъами	f	class_var	AA2019
INTJ	ворчIохъами	йорчӀохъами	f	class_var,palochka	AA2019
INTJ	ворчIохъами	йорчӏохъами	f	class_var,palochka	AA2019
INTJ	ворчIохъами	йорч1охъами	f	class_var,palochka	AA2019
INTJ	ворчIохъами	борчIохъами	n	class_var	AA2019
INTJ	ворчIохъами	борчӀохъами	n	class_var,palochka	AA2019
INTJ	ворчIохъами	борчӏохъами	n	class_var,palochka	AA2019
INTJ	ворчIохъами	борч1охъами	n	class_var,palochka	AA2019
INTJ	ворчIохъами	рорчIохъами	an.pl	class_var	AA2019
INTJ	ворчIохъами	рорчӀохъами	an.pl	class_var,palochka	AA2019
INTJ	ворчIохъами	рорчӏохъами	an.pl	class_var,palochka	AA2019
INTJ	ворчIохъами	рорч1охъами	an.pl	class_var,palochka	AA2019
INTJ	ворчIохъами	ворчIовахъами	m	class_var	AA2019
INTJ	ворчIохъами	ворчӀовахъами	m	class_var,palochka	AA2019
INTJ	ворчIохъами	ворчӏовахъами	m	class_var,palochka	AA2019
INTJ	ворчIохъами	ворч1овахъами	m	class_var,palochka	AA2019
INTJ	ворчIохъами	йорчIовахъами	f	class_var	AA2019
INTJ	ворчIохъами	йорчӀовахъами	f	class_var,palochka	AA2019
INTJ	ворчIохъами	йорчӏовахъами	f	class_var,palochka	AA2019
INTJ	ворчIохъами	йорч1овахъами	f	class_var,palochka	AA2019
INTJ	ворчIохъами	борчIовахъами	n	class_var	AA2019
INTJ	ворчIохъами	борчӀовахъами	n	class_var,palochka	AA2019
INTJ	ворчIохъами	борчӏовахъами	n	class_var,palochka	AA2019
INTJ	ворчIохъами	борч1овахъами	n	class_var,palochka	AA2019
INTJ	ворчIохъами	рорчIовахъами	an.pl	class_var	AA2019
INTJ	ворчIохъами	рорчӀовахъами	an.pl	class_var,palochka	AA2019
INTJ	ворчIохъами	рорчӏовахъами	an.pl	class_var,palochka	AA2019
INTJ	ворчIохъами	рорч1овахъами	an.pl	class_var,palochka	AA2019
INTJ	ва	ва		attested	SA2012
INTJ	ваᴴгьи	ваᴴгьи		attested	AA2019; SA2012
INTJ	ваᴴгьи	вангьи		nasal_n	AA2019; SA2012
INTJ	вабабай	вабабай		attested	SA2012
INTJ	вабабайи	вабабайи		attested	SA2012
INTJ	вабиллагь	вабиллагь		attested	SA2012
INTJ	вагIалайкум-ссалам	вагIалайкум-ссалам		attested	SA2012
INTJ	вагIалайкум-ссалам	вагӀалайкум-ссалам		attested,palochka	SA2012
INTJ	вагIалайкум-ссалам	вагӏалайкум-ссалам		attested,palochka	SA2012
INTJ	вагIалайкум-ссалам	ваг1алайкум-ссалам		attested,palochka	SA2012
INTJ	ваддаддай	ваддаддай		attested	SA2012
INTJ	вай	вай		attested	AA2019; SA2012
INTJ	вай-вай	вай-вай		attested	SA2012
INTJ	вай-вай-вай	вай-вай-вай		attested	SA2012
INTJ	вайи	вайи		attested	SA2012
INTJ	валагьи-билагьи	валагьи-билагьи		attested	AA2019
INTJ	валалай	валалай		attested	SA2012
INTJ	валла-билла	валла-билла		attested	SA2012
INTJ	валлагьи	валлагьи		attested	SA2012
INTJ	валлалай	валлалай		attested	SA2012
INTJ	варе	варе		attested	SA2012
INTJ	варе	варехха		variant	SA2012
INTJ	варе	ворехха		variant	SA2012
INTJ	вахI	вахI		attested	AA2019
INTJ	вахI	вахӀ		attested,palochka	AA2019
INTJ	вахI	вахӏ		attested,palochka	AA2019
INTJ	вахI	вах1		attested,palochka	AA2019
INTJ	велълъи	велълъи		attested	AA2019
INTJ	во	во		attested	SA2012
INTJ	вой	вой		attested	SA2012
INTJ	вой	вей		variant	SA2012
INTJ	гIав	гIав		attested	SA2012
INTJ	гIав	гӀав		attested,palochka	SA2012
INTJ	гIав	гӏав		attested,palochka	SA2012
INTJ	гIав	г1ав		attested,palochka	SA2012
INTJ	гIазаналлагь	гIазаналлагь		attested	SA2012
INTJ	гIазаналлагь	гӀазаналлагь		attested,palochka	SA2012
INTJ	гIазаналлагь	гӏазаналлагь		attested,palochka	SA2012
INTJ	гIазаналлагь	г1азаналлагь		attested,palochka	SA2012
INTJ	гIай	гIай		attested	AA2019; SA2012
INTJ	гIай	гӀай		attested,palochka	AA2019; SA2012
INTJ	гIай	гӏай		attested,palochka	AA2019; SA2012
INTJ	гIай	г1ай		attested,palochka	AA2019; SA2012
INTJ	гIап-гIап	гIап-гIап		attested	SA2012
INTJ	гIап-гIап	гӀап-гӀап		attested,palochka	SA2012
INTJ	гIап-гIап	гӏап-гӏап		attested,palochka	SA2012
INTJ	гIап-гIап	г1ап-г1ап		attested,palochka	SA2012
INTJ	гва	гва		attested	AA2019
INTJ	гири-гири	гири-гири		attested	SA2012
INTJ	гиригири	гиригири		attested	AA2019
INTJ	гуцуцу-гвагь	гуцуцу-гвагь		attested	SA2012
INTJ	гъваба	гъваба		attested	AA2019
INTJ	гьаᴴгьа	гьаᴴгьа		attested	SA2012
INTJ	гьаᴴгьа	гьангьа		nasal_n	SA2012
INTJ	гьабущоги	гьабущоги		attested	AA2019
INTJ	гьай	гьай		attested	AA2019; SA2012
INTJ	гьайцу	гьайцу		attested	AA2019
INTJ	гьизо	гьизо		attested	AA2019
INTJ	гьизо-чва	гьизо-чва		attested	AA2019
INTJ	гьизоку	гьизоку		attested	AA2019
INTJ	гьойцу	гьойцу		attested	SA2012
INTJ	гьуйц-гьуйц	гьуйц-гьуйц		attested	SA2012
INTJ	гьуц	гьуц		attested	AA2019; SA2012
INTJ	гьуц-гьуц	гьуц-гьуц		attested	SA2012
INTJ	дваргъ	дваргъ		attested	AA2019
INTJ	дучичи	дучичи		attested	AA2019
INTJ	загьруман	загьруман		attested	SA2012
INTJ	зин	зин		attested	SA2012
INTJ	куш	куш		attested	AA2019
INTJ	кущуку	кущуку		attested	AA2019
INTJ	къощ	къощ		attested	SA2012
INTJ	къощику	къощику		attested	AA2019
INTJ	къощуку-къощуку	къощуку-къощуку		attested	SA2012
INTJ	ле	ле		attested	AA2019; SA2012
INTJ	марщ	марщ		attested	SA2012
INTJ	огьогьой	огьогьой		attested	SA2012
INTJ	рорчIарахъами	ворчIарахъами	m	class_var	AA2019
INTJ	рорчIарахъами	ворчӀарахъами	m	class_var,palochka	AA2019
INTJ	рорчIарахъами	ворчӏарахъами	m	class_var,palochka	AA2019
INTJ	рорчIарахъами	ворч1арахъами	m	class_var,palochka	AA2019
INTJ	рорчIарахъами	йорчIарахъами	f	class_var	AA2019
INTJ	рорчIарахъами	йорчӀарахъами	f	class_var,palochka	AA2019
INTJ	рорчIарахъами	йорчӏарахъами	f	class_var,palochka	AA2019
INTJ	рорчIарахъами	йорч1арахъами	f	class_var,palochka	AA2019
INTJ	рорчIарахъами	борчIарахъами	n	class_var	AA2019
INTJ	рорчIарахъами	борчӀарахъами	n	class_var,palochka	AA2019
INTJ	рорчIарахъами	борчӏарахъами	n	class_var,palochka	AA2019
INTJ	рорчIарахъами	борч1арахъами	n	class_var,palochka	AA2019
INTJ	рорчIарахъами	рорчIарахъами	an.pl	class_var	AA2019
INTJ	рорчIарахъами	рорчӀарахъами	an.pl	class_var,palochka	AA2019
INTJ	рорчIарахъами	рорчӏарахъами	an.pl	class_var,palochka	AA2019
INTJ	рорчIарахъами	рорч1арахъами	an.pl	class_var,palochka	AA2019
INTJ	субхIаналлагьи	субхIаналлагьи		attested	SA2012
INTJ	субхIаналлагьи	субхӀаналлагьи		attested,palochka	SA2012
INTJ	субхIаналлагьи	субхӏаналлагьи		attested,palochka	SA2012
INTJ	субхIаналлагьи	субх1аналлагьи		attested,palochka	SA2012
INTJ	унджума	унджума		attested	AA2019
INTJ	унсуку-унсуку	унсуку-унсуку		attested	SA2012
INTJ	хIаᴴй	хIаᴴй		attested	AA2019
INTJ	хIаᴴй	хӀаᴴй		attested,palochka	AA2019
INTJ	хIаᴴй	хӏаᴴй		attested,palochka	AA2019
INTJ	хIаᴴй	х1аᴴй		attested,palochka	AA2019
INTJ	хIаᴴй	хIанй		nasal_n	AA2019
INTJ	хIаᴴй	хӀанй		nasal_n,palochka	AA2019
INTJ	хIаᴴй	хӏанй		nasal_n,palochka	AA2019
INTJ	хIаᴴй	х1анй		nasal_n,palochka	AA2019
INTJ	хIалчIахъайаб	хIалчIахъайав	m	class_var	SA2012
INTJ	хIалчIахъайаб	хӀалчӀахъайав	m	class_var,palochka	SA2012
INTJ	хIалчIахъайаб	хӏалчӏахъайав	m	class_var,palochka	SA2012
INTJ	хIалчIахъайаб	х1алч1ахъайав	m	class_var,palochka	SA2012
INTJ	хIалчIахъайаб	хIалчIахъайай	f	class_var	SA2012
INTJ	хIалчIахъайаб	хӀалчӀахъайай	f	class_var,palochka	SA2012
INTJ	хIалчIахъайаб	хӏалчӏахъайай	f	class_var,palochka	SA2012
INTJ	хIалчIахъайаб	х1алч1ахъайай	f	class_var,palochka	SA2012
INTJ	хIалчIахъайаб	хIалчIахъайаб	n	class_var	SA2012
INTJ	хIалчIахъайаб	хӀалчӀахъайаб	n	class_var,palochka	SA2012
INTJ	хIалчIахъайаб	хӏалчӏахъайаб	n	class_var,palochka	SA2012
INTJ	хIалчIахъайаб	х1алч1ахъайаб	n	class_var,palochka	SA2012
INTJ	хIалчIахъайаб	хIалчIахъайал	an.pl	class_var	SA2012
INTJ	хIалчIахъайаб	хӀалчӀахъайал	an.pl	class_var,palochka	SA2012
INTJ	хIалчIахъайаб	хӏалчӏахъайал	an.pl	class_var,palochka	SA2012
INTJ	хIалчIахъайаб	х1алч1ахъайал	an.pl	class_var,palochka	SA2012
INTJ	хIапи	хIапи		attested	SA2012
INTJ	хIапи	хӀапи		attested,palochka	SA2012
INTJ	хIапи	хӏапи		attested,palochka	SA2012
INTJ	хIапи	х1апи		attested,palochka	SA2012
INTJ	хъацици-хъацици	хъацици-хъацици		attested	SA2012
INTJ	хьуболи	хьуболи		attested	SA2012
INTJ	хьурибе	хьурибе		attested	AA2019
INTJ	ццит	ццит		attested	AA2019; SA2012
INTJ	ццит	ццита		variant	SA2012
INTJ	чIахъибе	чIахъибе		attested	SA2012
INTJ	чIахъибе	чӀахъибе		attested,palochka	SA2012
INTJ	чIахъибе	чӏахъибе		attested,palochka	SA2012
INTJ	чIахъибе	ч1ахъибе		attested,palochka	SA2012
INTJ	ччита	ччита		attested	SA2012
INTJ	ччита	ччит		variant	SA2012
INTJ	ччш-ччш	ччш-ччш		attested	SA2012
INTJ	щерадибе	щерадибе		attested	SA2012
INTJ	эббулIала	эббулIала		attested	AA2019
INTJ	эббулIала	эббулӀала		attested,palochka	AA2019
INTJ	эббулIала	эббулӏала		attested,palochka	AA2019
INTJ	эббулIала	эббул1ала		attested,palochka	AA2019
INTJ	эбигьалала	эбигьалала		attested	SA2012
ONOM	бегIеъе	бегIеъе		attested	SA2012
ONOM	бегIеъе	бегӀеъе		attested,palochka	SA2012
ONOM	бегIеъе	бегӏеъе		attested,palochka	SA2012
ONOM	бегIеъе	бег1еъе		attested,palochka	SA2012
ONOM	гуггу	гуггу		attested	SA2012
ONOM	гъвар-гъвари	гъвар-гъвари		attested	SA2012
ONOM	гъваххилъи	гъваххилъи		attested	SA2012
ONOM	гъугъуй	гъугъуй		attested	SA2012
ONOM	двампи	двампи		attested	SA2012
ONOM	дванки	дванки		attested	SA2012
ONOM	двар-двари	двар-двари		attested	SA2012
ONOM	дваргъи	дваргъи		attested	SA2012
ONOM	джвархъи	джвархъи		attested	SA2012
ONOM	зварххи	зварххи		attested	SA2012
ONOM	кIиркIири	кIиркIири		attested	SA2012
ONOM	кIиркIири	кӀиркӀири		attested,palochka	SA2012
ONOM	кIиркIири	кӏиркӏири		attested,palochka	SA2012
ONOM	кIиркIири	к1ирк1ири		attested,palochka	SA2012
ONOM	къва-къва	къва-къва		attested	SA2012
ONOM	кьиркьири	кьиркьири		attested	SA2012
ONOM	лълъибкIи	лълъибкIи		attested	SA2012
ONOM	лълъибкIи	лълъибкӀи		attested,palochka	SA2012
ONOM	лълъибкIи	лълъибкӏи		attested,palochka	SA2012
ONOM	лълъибкIи	лълъибк1и		attested,palochka	SA2012
ONOM	пархх	пархх		attested	SA2012
ONOM	тIвапи	тIвапи		attested	SA2012
ONOM	тIвапи	тӀвапи		attested,palochka	SA2012
ONOM	тIвапи	тӏвапи		attested,palochka	SA2012
ONOM	тIвапи	т1вапи		attested,palochka	SA2012
ONOM	умма	умма		attested	SA2012
ONOM	хIап-хIапи	хIап-хIапи		attested	SA2012
ONOM	хIап-хIапи	хӀап-хӀапи		attested,palochka	SA2012
ONOM	хIап-хIапи	хӏап-хӏапи		attested,palochka	SA2012
ONOM	хIап-хIапи	х1ап-х1апи		attested,palochka	SA2012
ONOM	хъвархьи	хъвархьи		attested	SA2012
ONOM	чIабкIи	чIабкIи		attested	SA2012
ONOM	чIабкIи	чӀабкӀи		attested,palochka	SA2012
ONOM	чIабкIи	чӏабкӏи		attested,palochka	SA2012
ONOM	чIабкIи	ч1абк1и		attested,palochka	SA2012
ONOM	чIакIи-чIикIи	чIакIи-чIикIи		attested	SA2012
ONOM	чIакIи-чIикIи	чӀакӀи-чӀикӀи		attested,palochka	SA2012
ONOM	чIакIи-чIикIи	чӏакӏи-чӏикӏи		attested,palochka	SA2012
ONOM	чIакIи-чIикIи	ч1ак1и-ч1ик1и		attested,palochka	SA2012
ONOM	чIчIварххи	чIчIварххи		attested	SA2012
ONOM	чIчIварххи	чӀчӀварххи		attested,palochka	SA2012
ONOM	чIчIварххи	чӏчӏварххи		attested,palochka	SA2012
ONOM	чIчIварххи	ч1ч1варххи		attested,palochka	SA2012
ONOM	чIчIинтIи	чIчIинтIи		attested	SA2012
ONOM	чIчIинтIи	чӀчӀинтӀи		attested,palochka	SA2012
ONOM	чIчIинтIи	чӏчӏинтӏи		attested,palochka	SA2012
ONOM	чIчIинтIи	ч1ч1инт1и		attested,palochka	SA2012
ONOM	чванки-чинки	чванки-чинки		attested	SA2012
ONOM	чвар-чвари	чвар-чвари		attested	SA2012
ADV	бекьа	бекьа		manual	manual
ADV	мискинго	мискинго		manual	manual
ADV	тIопбда	тIопбда		manual	manual
ADV	тIопбда	тӀопбда		manual,palochka	manual
ADV	тIопбда	тӏопбда		manual,palochka	manual
ADV	тIопбда	т1опбда		manual,palochka	manual
ADV	гьакьусса	гьакьусса		manual	manual
ADV	гьеал	гьеал		manual	manual
ADV	кьвани	кьвани		manual	manual
ADV	ссаламатго	ссаламатго		manual	manual
ADV	гьикьику	гьикьиру		manual	manual
ADV	къенулъи	къенулъи		manual	manual
ADV	учуз	учуз		manual	manual
ADV	къарзи	къарзи		manual	manual
INTJ	огь	огь		manual	manual
INTJ	варе	воре		manual	manual
INTJ	ле	ве		manual	manual
INTJ	ччита	чита		manual	manual
INTJ	вабиллагь	вабилагь		manual	manual
INTJ	гьан-гьан	гьан-гьан		manual	manual
INTJ	вай-вай	вай-вайи		manual	manual
ADV	аду	аду		manual	manual
ADV	уду	уду		manual	manual
ADV	хIай	хIай		manual	manual
ADV	хIай	хӀай		manual,palochka	manual
ADV	хIай	хӏай		manual,palochka	manual
ADV	хIай	х1ай		manual,palochka	manual
ADV	ина-ина	ина-ина		manual	manual
ADV	гьеру	гьеру		manual	manual
ADV	гьечIиссеа	гьечIиссеъа		manual	manual
ADV	гьечIиссеа	гьечӀиссеъа		manual,palochka	manual
ADV	гьечIиссеа	гьечӏиссеъа		manual,palochka	manual
ADV	гьечIиссеа	гьеч1иссеъа		manual,palochka	manual
ADV	инда	иннда		manual	manual
ADV	йинсикIай	йинсикIай	f	manual	manual
ADV	йинсикIай	йинсикӀай	f	manual,palochka	manual
ADV	йинсикIай	йинсикӏай	f	manual,palochka	manual
ADV	йинсикIай	йинсик1ай	f	manual,palochka	manual
ADV	валла	валла		manual	manual
PTCL	гьабегье	гьабегье		manual	manual
